Copyright 1986-2018 Xilinx, Inc. All Rights Reserved.
-----------------------------------------------------------------------------------------------------------------------------------------------------------------------
| Tool Version : Vivado v.2018.2 (win64) Build 2258646 Thu Jun 14 20:03:12 MDT 2018
| Date         : Sat Nov  8 19:12:02 2025
| Host         : vetri-laptop running 64-bit major release  (build 9200)
| Command      : report_methodology -file Top_Student_methodology_drc_routed.rpt -pb Top_Student_methodology_drc_routed.pb -rpx Top_Student_methodology_drc_routed.rpx
| Design       : Top_Student
| Device       : xc7a35tcpg236-1
| Speed File   : -1
| Design State : Routed
-----------------------------------------------------------------------------------------------------------------------------------------------------------------------

Report Methodology

Table of Contents
-----------------
1. REPORT SUMMARY
2. REPORT DETAILS

1. REPORT SUMMARY
-----------------
            Netlist: netlist
          Floorplan: design_1
      Design limits: <entire design considered>
             Max violations: <unlimited>
             Violations found: 1842
+-----------+----------+-------------------------------+------------+
| Rule      | Severity | Description                   | Violations |
+-----------+----------+-------------------------------+------------+
| DPIR-1    | Warning  | Asynchronous driver check     | 576        |
| SYNTH-12  | Warning  | DSP input not registered      | 6          |
| SYNTH-13  | Warning  | combinational multiplier      | 9          |
| TIMING-16 | Warning  | Large setup violation         | 1000       |
| TIMING-17 | Warning  | Non-clocked sequential cell   | 204        |
| TIMING-18 | Warning  | Missing input or output delay | 47         |
+-----------+----------+-------------------------------+------------+

2. REPORT DETAILS
-----------------
DPIR-1#1 Warning
Asynchronous driver check  
DSP vetrimodule/approxmd/linreg_plot/intercept3 input pin vetrimodule/approxmd/linreg_plot/intercept3/A[0] is connected to registers with an asynchronous reset. This is preventing the possibility of merging these registers in to the DSP Block since the DSP block registers only possess synchronous reset capability.  It is suggested to recode or change these registers to remove the reset or use a synchronous reset to get the best optimization for performance, power and area.
Related violations: <none>

DPIR-1#2 Warning
Asynchronous driver check  
DSP vetrimodule/approxmd/linreg_plot/intercept3 input pin vetrimodule/approxmd/linreg_plot/intercept3/A[10] is connected to registers with an asynchronous reset. This is preventing the possibility of merging these registers in to the DSP Block since the DSP block registers only possess synchronous reset capability.  It is suggested to recode or change these registers to remove the reset or use a synchronous reset to get the best optimization for performance, power and area.
Related violations: <none>

DPIR-1#3 Warning
Asynchronous driver check  
DSP vetrimodule/approxmd/linreg_plot/intercept3 input pin vetrimodule/approxmd/linreg_plot/intercept3/A[11] is connected to registers with an asynchronous reset. This is preventing the possibility of merging these registers in to the DSP Block since the DSP block registers only possess synchronous reset capability.  It is suggested to recode or change these registers to remove the reset or use a synchronous reset to get the best optimization for performance, power and area.
Related violations: <none>

DPIR-1#4 Warning
Asynchronous driver check  
DSP vetrimodule/approxmd/linreg_plot/intercept3 input pin vetrimodule/approxmd/linreg_plot/intercept3/A[12] is connected to registers with an asynchronous reset. This is preventing the possibility of merging these registers in to the DSP Block since the DSP block registers only possess synchronous reset capability.  It is suggested to recode or change these registers to remove the reset or use a synchronous reset to get the best optimization for performance, power and area.
Related violations: <none>

DPIR-1#5 Warning
Asynchronous driver check  
DSP vetrimodule/approxmd/linreg_plot/intercept3 input pin vetrimodule/approxmd/linreg_plot/intercept3/A[13] is connected to registers with an asynchronous reset. This is preventing the possibility of merging these registers in to the DSP Block since the DSP block registers only possess synchronous reset capability.  It is suggested to recode or change these registers to remove the reset or use a synchronous reset to get the best optimization for performance, power and area.
Related violations: <none>

DPIR-1#6 Warning
Asynchronous driver check  
DSP vetrimodule/approxmd/linreg_plot/intercept3 input pin vetrimodule/approxmd/linreg_plot/intercept3/A[14] is connected to registers with an asynchronous reset. This is preventing the possibility of merging these registers in to the DSP Block since the DSP block registers only possess synchronous reset capability.  It is suggested to recode or change these registers to remove the reset or use a synchronous reset to get the best optimization for performance, power and area.
Related violations: <none>

DPIR-1#7 Warning
Asynchronous driver check  
DSP vetrimodule/approxmd/linreg_plot/intercept3 input pin vetrimodule/approxmd/linreg_plot/intercept3/A[15] is connected to registers with an asynchronous reset. This is preventing the possibility of merging these registers in to the DSP Block since the DSP block registers only possess synchronous reset capability.  It is suggested to recode or change these registers to remove the reset or use a synchronous reset to get the best optimization for performance, power and area.
Related violations: <none>

DPIR-1#8 Warning
Asynchronous driver check  
DSP vetrimodule/approxmd/linreg_plot/intercept3 input pin vetrimodule/approxmd/linreg_plot/intercept3/A[16] is connected to registers with an asynchronous reset. This is preventing the possibility of merging these registers in to the DSP Block since the DSP block registers only possess synchronous reset capability.  It is suggested to recode or change these registers to remove the reset or use a synchronous reset to get the best optimization for performance, power and area.
Related violations: <none>

DPIR-1#9 Warning
Asynchronous driver check  
DSP vetrimodule/approxmd/linreg_plot/intercept3 input pin vetrimodule/approxmd/linreg_plot/intercept3/A[17] is connected to registers with an asynchronous reset. This is preventing the possibility of merging these registers in to the DSP Block since the DSP block registers only possess synchronous reset capability.  It is suggested to recode or change these registers to remove the reset or use a synchronous reset to get the best optimization for performance, power and area.
Related violations: <none>

DPIR-1#10 Warning
Asynchronous driver check  
DSP vetrimodule/approxmd/linreg_plot/intercept3 input pin vetrimodule/approxmd/linreg_plot/intercept3/A[18] is connected to registers with an asynchronous reset. This is preventing the possibility of merging these registers in to the DSP Block since the DSP block registers only possess synchronous reset capability.  It is suggested to recode or change these registers to remove the reset or use a synchronous reset to get the best optimization for performance, power and area.
Related violations: <none>

DPIR-1#11 Warning
Asynchronous driver check  
DSP vetrimodule/approxmd/linreg_plot/intercept3 input pin vetrimodule/approxmd/linreg_plot/intercept3/A[19] is connected to registers with an asynchronous reset. This is preventing the possibility of merging these registers in to the DSP Block since the DSP block registers only possess synchronous reset capability.  It is suggested to recode or change these registers to remove the reset or use a synchronous reset to get the best optimization for performance, power and area.
Related violations: <none>

DPIR-1#12 Warning
Asynchronous driver check  
DSP vetrimodule/approxmd/linreg_plot/intercept3 input pin vetrimodule/approxmd/linreg_plot/intercept3/A[1] is connected to registers with an asynchronous reset. This is preventing the possibility of merging these registers in to the DSP Block since the DSP block registers only possess synchronous reset capability.  It is suggested to recode or change these registers to remove the reset or use a synchronous reset to get the best optimization for performance, power and area.
Related violations: <none>

DPIR-1#13 Warning
Asynchronous driver check  
DSP vetrimodule/approxmd/linreg_plot/intercept3 input pin vetrimodule/approxmd/linreg_plot/intercept3/A[20] is connected to registers with an asynchronous reset. This is preventing the possibility of merging these registers in to the DSP Block since the DSP block registers only possess synchronous reset capability.  It is suggested to recode or change these registers to remove the reset or use a synchronous reset to get the best optimization for performance, power and area.
Related violations: <none>

DPIR-1#14 Warning
Asynchronous driver check  
DSP vetrimodule/approxmd/linreg_plot/intercept3 input pin vetrimodule/approxmd/linreg_plot/intercept3/A[21] is connected to registers with an asynchronous reset. This is preventing the possibility of merging these registers in to the DSP Block since the DSP block registers only possess synchronous reset capability.  It is suggested to recode or change these registers to remove the reset or use a synchronous reset to get the best optimization for performance, power and area.
Related violations: <none>

DPIR-1#15 Warning
Asynchronous driver check  
DSP vetrimodule/approxmd/linreg_plot/intercept3 input pin vetrimodule/approxmd/linreg_plot/intercept3/A[22] is connected to registers with an asynchronous reset. This is preventing the possibility of merging these registers in to the DSP Block since the DSP block registers only possess synchronous reset capability.  It is suggested to recode or change these registers to remove the reset or use a synchronous reset to get the best optimization for performance, power and area.
Related violations: <none>

DPIR-1#16 Warning
Asynchronous driver check  
DSP vetrimodule/approxmd/linreg_plot/intercept3 input pin vetrimodule/approxmd/linreg_plot/intercept3/A[23] is connected to registers with an asynchronous reset. This is preventing the possibility of merging these registers in to the DSP Block since the DSP block registers only possess synchronous reset capability.  It is suggested to recode or change these registers to remove the reset or use a synchronous reset to get the best optimization for performance, power and area.
Related violations: <none>

DPIR-1#17 Warning
Asynchronous driver check  
DSP vetrimodule/approxmd/linreg_plot/intercept3 input pin vetrimodule/approxmd/linreg_plot/intercept3/A[24] is connected to registers with an asynchronous reset. This is preventing the possibility of merging these registers in to the DSP Block since the DSP block registers only possess synchronous reset capability.  It is suggested to recode or change these registers to remove the reset or use a synchronous reset to get the best optimization for performance, power and area.
Related violations: <none>

DPIR-1#18 Warning
Asynchronous driver check  
DSP vetrimodule/approxmd/linreg_plot/intercept3 input pin vetrimodule/approxmd/linreg_plot/intercept3/A[25] is connected to registers with an asynchronous reset. This is preventing the possibility of merging these registers in to the DSP Block since the DSP block registers only possess synchronous reset capability.  It is suggested to recode or change these registers to remove the reset or use a synchronous reset to get the best optimization for performance, power and area.
Related violations: <none>

DPIR-1#19 Warning
Asynchronous driver check  
DSP vetrimodule/approxmd/linreg_plot/intercept3 input pin vetrimodule/approxmd/linreg_plot/intercept3/A[26] is connected to registers with an asynchronous reset. This is preventing the possibility of merging these registers in to the DSP Block since the DSP block registers only possess synchronous reset capability.  It is suggested to recode or change these registers to remove the reset or use a synchronous reset to get the best optimization for performance, power and area.
Related violations: <none>

DPIR-1#20 Warning
Asynchronous driver check  
DSP vetrimodule/approxmd/linreg_plot/intercept3 input pin vetrimodule/approxmd/linreg_plot/intercept3/A[27] is connected to registers with an asynchronous reset. This is preventing the possibility of merging these registers in to the DSP Block since the DSP block registers only possess synchronous reset capability.  It is suggested to recode or change these registers to remove the reset or use a synchronous reset to get the best optimization for performance, power and area.
Related violations: <none>

DPIR-1#21 Warning
Asynchronous driver check  
DSP vetrimodule/approxmd/linreg_plot/intercept3 input pin vetrimodule/approxmd/linreg_plot/intercept3/A[28] is connected to registers with an asynchronous reset. This is preventing the possibility of merging these registers in to the DSP Block since the DSP block registers only possess synchronous reset capability.  It is suggested to recode or change these registers to remove the reset or use a synchronous reset to get the best optimization for performance, power and area.
Related violations: <none>

DPIR-1#22 Warning
Asynchronous driver check  
DSP vetrimodule/approxmd/linreg_plot/intercept3 input pin vetrimodule/approxmd/linreg_plot/intercept3/A[29] is connected to registers with an asynchronous reset. This is preventing the possibility of merging these registers in to the DSP Block since the DSP block registers only possess synchronous reset capability.  It is suggested to recode or change these registers to remove the reset or use a synchronous reset to get the best optimization for performance, power and area.
Related violations: <none>

DPIR-1#23 Warning
Asynchronous driver check  
DSP vetrimodule/approxmd/linreg_plot/intercept3 input pin vetrimodule/approxmd/linreg_plot/intercept3/A[2] is connected to registers with an asynchronous reset. This is preventing the possibility of merging these registers in to the DSP Block since the DSP block registers only possess synchronous reset capability.  It is suggested to recode or change these registers to remove the reset or use a synchronous reset to get the best optimization for performance, power and area.
Related violations: <none>

DPIR-1#24 Warning
Asynchronous driver check  
DSP vetrimodule/approxmd/linreg_plot/intercept3 input pin vetrimodule/approxmd/linreg_plot/intercept3/A[3] is connected to registers with an asynchronous reset. This is preventing the possibility of merging these registers in to the DSP Block since the DSP block registers only possess synchronous reset capability.  It is suggested to recode or change these registers to remove the reset or use a synchronous reset to get the best optimization for performance, power and area.
Related violations: <none>

DPIR-1#25 Warning
Asynchronous driver check  
DSP vetrimodule/approxmd/linreg_plot/intercept3 input pin vetrimodule/approxmd/linreg_plot/intercept3/A[4] is connected to registers with an asynchronous reset. This is preventing the possibility of merging these registers in to the DSP Block since the DSP block registers only possess synchronous reset capability.  It is suggested to recode or change these registers to remove the reset or use a synchronous reset to get the best optimization for performance, power and area.
Related violations: <none>

DPIR-1#26 Warning
Asynchronous driver check  
DSP vetrimodule/approxmd/linreg_plot/intercept3 input pin vetrimodule/approxmd/linreg_plot/intercept3/A[5] is connected to registers with an asynchronous reset. This is preventing the possibility of merging these registers in to the DSP Block since the DSP block registers only possess synchronous reset capability.  It is suggested to recode or change these registers to remove the reset or use a synchronous reset to get the best optimization for performance, power and area.
Related violations: <none>

DPIR-1#27 Warning
Asynchronous driver check  
DSP vetrimodule/approxmd/linreg_plot/intercept3 input pin vetrimodule/approxmd/linreg_plot/intercept3/A[6] is connected to registers with an asynchronous reset. This is preventing the possibility of merging these registers in to the DSP Block since the DSP block registers only possess synchronous reset capability.  It is suggested to recode or change these registers to remove the reset or use a synchronous reset to get the best optimization for performance, power and area.
Related violations: <none>

DPIR-1#28 Warning
Asynchronous driver check  
DSP vetrimodule/approxmd/linreg_plot/intercept3 input pin vetrimodule/approxmd/linreg_plot/intercept3/A[7] is connected to registers with an asynchronous reset. This is preventing the possibility of merging these registers in to the DSP Block since the DSP block registers only possess synchronous reset capability.  It is suggested to recode or change these registers to remove the reset or use a synchronous reset to get the best optimization for performance, power and area.
Related violations: <none>

DPIR-1#29 Warning
Asynchronous driver check  
DSP vetrimodule/approxmd/linreg_plot/intercept3 input pin vetrimodule/approxmd/linreg_plot/intercept3/A[8] is connected to registers with an asynchronous reset. This is preventing the possibility of merging these registers in to the DSP Block since the DSP block registers only possess synchronous reset capability.  It is suggested to recode or change these registers to remove the reset or use a synchronous reset to get the best optimization for performance, power and area.
Related violations: <none>

DPIR-1#30 Warning
Asynchronous driver check  
DSP vetrimodule/approxmd/linreg_plot/intercept3 input pin vetrimodule/approxmd/linreg_plot/intercept3/A[9] is connected to registers with an asynchronous reset. This is preventing the possibility of merging these registers in to the DSP Block since the DSP block registers only possess synchronous reset capability.  It is suggested to recode or change these registers to remove the reset or use a synchronous reset to get the best optimization for performance, power and area.
Related violations: <none>

DPIR-1#31 Warning
Asynchronous driver check  
DSP vetrimodule/approxmd/linreg_plot/intercept3 input pin vetrimodule/approxmd/linreg_plot/intercept3/B[0] is connected to registers with an asynchronous reset. This is preventing the possibility of merging these registers in to the DSP Block since the DSP block registers only possess synchronous reset capability.  It is suggested to recode or change these registers to remove the reset or use a synchronous reset to get the best optimization for performance, power and area.
Related violations: <none>

DPIR-1#32 Warning
Asynchronous driver check  
DSP vetrimodule/approxmd/linreg_plot/intercept3 input pin vetrimodule/approxmd/linreg_plot/intercept3/B[10] is connected to registers with an asynchronous reset. This is preventing the possibility of merging these registers in to the DSP Block since the DSP block registers only possess synchronous reset capability.  It is suggested to recode or change these registers to remove the reset or use a synchronous reset to get the best optimization for performance, power and area.
Related violations: <none>

DPIR-1#33 Warning
Asynchronous driver check  
DSP vetrimodule/approxmd/linreg_plot/intercept3 input pin vetrimodule/approxmd/linreg_plot/intercept3/B[11] is connected to registers with an asynchronous reset. This is preventing the possibility of merging these registers in to the DSP Block since the DSP block registers only possess synchronous reset capability.  It is suggested to recode or change these registers to remove the reset or use a synchronous reset to get the best optimization for performance, power and area.
Related violations: <none>

DPIR-1#34 Warning
Asynchronous driver check  
DSP vetrimodule/approxmd/linreg_plot/intercept3 input pin vetrimodule/approxmd/linreg_plot/intercept3/B[12] is connected to registers with an asynchronous reset. This is preventing the possibility of merging these registers in to the DSP Block since the DSP block registers only possess synchronous reset capability.  It is suggested to recode or change these registers to remove the reset or use a synchronous reset to get the best optimization for performance, power and area.
Related violations: <none>

DPIR-1#35 Warning
Asynchronous driver check  
DSP vetrimodule/approxmd/linreg_plot/intercept3 input pin vetrimodule/approxmd/linreg_plot/intercept3/B[13] is connected to registers with an asynchronous reset. This is preventing the possibility of merging these registers in to the DSP Block since the DSP block registers only possess synchronous reset capability.  It is suggested to recode or change these registers to remove the reset or use a synchronous reset to get the best optimization for performance, power and area.
Related violations: <none>

DPIR-1#36 Warning
Asynchronous driver check  
DSP vetrimodule/approxmd/linreg_plot/intercept3 input pin vetrimodule/approxmd/linreg_plot/intercept3/B[14] is connected to registers with an asynchronous reset. This is preventing the possibility of merging these registers in to the DSP Block since the DSP block registers only possess synchronous reset capability.  It is suggested to recode or change these registers to remove the reset or use a synchronous reset to get the best optimization for performance, power and area.
Related violations: <none>

DPIR-1#37 Warning
Asynchronous driver check  
DSP vetrimodule/approxmd/linreg_plot/intercept3 input pin vetrimodule/approxmd/linreg_plot/intercept3/B[15] is connected to registers with an asynchronous reset. This is preventing the possibility of merging these registers in to the DSP Block since the DSP block registers only possess synchronous reset capability.  It is suggested to recode or change these registers to remove the reset or use a synchronous reset to get the best optimization for performance, power and area.
Related violations: <none>

DPIR-1#38 Warning
Asynchronous driver check  
DSP vetrimodule/approxmd/linreg_plot/intercept3 input pin vetrimodule/approxmd/linreg_plot/intercept3/B[16] is connected to registers with an asynchronous reset. This is preventing the possibility of merging these registers in to the DSP Block since the DSP block registers only possess synchronous reset capability.  It is suggested to recode or change these registers to remove the reset or use a synchronous reset to get the best optimization for performance, power and area.
Related violations: <none>

DPIR-1#39 Warning
Asynchronous driver check  
DSP vetrimodule/approxmd/linreg_plot/intercept3 input pin vetrimodule/approxmd/linreg_plot/intercept3/B[17] is connected to registers with an asynchronous reset. This is preventing the possibility of merging these registers in to the DSP Block since the DSP block registers only possess synchronous reset capability.  It is suggested to recode or change these registers to remove the reset or use a synchronous reset to get the best optimization for performance, power and area.
Related violations: <none>

DPIR-1#40 Warning
Asynchronous driver check  
DSP vetrimodule/approxmd/linreg_plot/intercept3 input pin vetrimodule/approxmd/linreg_plot/intercept3/B[1] is connected to registers with an asynchronous reset. This is preventing the possibility of merging these registers in to the DSP Block since the DSP block registers only possess synchronous reset capability.  It is suggested to recode or change these registers to remove the reset or use a synchronous reset to get the best optimization for performance, power and area.
Related violations: <none>

DPIR-1#41 Warning
Asynchronous driver check  
DSP vetrimodule/approxmd/linreg_plot/intercept3 input pin vetrimodule/approxmd/linreg_plot/intercept3/B[2] is connected to registers with an asynchronous reset. This is preventing the possibility of merging these registers in to the DSP Block since the DSP block registers only possess synchronous reset capability.  It is suggested to recode or change these registers to remove the reset or use a synchronous reset to get the best optimization for performance, power and area.
Related violations: <none>

DPIR-1#42 Warning
Asynchronous driver check  
DSP vetrimodule/approxmd/linreg_plot/intercept3 input pin vetrimodule/approxmd/linreg_plot/intercept3/B[3] is connected to registers with an asynchronous reset. This is preventing the possibility of merging these registers in to the DSP Block since the DSP block registers only possess synchronous reset capability.  It is suggested to recode or change these registers to remove the reset or use a synchronous reset to get the best optimization for performance, power and area.
Related violations: <none>

DPIR-1#43 Warning
Asynchronous driver check  
DSP vetrimodule/approxmd/linreg_plot/intercept3 input pin vetrimodule/approxmd/linreg_plot/intercept3/B[4] is connected to registers with an asynchronous reset. This is preventing the possibility of merging these registers in to the DSP Block since the DSP block registers only possess synchronous reset capability.  It is suggested to recode or change these registers to remove the reset or use a synchronous reset to get the best optimization for performance, power and area.
Related violations: <none>

DPIR-1#44 Warning
Asynchronous driver check  
DSP vetrimodule/approxmd/linreg_plot/intercept3 input pin vetrimodule/approxmd/linreg_plot/intercept3/B[5] is connected to registers with an asynchronous reset. This is preventing the possibility of merging these registers in to the DSP Block since the DSP block registers only possess synchronous reset capability.  It is suggested to recode or change these registers to remove the reset or use a synchronous reset to get the best optimization for performance, power and area.
Related violations: <none>

DPIR-1#45 Warning
Asynchronous driver check  
DSP vetrimodule/approxmd/linreg_plot/intercept3 input pin vetrimodule/approxmd/linreg_plot/intercept3/B[6] is connected to registers with an asynchronous reset. This is preventing the possibility of merging these registers in to the DSP Block since the DSP block registers only possess synchronous reset capability.  It is suggested to recode or change these registers to remove the reset or use a synchronous reset to get the best optimization for performance, power and area.
Related violations: <none>

DPIR-1#46 Warning
Asynchronous driver check  
DSP vetrimodule/approxmd/linreg_plot/intercept3 input pin vetrimodule/approxmd/linreg_plot/intercept3/B[7] is connected to registers with an asynchronous reset. This is preventing the possibility of merging these registers in to the DSP Block since the DSP block registers only possess synchronous reset capability.  It is suggested to recode or change these registers to remove the reset or use a synchronous reset to get the best optimization for performance, power and area.
Related violations: <none>

DPIR-1#47 Warning
Asynchronous driver check  
DSP vetrimodule/approxmd/linreg_plot/intercept3 input pin vetrimodule/approxmd/linreg_plot/intercept3/B[8] is connected to registers with an asynchronous reset. This is preventing the possibility of merging these registers in to the DSP Block since the DSP block registers only possess synchronous reset capability.  It is suggested to recode or change these registers to remove the reset or use a synchronous reset to get the best optimization for performance, power and area.
Related violations: <none>

DPIR-1#48 Warning
Asynchronous driver check  
DSP vetrimodule/approxmd/linreg_plot/intercept3 input pin vetrimodule/approxmd/linreg_plot/intercept3/B[9] is connected to registers with an asynchronous reset. This is preventing the possibility of merging these registers in to the DSP Block since the DSP block registers only possess synchronous reset capability.  It is suggested to recode or change these registers to remove the reset or use a synchronous reset to get the best optimization for performance, power and area.
Related violations: <none>

DPIR-1#49 Warning
Asynchronous driver check  
DSP vetrimodule/approxmd/linreg_plot/intercept3 input pin vetrimodule/approxmd/linreg_plot/intercept3/C[10] is connected to registers with an asynchronous reset. This is preventing the possibility of merging these registers in to the DSP Block since the DSP block registers only possess synchronous reset capability.  It is suggested to recode or change these registers to remove the reset or use a synchronous reset to get the best optimization for performance, power and area.
Related violations: <none>

DPIR-1#50 Warning
Asynchronous driver check  
DSP vetrimodule/approxmd/linreg_plot/intercept3 input pin vetrimodule/approxmd/linreg_plot/intercept3/C[11] is connected to registers with an asynchronous reset. This is preventing the possibility of merging these registers in to the DSP Block since the DSP block registers only possess synchronous reset capability.  It is suggested to recode or change these registers to remove the reset or use a synchronous reset to get the best optimization for performance, power and area.
Related violations: <none>

DPIR-1#51 Warning
Asynchronous driver check  
DSP vetrimodule/approxmd/linreg_plot/intercept3 input pin vetrimodule/approxmd/linreg_plot/intercept3/C[12] is connected to registers with an asynchronous reset. This is preventing the possibility of merging these registers in to the DSP Block since the DSP block registers only possess synchronous reset capability.  It is suggested to recode or change these registers to remove the reset or use a synchronous reset to get the best optimization for performance, power and area.
Related violations: <none>

DPIR-1#52 Warning
Asynchronous driver check  
DSP vetrimodule/approxmd/linreg_plot/intercept3 input pin vetrimodule/approxmd/linreg_plot/intercept3/C[13] is connected to registers with an asynchronous reset. This is preventing the possibility of merging these registers in to the DSP Block since the DSP block registers only possess synchronous reset capability.  It is suggested to recode or change these registers to remove the reset or use a synchronous reset to get the best optimization for performance, power and area.
Related violations: <none>

DPIR-1#53 Warning
Asynchronous driver check  
DSP vetrimodule/approxmd/linreg_plot/intercept3 input pin vetrimodule/approxmd/linreg_plot/intercept3/C[14] is connected to registers with an asynchronous reset. This is preventing the possibility of merging these registers in to the DSP Block since the DSP block registers only possess synchronous reset capability.  It is suggested to recode or change these registers to remove the reset or use a synchronous reset to get the best optimization for performance, power and area.
Related violations: <none>

DPIR-1#54 Warning
Asynchronous driver check  
DSP vetrimodule/approxmd/linreg_plot/intercept3 input pin vetrimodule/approxmd/linreg_plot/intercept3/C[15] is connected to registers with an asynchronous reset. This is preventing the possibility of merging these registers in to the DSP Block since the DSP block registers only possess synchronous reset capability.  It is suggested to recode or change these registers to remove the reset or use a synchronous reset to get the best optimization for performance, power and area.
Related violations: <none>

DPIR-1#55 Warning
Asynchronous driver check  
DSP vetrimodule/approxmd/linreg_plot/intercept3 input pin vetrimodule/approxmd/linreg_plot/intercept3/C[16] is connected to registers with an asynchronous reset. This is preventing the possibility of merging these registers in to the DSP Block since the DSP block registers only possess synchronous reset capability.  It is suggested to recode or change these registers to remove the reset or use a synchronous reset to get the best optimization for performance, power and area.
Related violations: <none>

DPIR-1#56 Warning
Asynchronous driver check  
DSP vetrimodule/approxmd/linreg_plot/intercept3 input pin vetrimodule/approxmd/linreg_plot/intercept3/C[17] is connected to registers with an asynchronous reset. This is preventing the possibility of merging these registers in to the DSP Block since the DSP block registers only possess synchronous reset capability.  It is suggested to recode or change these registers to remove the reset or use a synchronous reset to get the best optimization for performance, power and area.
Related violations: <none>

DPIR-1#57 Warning
Asynchronous driver check  
DSP vetrimodule/approxmd/linreg_plot/intercept3 input pin vetrimodule/approxmd/linreg_plot/intercept3/C[18] is connected to registers with an asynchronous reset. This is preventing the possibility of merging these registers in to the DSP Block since the DSP block registers only possess synchronous reset capability.  It is suggested to recode or change these registers to remove the reset or use a synchronous reset to get the best optimization for performance, power and area.
Related violations: <none>

DPIR-1#58 Warning
Asynchronous driver check  
DSP vetrimodule/approxmd/linreg_plot/intercept3 input pin vetrimodule/approxmd/linreg_plot/intercept3/C[19] is connected to registers with an asynchronous reset. This is preventing the possibility of merging these registers in to the DSP Block since the DSP block registers only possess synchronous reset capability.  It is suggested to recode or change these registers to remove the reset or use a synchronous reset to get the best optimization for performance, power and area.
Related violations: <none>

DPIR-1#59 Warning
Asynchronous driver check  
DSP vetrimodule/approxmd/linreg_plot/intercept3 input pin vetrimodule/approxmd/linreg_plot/intercept3/C[20] is connected to registers with an asynchronous reset. This is preventing the possibility of merging these registers in to the DSP Block since the DSP block registers only possess synchronous reset capability.  It is suggested to recode or change these registers to remove the reset or use a synchronous reset to get the best optimization for performance, power and area.
Related violations: <none>

DPIR-1#60 Warning
Asynchronous driver check  
DSP vetrimodule/approxmd/linreg_plot/intercept3 input pin vetrimodule/approxmd/linreg_plot/intercept3/C[21] is connected to registers with an asynchronous reset. This is preventing the possibility of merging these registers in to the DSP Block since the DSP block registers only possess synchronous reset capability.  It is suggested to recode or change these registers to remove the reset or use a synchronous reset to get the best optimization for performance, power and area.
Related violations: <none>

DPIR-1#61 Warning
Asynchronous driver check  
DSP vetrimodule/approxmd/linreg_plot/intercept3 input pin vetrimodule/approxmd/linreg_plot/intercept3/C[22] is connected to registers with an asynchronous reset. This is preventing the possibility of merging these registers in to the DSP Block since the DSP block registers only possess synchronous reset capability.  It is suggested to recode or change these registers to remove the reset or use a synchronous reset to get the best optimization for performance, power and area.
Related violations: <none>

DPIR-1#62 Warning
Asynchronous driver check  
DSP vetrimodule/approxmd/linreg_plot/intercept3 input pin vetrimodule/approxmd/linreg_plot/intercept3/C[23] is connected to registers with an asynchronous reset. This is preventing the possibility of merging these registers in to the DSP Block since the DSP block registers only possess synchronous reset capability.  It is suggested to recode or change these registers to remove the reset or use a synchronous reset to get the best optimization for performance, power and area.
Related violations: <none>

DPIR-1#63 Warning
Asynchronous driver check  
DSP vetrimodule/approxmd/linreg_plot/intercept3 input pin vetrimodule/approxmd/linreg_plot/intercept3/C[24] is connected to registers with an asynchronous reset. This is preventing the possibility of merging these registers in to the DSP Block since the DSP block registers only possess synchronous reset capability.  It is suggested to recode or change these registers to remove the reset or use a synchronous reset to get the best optimization for performance, power and area.
Related violations: <none>

DPIR-1#64 Warning
Asynchronous driver check  
DSP vetrimodule/approxmd/linreg_plot/intercept3 input pin vetrimodule/approxmd/linreg_plot/intercept3/C[25] is connected to registers with an asynchronous reset. This is preventing the possibility of merging these registers in to the DSP Block since the DSP block registers only possess synchronous reset capability.  It is suggested to recode or change these registers to remove the reset or use a synchronous reset to get the best optimization for performance, power and area.
Related violations: <none>

DPIR-1#65 Warning
Asynchronous driver check  
DSP vetrimodule/approxmd/linreg_plot/intercept3 input pin vetrimodule/approxmd/linreg_plot/intercept3/C[26] is connected to registers with an asynchronous reset. This is preventing the possibility of merging these registers in to the DSP Block since the DSP block registers only possess synchronous reset capability.  It is suggested to recode or change these registers to remove the reset or use a synchronous reset to get the best optimization for performance, power and area.
Related violations: <none>

DPIR-1#66 Warning
Asynchronous driver check  
DSP vetrimodule/approxmd/linreg_plot/intercept3 input pin vetrimodule/approxmd/linreg_plot/intercept3/C[27] is connected to registers with an asynchronous reset. This is preventing the possibility of merging these registers in to the DSP Block since the DSP block registers only possess synchronous reset capability.  It is suggested to recode or change these registers to remove the reset or use a synchronous reset to get the best optimization for performance, power and area.
Related violations: <none>

DPIR-1#67 Warning
Asynchronous driver check  
DSP vetrimodule/approxmd/linreg_plot/intercept3 input pin vetrimodule/approxmd/linreg_plot/intercept3/C[28] is connected to registers with an asynchronous reset. This is preventing the possibility of merging these registers in to the DSP Block since the DSP block registers only possess synchronous reset capability.  It is suggested to recode or change these registers to remove the reset or use a synchronous reset to get the best optimization for performance, power and area.
Related violations: <none>

DPIR-1#68 Warning
Asynchronous driver check  
DSP vetrimodule/approxmd/linreg_plot/intercept3 input pin vetrimodule/approxmd/linreg_plot/intercept3/C[29] is connected to registers with an asynchronous reset. This is preventing the possibility of merging these registers in to the DSP Block since the DSP block registers only possess synchronous reset capability.  It is suggested to recode or change these registers to remove the reset or use a synchronous reset to get the best optimization for performance, power and area.
Related violations: <none>

DPIR-1#69 Warning
Asynchronous driver check  
DSP vetrimodule/approxmd/linreg_plot/intercept3 input pin vetrimodule/approxmd/linreg_plot/intercept3/C[30] is connected to registers with an asynchronous reset. This is preventing the possibility of merging these registers in to the DSP Block since the DSP block registers only possess synchronous reset capability.  It is suggested to recode or change these registers to remove the reset or use a synchronous reset to get the best optimization for performance, power and area.
Related violations: <none>

DPIR-1#70 Warning
Asynchronous driver check  
DSP vetrimodule/approxmd/linreg_plot/intercept3 input pin vetrimodule/approxmd/linreg_plot/intercept3/C[31] is connected to registers with an asynchronous reset. This is preventing the possibility of merging these registers in to the DSP Block since the DSP block registers only possess synchronous reset capability.  It is suggested to recode or change these registers to remove the reset or use a synchronous reset to get the best optimization for performance, power and area.
Related violations: <none>

DPIR-1#71 Warning
Asynchronous driver check  
DSP vetrimodule/approxmd/linreg_plot/intercept3 input pin vetrimodule/approxmd/linreg_plot/intercept3/C[32] is connected to registers with an asynchronous reset. This is preventing the possibility of merging these registers in to the DSP Block since the DSP block registers only possess synchronous reset capability.  It is suggested to recode or change these registers to remove the reset or use a synchronous reset to get the best optimization for performance, power and area.
Related violations: <none>

DPIR-1#72 Warning
Asynchronous driver check  
DSP vetrimodule/approxmd/linreg_plot/intercept3 input pin vetrimodule/approxmd/linreg_plot/intercept3/C[33] is connected to registers with an asynchronous reset. This is preventing the possibility of merging these registers in to the DSP Block since the DSP block registers only possess synchronous reset capability.  It is suggested to recode or change these registers to remove the reset or use a synchronous reset to get the best optimization for performance, power and area.
Related violations: <none>

DPIR-1#73 Warning
Asynchronous driver check  
DSP vetrimodule/approxmd/linreg_plot/intercept3 input pin vetrimodule/approxmd/linreg_plot/intercept3/C[34] is connected to registers with an asynchronous reset. This is preventing the possibility of merging these registers in to the DSP Block since the DSP block registers only possess synchronous reset capability.  It is suggested to recode or change these registers to remove the reset or use a synchronous reset to get the best optimization for performance, power and area.
Related violations: <none>

DPIR-1#74 Warning
Asynchronous driver check  
DSP vetrimodule/approxmd/linreg_plot/intercept3 input pin vetrimodule/approxmd/linreg_plot/intercept3/C[35] is connected to registers with an asynchronous reset. This is preventing the possibility of merging these registers in to the DSP Block since the DSP block registers only possess synchronous reset capability.  It is suggested to recode or change these registers to remove the reset or use a synchronous reset to get the best optimization for performance, power and area.
Related violations: <none>

DPIR-1#75 Warning
Asynchronous driver check  
DSP vetrimodule/approxmd/linreg_plot/intercept3 input pin vetrimodule/approxmd/linreg_plot/intercept3/C[36] is connected to registers with an asynchronous reset. This is preventing the possibility of merging these registers in to the DSP Block since the DSP block registers only possess synchronous reset capability.  It is suggested to recode or change these registers to remove the reset or use a synchronous reset to get the best optimization for performance, power and area.
Related violations: <none>

DPIR-1#76 Warning
Asynchronous driver check  
DSP vetrimodule/approxmd/linreg_plot/intercept3 input pin vetrimodule/approxmd/linreg_plot/intercept3/C[37] is connected to registers with an asynchronous reset. This is preventing the possibility of merging these registers in to the DSP Block since the DSP block registers only possess synchronous reset capability.  It is suggested to recode or change these registers to remove the reset or use a synchronous reset to get the best optimization for performance, power and area.
Related violations: <none>

DPIR-1#77 Warning
Asynchronous driver check  
DSP vetrimodule/approxmd/linreg_plot/intercept3 input pin vetrimodule/approxmd/linreg_plot/intercept3/C[38] is connected to registers with an asynchronous reset. This is preventing the possibility of merging these registers in to the DSP Block since the DSP block registers only possess synchronous reset capability.  It is suggested to recode or change these registers to remove the reset or use a synchronous reset to get the best optimization for performance, power and area.
Related violations: <none>

DPIR-1#78 Warning
Asynchronous driver check  
DSP vetrimodule/approxmd/linreg_plot/intercept3 input pin vetrimodule/approxmd/linreg_plot/intercept3/C[39] is connected to registers with an asynchronous reset. This is preventing the possibility of merging these registers in to the DSP Block since the DSP block registers only possess synchronous reset capability.  It is suggested to recode or change these registers to remove the reset or use a synchronous reset to get the best optimization for performance, power and area.
Related violations: <none>

DPIR-1#79 Warning
Asynchronous driver check  
DSP vetrimodule/approxmd/linreg_plot/intercept3 input pin vetrimodule/approxmd/linreg_plot/intercept3/C[40] is connected to registers with an asynchronous reset. This is preventing the possibility of merging these registers in to the DSP Block since the DSP block registers only possess synchronous reset capability.  It is suggested to recode or change these registers to remove the reset or use a synchronous reset to get the best optimization for performance, power and area.
Related violations: <none>

DPIR-1#80 Warning
Asynchronous driver check  
DSP vetrimodule/approxmd/linreg_plot/intercept3 input pin vetrimodule/approxmd/linreg_plot/intercept3/C[41] is connected to registers with an asynchronous reset. This is preventing the possibility of merging these registers in to the DSP Block since the DSP block registers only possess synchronous reset capability.  It is suggested to recode or change these registers to remove the reset or use a synchronous reset to get the best optimization for performance, power and area.
Related violations: <none>

DPIR-1#81 Warning
Asynchronous driver check  
DSP vetrimodule/approxmd/linreg_plot/intercept3 input pin vetrimodule/approxmd/linreg_plot/intercept3/C[42] is connected to registers with an asynchronous reset. This is preventing the possibility of merging these registers in to the DSP Block since the DSP block registers only possess synchronous reset capability.  It is suggested to recode or change these registers to remove the reset or use a synchronous reset to get the best optimization for performance, power and area.
Related violations: <none>

DPIR-1#82 Warning
Asynchronous driver check  
DSP vetrimodule/approxmd/linreg_plot/intercept3 input pin vetrimodule/approxmd/linreg_plot/intercept3/C[43] is connected to registers with an asynchronous reset. This is preventing the possibility of merging these registers in to the DSP Block since the DSP block registers only possess synchronous reset capability.  It is suggested to recode or change these registers to remove the reset or use a synchronous reset to get the best optimization for performance, power and area.
Related violations: <none>

DPIR-1#83 Warning
Asynchronous driver check  
DSP vetrimodule/approxmd/linreg_plot/intercept3 input pin vetrimodule/approxmd/linreg_plot/intercept3/C[44] is connected to registers with an asynchronous reset. This is preventing the possibility of merging these registers in to the DSP Block since the DSP block registers only possess synchronous reset capability.  It is suggested to recode or change these registers to remove the reset or use a synchronous reset to get the best optimization for performance, power and area.
Related violations: <none>

DPIR-1#84 Warning
Asynchronous driver check  
DSP vetrimodule/approxmd/linreg_plot/intercept3 input pin vetrimodule/approxmd/linreg_plot/intercept3/C[45] is connected to registers with an asynchronous reset. This is preventing the possibility of merging these registers in to the DSP Block since the DSP block registers only possess synchronous reset capability.  It is suggested to recode or change these registers to remove the reset or use a synchronous reset to get the best optimization for performance, power and area.
Related violations: <none>

DPIR-1#85 Warning
Asynchronous driver check  
DSP vetrimodule/approxmd/linreg_plot/intercept3 input pin vetrimodule/approxmd/linreg_plot/intercept3/C[46] is connected to registers with an asynchronous reset. This is preventing the possibility of merging these registers in to the DSP Block since the DSP block registers only possess synchronous reset capability.  It is suggested to recode or change these registers to remove the reset or use a synchronous reset to get the best optimization for performance, power and area.
Related violations: <none>

DPIR-1#86 Warning
Asynchronous driver check  
DSP vetrimodule/approxmd/linreg_plot/intercept3 input pin vetrimodule/approxmd/linreg_plot/intercept3/C[47] is connected to registers with an asynchronous reset. This is preventing the possibility of merging these registers in to the DSP Block since the DSP block registers only possess synchronous reset capability.  It is suggested to recode or change these registers to remove the reset or use a synchronous reset to get the best optimization for performance, power and area.
Related violations: <none>

DPIR-1#87 Warning
Asynchronous driver check  
DSP vetrimodule/approxmd/linreg_plot/y_offi_curr input pin vetrimodule/approxmd/linreg_plot/y_offi_curr/A[0] is connected to registers with an asynchronous reset. This is preventing the possibility of merging these registers in to the DSP Block since the DSP block registers only possess synchronous reset capability.  It is suggested to recode or change these registers to remove the reset or use a synchronous reset to get the best optimization for performance, power and area.
Related violations: <none>

DPIR-1#88 Warning
Asynchronous driver check  
DSP vetrimodule/approxmd/linreg_plot/y_offi_curr input pin vetrimodule/approxmd/linreg_plot/y_offi_curr/A[10] is connected to registers with an asynchronous reset. This is preventing the possibility of merging these registers in to the DSP Block since the DSP block registers only possess synchronous reset capability.  It is suggested to recode or change these registers to remove the reset or use a synchronous reset to get the best optimization for performance, power and area.
Related violations: <none>

DPIR-1#89 Warning
Asynchronous driver check  
DSP vetrimodule/approxmd/linreg_plot/y_offi_curr input pin vetrimodule/approxmd/linreg_plot/y_offi_curr/A[11] is connected to registers with an asynchronous reset. This is preventing the possibility of merging these registers in to the DSP Block since the DSP block registers only possess synchronous reset capability.  It is suggested to recode or change these registers to remove the reset or use a synchronous reset to get the best optimization for performance, power and area.
Related violations: <none>

DPIR-1#90 Warning
Asynchronous driver check  
DSP vetrimodule/approxmd/linreg_plot/y_offi_curr input pin vetrimodule/approxmd/linreg_plot/y_offi_curr/A[12] is connected to registers with an asynchronous reset. This is preventing the possibility of merging these registers in to the DSP Block since the DSP block registers only possess synchronous reset capability.  It is suggested to recode or change these registers to remove the reset or use a synchronous reset to get the best optimization for performance, power and area.
Related violations: <none>

DPIR-1#91 Warning
Asynchronous driver check  
DSP vetrimodule/approxmd/linreg_plot/y_offi_curr input pin vetrimodule/approxmd/linreg_plot/y_offi_curr/A[13] is connected to registers with an asynchronous reset. This is preventing the possibility of merging these registers in to the DSP Block since the DSP block registers only possess synchronous reset capability.  It is suggested to recode or change these registers to remove the reset or use a synchronous reset to get the best optimization for performance, power and area.
Related violations: <none>

DPIR-1#92 Warning
Asynchronous driver check  
DSP vetrimodule/approxmd/linreg_plot/y_offi_curr input pin vetrimodule/approxmd/linreg_plot/y_offi_curr/A[14] is connected to registers with an asynchronous reset. This is preventing the possibility of merging these registers in to the DSP Block since the DSP block registers only possess synchronous reset capability.  It is suggested to recode or change these registers to remove the reset or use a synchronous reset to get the best optimization for performance, power and area.
Related violations: <none>

DPIR-1#93 Warning
Asynchronous driver check  
DSP vetrimodule/approxmd/linreg_plot/y_offi_curr input pin vetrimodule/approxmd/linreg_plot/y_offi_curr/A[15] is connected to registers with an asynchronous reset. This is preventing the possibility of merging these registers in to the DSP Block since the DSP block registers only possess synchronous reset capability.  It is suggested to recode or change these registers to remove the reset or use a synchronous reset to get the best optimization for performance, power and area.
Related violations: <none>

DPIR-1#94 Warning
Asynchronous driver check  
DSP vetrimodule/approxmd/linreg_plot/y_offi_curr input pin vetrimodule/approxmd/linreg_plot/y_offi_curr/A[16] is connected to registers with an asynchronous reset. This is preventing the possibility of merging these registers in to the DSP Block since the DSP block registers only possess synchronous reset capability.  It is suggested to recode or change these registers to remove the reset or use a synchronous reset to get the best optimization for performance, power and area.
Related violations: <none>

DPIR-1#95 Warning
Asynchronous driver check  
DSP vetrimodule/approxmd/linreg_plot/y_offi_curr input pin vetrimodule/approxmd/linreg_plot/y_offi_curr/A[17] is connected to registers with an asynchronous reset. This is preventing the possibility of merging these registers in to the DSP Block since the DSP block registers only possess synchronous reset capability.  It is suggested to recode or change these registers to remove the reset or use a synchronous reset to get the best optimization for performance, power and area.
Related violations: <none>

DPIR-1#96 Warning
Asynchronous driver check  
DSP vetrimodule/approxmd/linreg_plot/y_offi_curr input pin vetrimodule/approxmd/linreg_plot/y_offi_curr/A[18] is connected to registers with an asynchronous reset. This is preventing the possibility of merging these registers in to the DSP Block since the DSP block registers only possess synchronous reset capability.  It is suggested to recode or change these registers to remove the reset or use a synchronous reset to get the best optimization for performance, power and area.
Related violations: <none>

DPIR-1#97 Warning
Asynchronous driver check  
DSP vetrimodule/approxmd/linreg_plot/y_offi_curr input pin vetrimodule/approxmd/linreg_plot/y_offi_curr/A[19] is connected to registers with an asynchronous reset. This is preventing the possibility of merging these registers in to the DSP Block since the DSP block registers only possess synchronous reset capability.  It is suggested to recode or change these registers to remove the reset or use a synchronous reset to get the best optimization for performance, power and area.
Related violations: <none>

DPIR-1#98 Warning
Asynchronous driver check  
DSP vetrimodule/approxmd/linreg_plot/y_offi_curr input pin vetrimodule/approxmd/linreg_plot/y_offi_curr/A[1] is connected to registers with an asynchronous reset. This is preventing the possibility of merging these registers in to the DSP Block since the DSP block registers only possess synchronous reset capability.  It is suggested to recode or change these registers to remove the reset or use a synchronous reset to get the best optimization for performance, power and area.
Related violations: <none>

DPIR-1#99 Warning
Asynchronous driver check  
DSP vetrimodule/approxmd/linreg_plot/y_offi_curr input pin vetrimodule/approxmd/linreg_plot/y_offi_curr/A[20] is connected to registers with an asynchronous reset. This is preventing the possibility of merging these registers in to the DSP Block since the DSP block registers only possess synchronous reset capability.  It is suggested to recode or change these registers to remove the reset or use a synchronous reset to get the best optimization for performance, power and area.
Related violations: <none>

DPIR-1#100 Warning
Asynchronous driver check  
DSP vetrimodule/approxmd/linreg_plot/y_offi_curr input pin vetrimodule/approxmd/linreg_plot/y_offi_curr/A[21] is connected to registers with an asynchronous reset. This is preventing the possibility of merging these registers in to the DSP Block since the DSP block registers only possess synchronous reset capability.  It is suggested to recode or change these registers to remove the reset or use a synchronous reset to get the best optimization for performance, power and area.
Related violations: <none>

DPIR-1#101 Warning
Asynchronous driver check  
DSP vetrimodule/approxmd/linreg_plot/y_offi_curr input pin vetrimodule/approxmd/linreg_plot/y_offi_curr/A[22] is connected to registers with an asynchronous reset. This is preventing the possibility of merging these registers in to the DSP Block since the DSP block registers only possess synchronous reset capability.  It is suggested to recode or change these registers to remove the reset or use a synchronous reset to get the best optimization for performance, power and area.
Related violations: <none>

DPIR-1#102 Warning
Asynchronous driver check  
DSP vetrimodule/approxmd/linreg_plot/y_offi_curr input pin vetrimodule/approxmd/linreg_plot/y_offi_curr/A[23] is connected to registers with an asynchronous reset. This is preventing the possibility of merging these registers in to the DSP Block since the DSP block registers only possess synchronous reset capability.  It is suggested to recode or change these registers to remove the reset or use a synchronous reset to get the best optimization for performance, power and area.
Related violations: <none>

DPIR-1#103 Warning
Asynchronous driver check  
DSP vetrimodule/approxmd/linreg_plot/y_offi_curr input pin vetrimodule/approxmd/linreg_plot/y_offi_curr/A[24] is connected to registers with an asynchronous reset. This is preventing the possibility of merging these registers in to the DSP Block since the DSP block registers only possess synchronous reset capability.  It is suggested to recode or change these registers to remove the reset or use a synchronous reset to get the best optimization for performance, power and area.
Related violations: <none>

DPIR-1#104 Warning
Asynchronous driver check  
DSP vetrimodule/approxmd/linreg_plot/y_offi_curr input pin vetrimodule/approxmd/linreg_plot/y_offi_curr/A[25] is connected to registers with an asynchronous reset. This is preventing the possibility of merging these registers in to the DSP Block since the DSP block registers only possess synchronous reset capability.  It is suggested to recode or change these registers to remove the reset or use a synchronous reset to get the best optimization for performance, power and area.
Related violations: <none>

DPIR-1#105 Warning
Asynchronous driver check  
DSP vetrimodule/approxmd/linreg_plot/y_offi_curr input pin vetrimodule/approxmd/linreg_plot/y_offi_curr/A[26] is connected to registers with an asynchronous reset. This is preventing the possibility of merging these registers in to the DSP Block since the DSP block registers only possess synchronous reset capability.  It is suggested to recode or change these registers to remove the reset or use a synchronous reset to get the best optimization for performance, power and area.
Related violations: <none>

DPIR-1#106 Warning
Asynchronous driver check  
DSP vetrimodule/approxmd/linreg_plot/y_offi_curr input pin vetrimodule/approxmd/linreg_plot/y_offi_curr/A[27] is connected to registers with an asynchronous reset. This is preventing the possibility of merging these registers in to the DSP Block since the DSP block registers only possess synchronous reset capability.  It is suggested to recode or change these registers to remove the reset or use a synchronous reset to get the best optimization for performance, power and area.
Related violations: <none>

DPIR-1#107 Warning
Asynchronous driver check  
DSP vetrimodule/approxmd/linreg_plot/y_offi_curr input pin vetrimodule/approxmd/linreg_plot/y_offi_curr/A[28] is connected to registers with an asynchronous reset. This is preventing the possibility of merging these registers in to the DSP Block since the DSP block registers only possess synchronous reset capability.  It is suggested to recode or change these registers to remove the reset or use a synchronous reset to get the best optimization for performance, power and area.
Related violations: <none>

DPIR-1#108 Warning
Asynchronous driver check  
DSP vetrimodule/approxmd/linreg_plot/y_offi_curr input pin vetrimodule/approxmd/linreg_plot/y_offi_curr/A[29] is connected to registers with an asynchronous reset. This is preventing the possibility of merging these registers in to the DSP Block since the DSP block registers only possess synchronous reset capability.  It is suggested to recode or change these registers to remove the reset or use a synchronous reset to get the best optimization for performance, power and area.
Related violations: <none>

DPIR-1#109 Warning
Asynchronous driver check  
DSP vetrimodule/approxmd/linreg_plot/y_offi_curr input pin vetrimodule/approxmd/linreg_plot/y_offi_curr/A[2] is connected to registers with an asynchronous reset. This is preventing the possibility of merging these registers in to the DSP Block since the DSP block registers only possess synchronous reset capability.  It is suggested to recode or change these registers to remove the reset or use a synchronous reset to get the best optimization for performance, power and area.
Related violations: <none>

DPIR-1#110 Warning
Asynchronous driver check  
DSP vetrimodule/approxmd/linreg_plot/y_offi_curr input pin vetrimodule/approxmd/linreg_plot/y_offi_curr/A[3] is connected to registers with an asynchronous reset. This is preventing the possibility of merging these registers in to the DSP Block since the DSP block registers only possess synchronous reset capability.  It is suggested to recode or change these registers to remove the reset or use a synchronous reset to get the best optimization for performance, power and area.
Related violations: <none>

DPIR-1#111 Warning
Asynchronous driver check  
DSP vetrimodule/approxmd/linreg_plot/y_offi_curr input pin vetrimodule/approxmd/linreg_plot/y_offi_curr/A[4] is connected to registers with an asynchronous reset. This is preventing the possibility of merging these registers in to the DSP Block since the DSP block registers only possess synchronous reset capability.  It is suggested to recode or change these registers to remove the reset or use a synchronous reset to get the best optimization for performance, power and area.
Related violations: <none>

DPIR-1#112 Warning
Asynchronous driver check  
DSP vetrimodule/approxmd/linreg_plot/y_offi_curr input pin vetrimodule/approxmd/linreg_plot/y_offi_curr/A[5] is connected to registers with an asynchronous reset. This is preventing the possibility of merging these registers in to the DSP Block since the DSP block registers only possess synchronous reset capability.  It is suggested to recode or change these registers to remove the reset or use a synchronous reset to get the best optimization for performance, power and area.
Related violations: <none>

DPIR-1#113 Warning
Asynchronous driver check  
DSP vetrimodule/approxmd/linreg_plot/y_offi_curr input pin vetrimodule/approxmd/linreg_plot/y_offi_curr/A[6] is connected to registers with an asynchronous reset. This is preventing the possibility of merging these registers in to the DSP Block since the DSP block registers only possess synchronous reset capability.  It is suggested to recode or change these registers to remove the reset or use a synchronous reset to get the best optimization for performance, power and area.
Related violations: <none>

DPIR-1#114 Warning
Asynchronous driver check  
DSP vetrimodule/approxmd/linreg_plot/y_offi_curr input pin vetrimodule/approxmd/linreg_plot/y_offi_curr/A[7] is connected to registers with an asynchronous reset. This is preventing the possibility of merging these registers in to the DSP Block since the DSP block registers only possess synchronous reset capability.  It is suggested to recode or change these registers to remove the reset or use a synchronous reset to get the best optimization for performance, power and area.
Related violations: <none>

DPIR-1#115 Warning
Asynchronous driver check  
DSP vetrimodule/approxmd/linreg_plot/y_offi_curr input pin vetrimodule/approxmd/linreg_plot/y_offi_curr/A[8] is connected to registers with an asynchronous reset. This is preventing the possibility of merging these registers in to the DSP Block since the DSP block registers only possess synchronous reset capability.  It is suggested to recode or change these registers to remove the reset or use a synchronous reset to get the best optimization for performance, power and area.
Related violations: <none>

DPIR-1#116 Warning
Asynchronous driver check  
DSP vetrimodule/approxmd/linreg_plot/y_offi_curr input pin vetrimodule/approxmd/linreg_plot/y_offi_curr/A[9] is connected to registers with an asynchronous reset. This is preventing the possibility of merging these registers in to the DSP Block since the DSP block registers only possess synchronous reset capability.  It is suggested to recode or change these registers to remove the reset or use a synchronous reset to get the best optimization for performance, power and area.
Related violations: <none>

DPIR-1#117 Warning
Asynchronous driver check  
DSP vetrimodule/approxmd/linreg_plot/y_offi_curr input pin vetrimodule/approxmd/linreg_plot/y_offi_curr/C[0] is connected to registers with an asynchronous reset. This is preventing the possibility of merging these registers in to the DSP Block since the DSP block registers only possess synchronous reset capability.  It is suggested to recode or change these registers to remove the reset or use a synchronous reset to get the best optimization for performance, power and area.
Related violations: <none>

DPIR-1#118 Warning
Asynchronous driver check  
DSP vetrimodule/approxmd/linreg_plot/y_offi_curr input pin vetrimodule/approxmd/linreg_plot/y_offi_curr/C[10] is connected to registers with an asynchronous reset. This is preventing the possibility of merging these registers in to the DSP Block since the DSP block registers only possess synchronous reset capability.  It is suggested to recode or change these registers to remove the reset or use a synchronous reset to get the best optimization for performance, power and area.
Related violations: <none>

DPIR-1#119 Warning
Asynchronous driver check  
DSP vetrimodule/approxmd/linreg_plot/y_offi_curr input pin vetrimodule/approxmd/linreg_plot/y_offi_curr/C[11] is connected to registers with an asynchronous reset. This is preventing the possibility of merging these registers in to the DSP Block since the DSP block registers only possess synchronous reset capability.  It is suggested to recode or change these registers to remove the reset or use a synchronous reset to get the best optimization for performance, power and area.
Related violations: <none>

DPIR-1#120 Warning
Asynchronous driver check  
DSP vetrimodule/approxmd/linreg_plot/y_offi_curr input pin vetrimodule/approxmd/linreg_plot/y_offi_curr/C[12] is connected to registers with an asynchronous reset. This is preventing the possibility of merging these registers in to the DSP Block since the DSP block registers only possess synchronous reset capability.  It is suggested to recode or change these registers to remove the reset or use a synchronous reset to get the best optimization for performance, power and area.
Related violations: <none>

DPIR-1#121 Warning
Asynchronous driver check  
DSP vetrimodule/approxmd/linreg_plot/y_offi_curr input pin vetrimodule/approxmd/linreg_plot/y_offi_curr/C[13] is connected to registers with an asynchronous reset. This is preventing the possibility of merging these registers in to the DSP Block since the DSP block registers only possess synchronous reset capability.  It is suggested to recode or change these registers to remove the reset or use a synchronous reset to get the best optimization for performance, power and area.
Related violations: <none>

DPIR-1#122 Warning
Asynchronous driver check  
DSP vetrimodule/approxmd/linreg_plot/y_offi_curr input pin vetrimodule/approxmd/linreg_plot/y_offi_curr/C[14] is connected to registers with an asynchronous reset. This is preventing the possibility of merging these registers in to the DSP Block since the DSP block registers only possess synchronous reset capability.  It is suggested to recode or change these registers to remove the reset or use a synchronous reset to get the best optimization for performance, power and area.
Related violations: <none>

DPIR-1#123 Warning
Asynchronous driver check  
DSP vetrimodule/approxmd/linreg_plot/y_offi_curr input pin vetrimodule/approxmd/linreg_plot/y_offi_curr/C[15] is connected to registers with an asynchronous reset. This is preventing the possibility of merging these registers in to the DSP Block since the DSP block registers only possess synchronous reset capability.  It is suggested to recode or change these registers to remove the reset or use a synchronous reset to get the best optimization for performance, power and area.
Related violations: <none>

DPIR-1#124 Warning
Asynchronous driver check  
DSP vetrimodule/approxmd/linreg_plot/y_offi_curr input pin vetrimodule/approxmd/linreg_plot/y_offi_curr/C[16] is connected to registers with an asynchronous reset. This is preventing the possibility of merging these registers in to the DSP Block since the DSP block registers only possess synchronous reset capability.  It is suggested to recode or change these registers to remove the reset or use a synchronous reset to get the best optimization for performance, power and area.
Related violations: <none>

DPIR-1#125 Warning
Asynchronous driver check  
DSP vetrimodule/approxmd/linreg_plot/y_offi_curr input pin vetrimodule/approxmd/linreg_plot/y_offi_curr/C[17] is connected to registers with an asynchronous reset. This is preventing the possibility of merging these registers in to the DSP Block since the DSP block registers only possess synchronous reset capability.  It is suggested to recode or change these registers to remove the reset or use a synchronous reset to get the best optimization for performance, power and area.
Related violations: <none>

DPIR-1#126 Warning
Asynchronous driver check  
DSP vetrimodule/approxmd/linreg_plot/y_offi_curr input pin vetrimodule/approxmd/linreg_plot/y_offi_curr/C[18] is connected to registers with an asynchronous reset. This is preventing the possibility of merging these registers in to the DSP Block since the DSP block registers only possess synchronous reset capability.  It is suggested to recode or change these registers to remove the reset or use a synchronous reset to get the best optimization for performance, power and area.
Related violations: <none>

DPIR-1#127 Warning
Asynchronous driver check  
DSP vetrimodule/approxmd/linreg_plot/y_offi_curr input pin vetrimodule/approxmd/linreg_plot/y_offi_curr/C[19] is connected to registers with an asynchronous reset. This is preventing the possibility of merging these registers in to the DSP Block since the DSP block registers only possess synchronous reset capability.  It is suggested to recode or change these registers to remove the reset or use a synchronous reset to get the best optimization for performance, power and area.
Related violations: <none>

DPIR-1#128 Warning
Asynchronous driver check  
DSP vetrimodule/approxmd/linreg_plot/y_offi_curr input pin vetrimodule/approxmd/linreg_plot/y_offi_curr/C[1] is connected to registers with an asynchronous reset. This is preventing the possibility of merging these registers in to the DSP Block since the DSP block registers only possess synchronous reset capability.  It is suggested to recode or change these registers to remove the reset or use a synchronous reset to get the best optimization for performance, power and area.
Related violations: <none>

DPIR-1#129 Warning
Asynchronous driver check  
DSP vetrimodule/approxmd/linreg_plot/y_offi_curr input pin vetrimodule/approxmd/linreg_plot/y_offi_curr/C[20] is connected to registers with an asynchronous reset. This is preventing the possibility of merging these registers in to the DSP Block since the DSP block registers only possess synchronous reset capability.  It is suggested to recode or change these registers to remove the reset or use a synchronous reset to get the best optimization for performance, power and area.
Related violations: <none>

DPIR-1#130 Warning
Asynchronous driver check  
DSP vetrimodule/approxmd/linreg_plot/y_offi_curr input pin vetrimodule/approxmd/linreg_plot/y_offi_curr/C[21] is connected to registers with an asynchronous reset. This is preventing the possibility of merging these registers in to the DSP Block since the DSP block registers only possess synchronous reset capability.  It is suggested to recode or change these registers to remove the reset or use a synchronous reset to get the best optimization for performance, power and area.
Related violations: <none>

DPIR-1#131 Warning
Asynchronous driver check  
DSP vetrimodule/approxmd/linreg_plot/y_offi_curr input pin vetrimodule/approxmd/linreg_plot/y_offi_curr/C[22] is connected to registers with an asynchronous reset. This is preventing the possibility of merging these registers in to the DSP Block since the DSP block registers only possess synchronous reset capability.  It is suggested to recode or change these registers to remove the reset or use a synchronous reset to get the best optimization for performance, power and area.
Related violations: <none>

DPIR-1#132 Warning
Asynchronous driver check  
DSP vetrimodule/approxmd/linreg_plot/y_offi_curr input pin vetrimodule/approxmd/linreg_plot/y_offi_curr/C[23] is connected to registers with an asynchronous reset. This is preventing the possibility of merging these registers in to the DSP Block since the DSP block registers only possess synchronous reset capability.  It is suggested to recode or change these registers to remove the reset or use a synchronous reset to get the best optimization for performance, power and area.
Related violations: <none>

DPIR-1#133 Warning
Asynchronous driver check  
DSP vetrimodule/approxmd/linreg_plot/y_offi_curr input pin vetrimodule/approxmd/linreg_plot/y_offi_curr/C[24] is connected to registers with an asynchronous reset. This is preventing the possibility of merging these registers in to the DSP Block since the DSP block registers only possess synchronous reset capability.  It is suggested to recode or change these registers to remove the reset or use a synchronous reset to get the best optimization for performance, power and area.
Related violations: <none>

DPIR-1#134 Warning
Asynchronous driver check  
DSP vetrimodule/approxmd/linreg_plot/y_offi_curr input pin vetrimodule/approxmd/linreg_plot/y_offi_curr/C[25] is connected to registers with an asynchronous reset. This is preventing the possibility of merging these registers in to the DSP Block since the DSP block registers only possess synchronous reset capability.  It is suggested to recode or change these registers to remove the reset or use a synchronous reset to get the best optimization for performance, power and area.
Related violations: <none>

DPIR-1#135 Warning
Asynchronous driver check  
DSP vetrimodule/approxmd/linreg_plot/y_offi_curr input pin vetrimodule/approxmd/linreg_plot/y_offi_curr/C[26] is connected to registers with an asynchronous reset. This is preventing the possibility of merging these registers in to the DSP Block since the DSP block registers only possess synchronous reset capability.  It is suggested to recode or change these registers to remove the reset or use a synchronous reset to get the best optimization for performance, power and area.
Related violations: <none>

DPIR-1#136 Warning
Asynchronous driver check  
DSP vetrimodule/approxmd/linreg_plot/y_offi_curr input pin vetrimodule/approxmd/linreg_plot/y_offi_curr/C[27] is connected to registers with an asynchronous reset. This is preventing the possibility of merging these registers in to the DSP Block since the DSP block registers only possess synchronous reset capability.  It is suggested to recode or change these registers to remove the reset or use a synchronous reset to get the best optimization for performance, power and area.
Related violations: <none>

DPIR-1#137 Warning
Asynchronous driver check  
DSP vetrimodule/approxmd/linreg_plot/y_offi_curr input pin vetrimodule/approxmd/linreg_plot/y_offi_curr/C[28] is connected to registers with an asynchronous reset. This is preventing the possibility of merging these registers in to the DSP Block since the DSP block registers only possess synchronous reset capability.  It is suggested to recode or change these registers to remove the reset or use a synchronous reset to get the best optimization for performance, power and area.
Related violations: <none>

DPIR-1#138 Warning
Asynchronous driver check  
DSP vetrimodule/approxmd/linreg_plot/y_offi_curr input pin vetrimodule/approxmd/linreg_plot/y_offi_curr/C[29] is connected to registers with an asynchronous reset. This is preventing the possibility of merging these registers in to the DSP Block since the DSP block registers only possess synchronous reset capability.  It is suggested to recode or change these registers to remove the reset or use a synchronous reset to get the best optimization for performance, power and area.
Related violations: <none>

DPIR-1#139 Warning
Asynchronous driver check  
DSP vetrimodule/approxmd/linreg_plot/y_offi_curr input pin vetrimodule/approxmd/linreg_plot/y_offi_curr/C[2] is connected to registers with an asynchronous reset. This is preventing the possibility of merging these registers in to the DSP Block since the DSP block registers only possess synchronous reset capability.  It is suggested to recode or change these registers to remove the reset or use a synchronous reset to get the best optimization for performance, power and area.
Related violations: <none>

DPIR-1#140 Warning
Asynchronous driver check  
DSP vetrimodule/approxmd/linreg_plot/y_offi_curr input pin vetrimodule/approxmd/linreg_plot/y_offi_curr/C[30] is connected to registers with an asynchronous reset. This is preventing the possibility of merging these registers in to the DSP Block since the DSP block registers only possess synchronous reset capability.  It is suggested to recode or change these registers to remove the reset or use a synchronous reset to get the best optimization for performance, power and area.
Related violations: <none>

DPIR-1#141 Warning
Asynchronous driver check  
DSP vetrimodule/approxmd/linreg_plot/y_offi_curr input pin vetrimodule/approxmd/linreg_plot/y_offi_curr/C[31] is connected to registers with an asynchronous reset. This is preventing the possibility of merging these registers in to the DSP Block since the DSP block registers only possess synchronous reset capability.  It is suggested to recode or change these registers to remove the reset or use a synchronous reset to get the best optimization for performance, power and area.
Related violations: <none>

DPIR-1#142 Warning
Asynchronous driver check  
DSP vetrimodule/approxmd/linreg_plot/y_offi_curr input pin vetrimodule/approxmd/linreg_plot/y_offi_curr/C[32] is connected to registers with an asynchronous reset. This is preventing the possibility of merging these registers in to the DSP Block since the DSP block registers only possess synchronous reset capability.  It is suggested to recode or change these registers to remove the reset or use a synchronous reset to get the best optimization for performance, power and area.
Related violations: <none>

DPIR-1#143 Warning
Asynchronous driver check  
DSP vetrimodule/approxmd/linreg_plot/y_offi_curr input pin vetrimodule/approxmd/linreg_plot/y_offi_curr/C[33] is connected to registers with an asynchronous reset. This is preventing the possibility of merging these registers in to the DSP Block since the DSP block registers only possess synchronous reset capability.  It is suggested to recode or change these registers to remove the reset or use a synchronous reset to get the best optimization for performance, power and area.
Related violations: <none>

DPIR-1#144 Warning
Asynchronous driver check  
DSP vetrimodule/approxmd/linreg_plot/y_offi_curr input pin vetrimodule/approxmd/linreg_plot/y_offi_curr/C[34] is connected to registers with an asynchronous reset. This is preventing the possibility of merging these registers in to the DSP Block since the DSP block registers only possess synchronous reset capability.  It is suggested to recode or change these registers to remove the reset or use a synchronous reset to get the best optimization for performance, power and area.
Related violations: <none>

DPIR-1#145 Warning
Asynchronous driver check  
DSP vetrimodule/approxmd/linreg_plot/y_offi_curr input pin vetrimodule/approxmd/linreg_plot/y_offi_curr/C[35] is connected to registers with an asynchronous reset. This is preventing the possibility of merging these registers in to the DSP Block since the DSP block registers only possess synchronous reset capability.  It is suggested to recode or change these registers to remove the reset or use a synchronous reset to get the best optimization for performance, power and area.
Related violations: <none>

DPIR-1#146 Warning
Asynchronous driver check  
DSP vetrimodule/approxmd/linreg_plot/y_offi_curr input pin vetrimodule/approxmd/linreg_plot/y_offi_curr/C[36] is connected to registers with an asynchronous reset. This is preventing the possibility of merging these registers in to the DSP Block since the DSP block registers only possess synchronous reset capability.  It is suggested to recode or change these registers to remove the reset or use a synchronous reset to get the best optimization for performance, power and area.
Related violations: <none>

DPIR-1#147 Warning
Asynchronous driver check  
DSP vetrimodule/approxmd/linreg_plot/y_offi_curr input pin vetrimodule/approxmd/linreg_plot/y_offi_curr/C[37] is connected to registers with an asynchronous reset. This is preventing the possibility of merging these registers in to the DSP Block since the DSP block registers only possess synchronous reset capability.  It is suggested to recode or change these registers to remove the reset or use a synchronous reset to get the best optimization for performance, power and area.
Related violations: <none>

DPIR-1#148 Warning
Asynchronous driver check  
DSP vetrimodule/approxmd/linreg_plot/y_offi_curr input pin vetrimodule/approxmd/linreg_plot/y_offi_curr/C[38] is connected to registers with an asynchronous reset. This is preventing the possibility of merging these registers in to the DSP Block since the DSP block registers only possess synchronous reset capability.  It is suggested to recode or change these registers to remove the reset or use a synchronous reset to get the best optimization for performance, power and area.
Related violations: <none>

DPIR-1#149 Warning
Asynchronous driver check  
DSP vetrimodule/approxmd/linreg_plot/y_offi_curr input pin vetrimodule/approxmd/linreg_plot/y_offi_curr/C[39] is connected to registers with an asynchronous reset. This is preventing the possibility of merging these registers in to the DSP Block since the DSP block registers only possess synchronous reset capability.  It is suggested to recode or change these registers to remove the reset or use a synchronous reset to get the best optimization for performance, power and area.
Related violations: <none>

DPIR-1#150 Warning
Asynchronous driver check  
DSP vetrimodule/approxmd/linreg_plot/y_offi_curr input pin vetrimodule/approxmd/linreg_plot/y_offi_curr/C[3] is connected to registers with an asynchronous reset. This is preventing the possibility of merging these registers in to the DSP Block since the DSP block registers only possess synchronous reset capability.  It is suggested to recode or change these registers to remove the reset or use a synchronous reset to get the best optimization for performance, power and area.
Related violations: <none>

DPIR-1#151 Warning
Asynchronous driver check  
DSP vetrimodule/approxmd/linreg_plot/y_offi_curr input pin vetrimodule/approxmd/linreg_plot/y_offi_curr/C[40] is connected to registers with an asynchronous reset. This is preventing the possibility of merging these registers in to the DSP Block since the DSP block registers only possess synchronous reset capability.  It is suggested to recode or change these registers to remove the reset or use a synchronous reset to get the best optimization for performance, power and area.
Related violations: <none>

DPIR-1#152 Warning
Asynchronous driver check  
DSP vetrimodule/approxmd/linreg_plot/y_offi_curr input pin vetrimodule/approxmd/linreg_plot/y_offi_curr/C[41] is connected to registers with an asynchronous reset. This is preventing the possibility of merging these registers in to the DSP Block since the DSP block registers only possess synchronous reset capability.  It is suggested to recode or change these registers to remove the reset or use a synchronous reset to get the best optimization for performance, power and area.
Related violations: <none>

DPIR-1#153 Warning
Asynchronous driver check  
DSP vetrimodule/approxmd/linreg_plot/y_offi_curr input pin vetrimodule/approxmd/linreg_plot/y_offi_curr/C[42] is connected to registers with an asynchronous reset. This is preventing the possibility of merging these registers in to the DSP Block since the DSP block registers only possess synchronous reset capability.  It is suggested to recode or change these registers to remove the reset or use a synchronous reset to get the best optimization for performance, power and area.
Related violations: <none>

DPIR-1#154 Warning
Asynchronous driver check  
DSP vetrimodule/approxmd/linreg_plot/y_offi_curr input pin vetrimodule/approxmd/linreg_plot/y_offi_curr/C[43] is connected to registers with an asynchronous reset. This is preventing the possibility of merging these registers in to the DSP Block since the DSP block registers only possess synchronous reset capability.  It is suggested to recode or change these registers to remove the reset or use a synchronous reset to get the best optimization for performance, power and area.
Related violations: <none>

DPIR-1#155 Warning
Asynchronous driver check  
DSP vetrimodule/approxmd/linreg_plot/y_offi_curr input pin vetrimodule/approxmd/linreg_plot/y_offi_curr/C[44] is connected to registers with an asynchronous reset. This is preventing the possibility of merging these registers in to the DSP Block since the DSP block registers only possess synchronous reset capability.  It is suggested to recode or change these registers to remove the reset or use a synchronous reset to get the best optimization for performance, power and area.
Related violations: <none>

DPIR-1#156 Warning
Asynchronous driver check  
DSP vetrimodule/approxmd/linreg_plot/y_offi_curr input pin vetrimodule/approxmd/linreg_plot/y_offi_curr/C[45] is connected to registers with an asynchronous reset. This is preventing the possibility of merging these registers in to the DSP Block since the DSP block registers only possess synchronous reset capability.  It is suggested to recode or change these registers to remove the reset or use a synchronous reset to get the best optimization for performance, power and area.
Related violations: <none>

DPIR-1#157 Warning
Asynchronous driver check  
DSP vetrimodule/approxmd/linreg_plot/y_offi_curr input pin vetrimodule/approxmd/linreg_plot/y_offi_curr/C[46] is connected to registers with an asynchronous reset. This is preventing the possibility of merging these registers in to the DSP Block since the DSP block registers only possess synchronous reset capability.  It is suggested to recode or change these registers to remove the reset or use a synchronous reset to get the best optimization for performance, power and area.
Related violations: <none>

DPIR-1#158 Warning
Asynchronous driver check  
DSP vetrimodule/approxmd/linreg_plot/y_offi_curr input pin vetrimodule/approxmd/linreg_plot/y_offi_curr/C[47] is connected to registers with an asynchronous reset. This is preventing the possibility of merging these registers in to the DSP Block since the DSP block registers only possess synchronous reset capability.  It is suggested to recode or change these registers to remove the reset or use a synchronous reset to get the best optimization for performance, power and area.
Related violations: <none>

DPIR-1#159 Warning
Asynchronous driver check  
DSP vetrimodule/approxmd/linreg_plot/y_offi_curr input pin vetrimodule/approxmd/linreg_plot/y_offi_curr/C[4] is connected to registers with an asynchronous reset. This is preventing the possibility of merging these registers in to the DSP Block since the DSP block registers only possess synchronous reset capability.  It is suggested to recode or change these registers to remove the reset or use a synchronous reset to get the best optimization for performance, power and area.
Related violations: <none>

DPIR-1#160 Warning
Asynchronous driver check  
DSP vetrimodule/approxmd/linreg_plot/y_offi_curr input pin vetrimodule/approxmd/linreg_plot/y_offi_curr/C[5] is connected to registers with an asynchronous reset. This is preventing the possibility of merging these registers in to the DSP Block since the DSP block registers only possess synchronous reset capability.  It is suggested to recode or change these registers to remove the reset or use a synchronous reset to get the best optimization for performance, power and area.
Related violations: <none>

DPIR-1#161 Warning
Asynchronous driver check  
DSP vetrimodule/approxmd/linreg_plot/y_offi_curr input pin vetrimodule/approxmd/linreg_plot/y_offi_curr/C[6] is connected to registers with an asynchronous reset. This is preventing the possibility of merging these registers in to the DSP Block since the DSP block registers only possess synchronous reset capability.  It is suggested to recode or change these registers to remove the reset or use a synchronous reset to get the best optimization for performance, power and area.
Related violations: <none>

DPIR-1#162 Warning
Asynchronous driver check  
DSP vetrimodule/approxmd/linreg_plot/y_offi_curr input pin vetrimodule/approxmd/linreg_plot/y_offi_curr/C[7] is connected to registers with an asynchronous reset. This is preventing the possibility of merging these registers in to the DSP Block since the DSP block registers only possess synchronous reset capability.  It is suggested to recode or change these registers to remove the reset or use a synchronous reset to get the best optimization for performance, power and area.
Related violations: <none>

DPIR-1#163 Warning
Asynchronous driver check  
DSP vetrimodule/approxmd/linreg_plot/y_offi_curr input pin vetrimodule/approxmd/linreg_plot/y_offi_curr/C[8] is connected to registers with an asynchronous reset. This is preventing the possibility of merging these registers in to the DSP Block since the DSP block registers only possess synchronous reset capability.  It is suggested to recode or change these registers to remove the reset or use a synchronous reset to get the best optimization for performance, power and area.
Related violations: <none>

DPIR-1#164 Warning
Asynchronous driver check  
DSP vetrimodule/approxmd/linreg_plot/y_offi_curr input pin vetrimodule/approxmd/linreg_plot/y_offi_curr/C[9] is connected to registers with an asynchronous reset. This is preventing the possibility of merging these registers in to the DSP Block since the DSP block registers only possess synchronous reset capability.  It is suggested to recode or change these registers to remove the reset or use a synchronous reset to get the best optimization for performance, power and area.
Related violations: <none>

DPIR-1#165 Warning
Asynchronous driver check  
DSP vetrimodule/approxmd/linreg_plot/y_offi_prev input pin vetrimodule/approxmd/linreg_plot/y_offi_prev/A[0] is connected to registers with an asynchronous reset. This is preventing the possibility of merging these registers in to the DSP Block since the DSP block registers only possess synchronous reset capability.  It is suggested to recode or change these registers to remove the reset or use a synchronous reset to get the best optimization for performance, power and area.
Related violations: <none>

DPIR-1#166 Warning
Asynchronous driver check  
DSP vetrimodule/approxmd/linreg_plot/y_offi_prev input pin vetrimodule/approxmd/linreg_plot/y_offi_prev/A[10] is connected to registers with an asynchronous reset. This is preventing the possibility of merging these registers in to the DSP Block since the DSP block registers only possess synchronous reset capability.  It is suggested to recode or change these registers to remove the reset or use a synchronous reset to get the best optimization for performance, power and area.
Related violations: <none>

DPIR-1#167 Warning
Asynchronous driver check  
DSP vetrimodule/approxmd/linreg_plot/y_offi_prev input pin vetrimodule/approxmd/linreg_plot/y_offi_prev/A[11] is connected to registers with an asynchronous reset. This is preventing the possibility of merging these registers in to the DSP Block since the DSP block registers only possess synchronous reset capability.  It is suggested to recode or change these registers to remove the reset or use a synchronous reset to get the best optimization for performance, power and area.
Related violations: <none>

DPIR-1#168 Warning
Asynchronous driver check  
DSP vetrimodule/approxmd/linreg_plot/y_offi_prev input pin vetrimodule/approxmd/linreg_plot/y_offi_prev/A[12] is connected to registers with an asynchronous reset. This is preventing the possibility of merging these registers in to the DSP Block since the DSP block registers only possess synchronous reset capability.  It is suggested to recode or change these registers to remove the reset or use a synchronous reset to get the best optimization for performance, power and area.
Related violations: <none>

DPIR-1#169 Warning
Asynchronous driver check  
DSP vetrimodule/approxmd/linreg_plot/y_offi_prev input pin vetrimodule/approxmd/linreg_plot/y_offi_prev/A[13] is connected to registers with an asynchronous reset. This is preventing the possibility of merging these registers in to the DSP Block since the DSP block registers only possess synchronous reset capability.  It is suggested to recode or change these registers to remove the reset or use a synchronous reset to get the best optimization for performance, power and area.
Related violations: <none>

DPIR-1#170 Warning
Asynchronous driver check  
DSP vetrimodule/approxmd/linreg_plot/y_offi_prev input pin vetrimodule/approxmd/linreg_plot/y_offi_prev/A[14] is connected to registers with an asynchronous reset. This is preventing the possibility of merging these registers in to the DSP Block since the DSP block registers only possess synchronous reset capability.  It is suggested to recode or change these registers to remove the reset or use a synchronous reset to get the best optimization for performance, power and area.
Related violations: <none>

DPIR-1#171 Warning
Asynchronous driver check  
DSP vetrimodule/approxmd/linreg_plot/y_offi_prev input pin vetrimodule/approxmd/linreg_plot/y_offi_prev/A[15] is connected to registers with an asynchronous reset. This is preventing the possibility of merging these registers in to the DSP Block since the DSP block registers only possess synchronous reset capability.  It is suggested to recode or change these registers to remove the reset or use a synchronous reset to get the best optimization for performance, power and area.
Related violations: <none>

DPIR-1#172 Warning
Asynchronous driver check  
DSP vetrimodule/approxmd/linreg_plot/y_offi_prev input pin vetrimodule/approxmd/linreg_plot/y_offi_prev/A[16] is connected to registers with an asynchronous reset. This is preventing the possibility of merging these registers in to the DSP Block since the DSP block registers only possess synchronous reset capability.  It is suggested to recode or change these registers to remove the reset or use a synchronous reset to get the best optimization for performance, power and area.
Related violations: <none>

DPIR-1#173 Warning
Asynchronous driver check  
DSP vetrimodule/approxmd/linreg_plot/y_offi_prev input pin vetrimodule/approxmd/linreg_plot/y_offi_prev/A[17] is connected to registers with an asynchronous reset. This is preventing the possibility of merging these registers in to the DSP Block since the DSP block registers only possess synchronous reset capability.  It is suggested to recode or change these registers to remove the reset or use a synchronous reset to get the best optimization for performance, power and area.
Related violations: <none>

DPIR-1#174 Warning
Asynchronous driver check  
DSP vetrimodule/approxmd/linreg_plot/y_offi_prev input pin vetrimodule/approxmd/linreg_plot/y_offi_prev/A[18] is connected to registers with an asynchronous reset. This is preventing the possibility of merging these registers in to the DSP Block since the DSP block registers only possess synchronous reset capability.  It is suggested to recode or change these registers to remove the reset or use a synchronous reset to get the best optimization for performance, power and area.
Related violations: <none>

DPIR-1#175 Warning
Asynchronous driver check  
DSP vetrimodule/approxmd/linreg_plot/y_offi_prev input pin vetrimodule/approxmd/linreg_plot/y_offi_prev/A[19] is connected to registers with an asynchronous reset. This is preventing the possibility of merging these registers in to the DSP Block since the DSP block registers only possess synchronous reset capability.  It is suggested to recode or change these registers to remove the reset or use a synchronous reset to get the best optimization for performance, power and area.
Related violations: <none>

DPIR-1#176 Warning
Asynchronous driver check  
DSP vetrimodule/approxmd/linreg_plot/y_offi_prev input pin vetrimodule/approxmd/linreg_plot/y_offi_prev/A[1] is connected to registers with an asynchronous reset. This is preventing the possibility of merging these registers in to the DSP Block since the DSP block registers only possess synchronous reset capability.  It is suggested to recode or change these registers to remove the reset or use a synchronous reset to get the best optimization for performance, power and area.
Related violations: <none>

DPIR-1#177 Warning
Asynchronous driver check  
DSP vetrimodule/approxmd/linreg_plot/y_offi_prev input pin vetrimodule/approxmd/linreg_plot/y_offi_prev/A[20] is connected to registers with an asynchronous reset. This is preventing the possibility of merging these registers in to the DSP Block since the DSP block registers only possess synchronous reset capability.  It is suggested to recode or change these registers to remove the reset or use a synchronous reset to get the best optimization for performance, power and area.
Related violations: <none>

DPIR-1#178 Warning
Asynchronous driver check  
DSP vetrimodule/approxmd/linreg_plot/y_offi_prev input pin vetrimodule/approxmd/linreg_plot/y_offi_prev/A[21] is connected to registers with an asynchronous reset. This is preventing the possibility of merging these registers in to the DSP Block since the DSP block registers only possess synchronous reset capability.  It is suggested to recode or change these registers to remove the reset or use a synchronous reset to get the best optimization for performance, power and area.
Related violations: <none>

DPIR-1#179 Warning
Asynchronous driver check  
DSP vetrimodule/approxmd/linreg_plot/y_offi_prev input pin vetrimodule/approxmd/linreg_plot/y_offi_prev/A[22] is connected to registers with an asynchronous reset. This is preventing the possibility of merging these registers in to the DSP Block since the DSP block registers only possess synchronous reset capability.  It is suggested to recode or change these registers to remove the reset or use a synchronous reset to get the best optimization for performance, power and area.
Related violations: <none>

DPIR-1#180 Warning
Asynchronous driver check  
DSP vetrimodule/approxmd/linreg_plot/y_offi_prev input pin vetrimodule/approxmd/linreg_plot/y_offi_prev/A[23] is connected to registers with an asynchronous reset. This is preventing the possibility of merging these registers in to the DSP Block since the DSP block registers only possess synchronous reset capability.  It is suggested to recode or change these registers to remove the reset or use a synchronous reset to get the best optimization for performance, power and area.
Related violations: <none>

DPIR-1#181 Warning
Asynchronous driver check  
DSP vetrimodule/approxmd/linreg_plot/y_offi_prev input pin vetrimodule/approxmd/linreg_plot/y_offi_prev/A[24] is connected to registers with an asynchronous reset. This is preventing the possibility of merging these registers in to the DSP Block since the DSP block registers only possess synchronous reset capability.  It is suggested to recode or change these registers to remove the reset or use a synchronous reset to get the best optimization for performance, power and area.
Related violations: <none>

DPIR-1#182 Warning
Asynchronous driver check  
DSP vetrimodule/approxmd/linreg_plot/y_offi_prev input pin vetrimodule/approxmd/linreg_plot/y_offi_prev/A[25] is connected to registers with an asynchronous reset. This is preventing the possibility of merging these registers in to the DSP Block since the DSP block registers only possess synchronous reset capability.  It is suggested to recode or change these registers to remove the reset or use a synchronous reset to get the best optimization for performance, power and area.
Related violations: <none>

DPIR-1#183 Warning
Asynchronous driver check  
DSP vetrimodule/approxmd/linreg_plot/y_offi_prev input pin vetrimodule/approxmd/linreg_plot/y_offi_prev/A[26] is connected to registers with an asynchronous reset. This is preventing the possibility of merging these registers in to the DSP Block since the DSP block registers only possess synchronous reset capability.  It is suggested to recode or change these registers to remove the reset or use a synchronous reset to get the best optimization for performance, power and area.
Related violations: <none>

DPIR-1#184 Warning
Asynchronous driver check  
DSP vetrimodule/approxmd/linreg_plot/y_offi_prev input pin vetrimodule/approxmd/linreg_plot/y_offi_prev/A[27] is connected to registers with an asynchronous reset. This is preventing the possibility of merging these registers in to the DSP Block since the DSP block registers only possess synchronous reset capability.  It is suggested to recode or change these registers to remove the reset or use a synchronous reset to get the best optimization for performance, power and area.
Related violations: <none>

DPIR-1#185 Warning
Asynchronous driver check  
DSP vetrimodule/approxmd/linreg_plot/y_offi_prev input pin vetrimodule/approxmd/linreg_plot/y_offi_prev/A[28] is connected to registers with an asynchronous reset. This is preventing the possibility of merging these registers in to the DSP Block since the DSP block registers only possess synchronous reset capability.  It is suggested to recode or change these registers to remove the reset or use a synchronous reset to get the best optimization for performance, power and area.
Related violations: <none>

DPIR-1#186 Warning
Asynchronous driver check  
DSP vetrimodule/approxmd/linreg_plot/y_offi_prev input pin vetrimodule/approxmd/linreg_plot/y_offi_prev/A[29] is connected to registers with an asynchronous reset. This is preventing the possibility of merging these registers in to the DSP Block since the DSP block registers only possess synchronous reset capability.  It is suggested to recode or change these registers to remove the reset or use a synchronous reset to get the best optimization for performance, power and area.
Related violations: <none>

DPIR-1#187 Warning
Asynchronous driver check  
DSP vetrimodule/approxmd/linreg_plot/y_offi_prev input pin vetrimodule/approxmd/linreg_plot/y_offi_prev/A[2] is connected to registers with an asynchronous reset. This is preventing the possibility of merging these registers in to the DSP Block since the DSP block registers only possess synchronous reset capability.  It is suggested to recode or change these registers to remove the reset or use a synchronous reset to get the best optimization for performance, power and area.
Related violations: <none>

DPIR-1#188 Warning
Asynchronous driver check  
DSP vetrimodule/approxmd/linreg_plot/y_offi_prev input pin vetrimodule/approxmd/linreg_plot/y_offi_prev/A[3] is connected to registers with an asynchronous reset. This is preventing the possibility of merging these registers in to the DSP Block since the DSP block registers only possess synchronous reset capability.  It is suggested to recode or change these registers to remove the reset or use a synchronous reset to get the best optimization for performance, power and area.
Related violations: <none>

DPIR-1#189 Warning
Asynchronous driver check  
DSP vetrimodule/approxmd/linreg_plot/y_offi_prev input pin vetrimodule/approxmd/linreg_plot/y_offi_prev/A[4] is connected to registers with an asynchronous reset. This is preventing the possibility of merging these registers in to the DSP Block since the DSP block registers only possess synchronous reset capability.  It is suggested to recode or change these registers to remove the reset or use a synchronous reset to get the best optimization for performance, power and area.
Related violations: <none>

DPIR-1#190 Warning
Asynchronous driver check  
DSP vetrimodule/approxmd/linreg_plot/y_offi_prev input pin vetrimodule/approxmd/linreg_plot/y_offi_prev/A[5] is connected to registers with an asynchronous reset. This is preventing the possibility of merging these registers in to the DSP Block since the DSP block registers only possess synchronous reset capability.  It is suggested to recode or change these registers to remove the reset or use a synchronous reset to get the best optimization for performance, power and area.
Related violations: <none>

DPIR-1#191 Warning
Asynchronous driver check  
DSP vetrimodule/approxmd/linreg_plot/y_offi_prev input pin vetrimodule/approxmd/linreg_plot/y_offi_prev/A[6] is connected to registers with an asynchronous reset. This is preventing the possibility of merging these registers in to the DSP Block since the DSP block registers only possess synchronous reset capability.  It is suggested to recode or change these registers to remove the reset or use a synchronous reset to get the best optimization for performance, power and area.
Related violations: <none>

DPIR-1#192 Warning
Asynchronous driver check  
DSP vetrimodule/approxmd/linreg_plot/y_offi_prev input pin vetrimodule/approxmd/linreg_plot/y_offi_prev/A[7] is connected to registers with an asynchronous reset. This is preventing the possibility of merging these registers in to the DSP Block since the DSP block registers only possess synchronous reset capability.  It is suggested to recode or change these registers to remove the reset or use a synchronous reset to get the best optimization for performance, power and area.
Related violations: <none>

DPIR-1#193 Warning
Asynchronous driver check  
DSP vetrimodule/approxmd/linreg_plot/y_offi_prev input pin vetrimodule/approxmd/linreg_plot/y_offi_prev/A[8] is connected to registers with an asynchronous reset. This is preventing the possibility of merging these registers in to the DSP Block since the DSP block registers only possess synchronous reset capability.  It is suggested to recode or change these registers to remove the reset or use a synchronous reset to get the best optimization for performance, power and area.
Related violations: <none>

DPIR-1#194 Warning
Asynchronous driver check  
DSP vetrimodule/approxmd/linreg_plot/y_offi_prev input pin vetrimodule/approxmd/linreg_plot/y_offi_prev/A[9] is connected to registers with an asynchronous reset. This is preventing the possibility of merging these registers in to the DSP Block since the DSP block registers only possess synchronous reset capability.  It is suggested to recode or change these registers to remove the reset or use a synchronous reset to get the best optimization for performance, power and area.
Related violations: <none>

DPIR-1#195 Warning
Asynchronous driver check  
DSP vetrimodule/approxmd/linreg_plot/y_offi_prev input pin vetrimodule/approxmd/linreg_plot/y_offi_prev/C[0] is connected to registers with an asynchronous reset. This is preventing the possibility of merging these registers in to the DSP Block since the DSP block registers only possess synchronous reset capability.  It is suggested to recode or change these registers to remove the reset or use a synchronous reset to get the best optimization for performance, power and area.
Related violations: <none>

DPIR-1#196 Warning
Asynchronous driver check  
DSP vetrimodule/approxmd/linreg_plot/y_offi_prev input pin vetrimodule/approxmd/linreg_plot/y_offi_prev/C[10] is connected to registers with an asynchronous reset. This is preventing the possibility of merging these registers in to the DSP Block since the DSP block registers only possess synchronous reset capability.  It is suggested to recode or change these registers to remove the reset or use a synchronous reset to get the best optimization for performance, power and area.
Related violations: <none>

DPIR-1#197 Warning
Asynchronous driver check  
DSP vetrimodule/approxmd/linreg_plot/y_offi_prev input pin vetrimodule/approxmd/linreg_plot/y_offi_prev/C[11] is connected to registers with an asynchronous reset. This is preventing the possibility of merging these registers in to the DSP Block since the DSP block registers only possess synchronous reset capability.  It is suggested to recode or change these registers to remove the reset or use a synchronous reset to get the best optimization for performance, power and area.
Related violations: <none>

DPIR-1#198 Warning
Asynchronous driver check  
DSP vetrimodule/approxmd/linreg_plot/y_offi_prev input pin vetrimodule/approxmd/linreg_plot/y_offi_prev/C[12] is connected to registers with an asynchronous reset. This is preventing the possibility of merging these registers in to the DSP Block since the DSP block registers only possess synchronous reset capability.  It is suggested to recode or change these registers to remove the reset or use a synchronous reset to get the best optimization for performance, power and area.
Related violations: <none>

DPIR-1#199 Warning
Asynchronous driver check  
DSP vetrimodule/approxmd/linreg_plot/y_offi_prev input pin vetrimodule/approxmd/linreg_plot/y_offi_prev/C[13] is connected to registers with an asynchronous reset. This is preventing the possibility of merging these registers in to the DSP Block since the DSP block registers only possess synchronous reset capability.  It is suggested to recode or change these registers to remove the reset or use a synchronous reset to get the best optimization for performance, power and area.
Related violations: <none>

DPIR-1#200 Warning
Asynchronous driver check  
DSP vetrimodule/approxmd/linreg_plot/y_offi_prev input pin vetrimodule/approxmd/linreg_plot/y_offi_prev/C[14] is connected to registers with an asynchronous reset. This is preventing the possibility of merging these registers in to the DSP Block since the DSP block registers only possess synchronous reset capability.  It is suggested to recode or change these registers to remove the reset or use a synchronous reset to get the best optimization for performance, power and area.
Related violations: <none>

DPIR-1#201 Warning
Asynchronous driver check  
DSP vetrimodule/approxmd/linreg_plot/y_offi_prev input pin vetrimodule/approxmd/linreg_plot/y_offi_prev/C[15] is connected to registers with an asynchronous reset. This is preventing the possibility of merging these registers in to the DSP Block since the DSP block registers only possess synchronous reset capability.  It is suggested to recode or change these registers to remove the reset or use a synchronous reset to get the best optimization for performance, power and area.
Related violations: <none>

DPIR-1#202 Warning
Asynchronous driver check  
DSP vetrimodule/approxmd/linreg_plot/y_offi_prev input pin vetrimodule/approxmd/linreg_plot/y_offi_prev/C[16] is connected to registers with an asynchronous reset. This is preventing the possibility of merging these registers in to the DSP Block since the DSP block registers only possess synchronous reset capability.  It is suggested to recode or change these registers to remove the reset or use a synchronous reset to get the best optimization for performance, power and area.
Related violations: <none>

DPIR-1#203 Warning
Asynchronous driver check  
DSP vetrimodule/approxmd/linreg_plot/y_offi_prev input pin vetrimodule/approxmd/linreg_plot/y_offi_prev/C[17] is connected to registers with an asynchronous reset. This is preventing the possibility of merging these registers in to the DSP Block since the DSP block registers only possess synchronous reset capability.  It is suggested to recode or change these registers to remove the reset or use a synchronous reset to get the best optimization for performance, power and area.
Related violations: <none>

DPIR-1#204 Warning
Asynchronous driver check  
DSP vetrimodule/approxmd/linreg_plot/y_offi_prev input pin vetrimodule/approxmd/linreg_plot/y_offi_prev/C[18] is connected to registers with an asynchronous reset. This is preventing the possibility of merging these registers in to the DSP Block since the DSP block registers only possess synchronous reset capability.  It is suggested to recode or change these registers to remove the reset or use a synchronous reset to get the best optimization for performance, power and area.
Related violations: <none>

DPIR-1#205 Warning
Asynchronous driver check  
DSP vetrimodule/approxmd/linreg_plot/y_offi_prev input pin vetrimodule/approxmd/linreg_plot/y_offi_prev/C[19] is connected to registers with an asynchronous reset. This is preventing the possibility of merging these registers in to the DSP Block since the DSP block registers only possess synchronous reset capability.  It is suggested to recode or change these registers to remove the reset or use a synchronous reset to get the best optimization for performance, power and area.
Related violations: <none>

DPIR-1#206 Warning
Asynchronous driver check  
DSP vetrimodule/approxmd/linreg_plot/y_offi_prev input pin vetrimodule/approxmd/linreg_plot/y_offi_prev/C[1] is connected to registers with an asynchronous reset. This is preventing the possibility of merging these registers in to the DSP Block since the DSP block registers only possess synchronous reset capability.  It is suggested to recode or change these registers to remove the reset or use a synchronous reset to get the best optimization for performance, power and area.
Related violations: <none>

DPIR-1#207 Warning
Asynchronous driver check  
DSP vetrimodule/approxmd/linreg_plot/y_offi_prev input pin vetrimodule/approxmd/linreg_plot/y_offi_prev/C[20] is connected to registers with an asynchronous reset. This is preventing the possibility of merging these registers in to the DSP Block since the DSP block registers only possess synchronous reset capability.  It is suggested to recode or change these registers to remove the reset or use a synchronous reset to get the best optimization for performance, power and area.
Related violations: <none>

DPIR-1#208 Warning
Asynchronous driver check  
DSP vetrimodule/approxmd/linreg_plot/y_offi_prev input pin vetrimodule/approxmd/linreg_plot/y_offi_prev/C[21] is connected to registers with an asynchronous reset. This is preventing the possibility of merging these registers in to the DSP Block since the DSP block registers only possess synchronous reset capability.  It is suggested to recode or change these registers to remove the reset or use a synchronous reset to get the best optimization for performance, power and area.
Related violations: <none>

DPIR-1#209 Warning
Asynchronous driver check  
DSP vetrimodule/approxmd/linreg_plot/y_offi_prev input pin vetrimodule/approxmd/linreg_plot/y_offi_prev/C[22] is connected to registers with an asynchronous reset. This is preventing the possibility of merging these registers in to the DSP Block since the DSP block registers only possess synchronous reset capability.  It is suggested to recode or change these registers to remove the reset or use a synchronous reset to get the best optimization for performance, power and area.
Related violations: <none>

DPIR-1#210 Warning
Asynchronous driver check  
DSP vetrimodule/approxmd/linreg_plot/y_offi_prev input pin vetrimodule/approxmd/linreg_plot/y_offi_prev/C[23] is connected to registers with an asynchronous reset. This is preventing the possibility of merging these registers in to the DSP Block since the DSP block registers only possess synchronous reset capability.  It is suggested to recode or change these registers to remove the reset or use a synchronous reset to get the best optimization for performance, power and area.
Related violations: <none>

DPIR-1#211 Warning
Asynchronous driver check  
DSP vetrimodule/approxmd/linreg_plot/y_offi_prev input pin vetrimodule/approxmd/linreg_plot/y_offi_prev/C[24] is connected to registers with an asynchronous reset. This is preventing the possibility of merging these registers in to the DSP Block since the DSP block registers only possess synchronous reset capability.  It is suggested to recode or change these registers to remove the reset or use a synchronous reset to get the best optimization for performance, power and area.
Related violations: <none>

DPIR-1#212 Warning
Asynchronous driver check  
DSP vetrimodule/approxmd/linreg_plot/y_offi_prev input pin vetrimodule/approxmd/linreg_plot/y_offi_prev/C[25] is connected to registers with an asynchronous reset. This is preventing the possibility of merging these registers in to the DSP Block since the DSP block registers only possess synchronous reset capability.  It is suggested to recode or change these registers to remove the reset or use a synchronous reset to get the best optimization for performance, power and area.
Related violations: <none>

DPIR-1#213 Warning
Asynchronous driver check  
DSP vetrimodule/approxmd/linreg_plot/y_offi_prev input pin vetrimodule/approxmd/linreg_plot/y_offi_prev/C[26] is connected to registers with an asynchronous reset. This is preventing the possibility of merging these registers in to the DSP Block since the DSP block registers only possess synchronous reset capability.  It is suggested to recode or change these registers to remove the reset or use a synchronous reset to get the best optimization for performance, power and area.
Related violations: <none>

DPIR-1#214 Warning
Asynchronous driver check  
DSP vetrimodule/approxmd/linreg_plot/y_offi_prev input pin vetrimodule/approxmd/linreg_plot/y_offi_prev/C[27] is connected to registers with an asynchronous reset. This is preventing the possibility of merging these registers in to the DSP Block since the DSP block registers only possess synchronous reset capability.  It is suggested to recode or change these registers to remove the reset or use a synchronous reset to get the best optimization for performance, power and area.
Related violations: <none>

DPIR-1#215 Warning
Asynchronous driver check  
DSP vetrimodule/approxmd/linreg_plot/y_offi_prev input pin vetrimodule/approxmd/linreg_plot/y_offi_prev/C[28] is connected to registers with an asynchronous reset. This is preventing the possibility of merging these registers in to the DSP Block since the DSP block registers only possess synchronous reset capability.  It is suggested to recode or change these registers to remove the reset or use a synchronous reset to get the best optimization for performance, power and area.
Related violations: <none>

DPIR-1#216 Warning
Asynchronous driver check  
DSP vetrimodule/approxmd/linreg_plot/y_offi_prev input pin vetrimodule/approxmd/linreg_plot/y_offi_prev/C[29] is connected to registers with an asynchronous reset. This is preventing the possibility of merging these registers in to the DSP Block since the DSP block registers only possess synchronous reset capability.  It is suggested to recode or change these registers to remove the reset or use a synchronous reset to get the best optimization for performance, power and area.
Related violations: <none>

DPIR-1#217 Warning
Asynchronous driver check  
DSP vetrimodule/approxmd/linreg_plot/y_offi_prev input pin vetrimodule/approxmd/linreg_plot/y_offi_prev/C[2] is connected to registers with an asynchronous reset. This is preventing the possibility of merging these registers in to the DSP Block since the DSP block registers only possess synchronous reset capability.  It is suggested to recode or change these registers to remove the reset or use a synchronous reset to get the best optimization for performance, power and area.
Related violations: <none>

DPIR-1#218 Warning
Asynchronous driver check  
DSP vetrimodule/approxmd/linreg_plot/y_offi_prev input pin vetrimodule/approxmd/linreg_plot/y_offi_prev/C[30] is connected to registers with an asynchronous reset. This is preventing the possibility of merging these registers in to the DSP Block since the DSP block registers only possess synchronous reset capability.  It is suggested to recode or change these registers to remove the reset or use a synchronous reset to get the best optimization for performance, power and area.
Related violations: <none>

DPIR-1#219 Warning
Asynchronous driver check  
DSP vetrimodule/approxmd/linreg_plot/y_offi_prev input pin vetrimodule/approxmd/linreg_plot/y_offi_prev/C[31] is connected to registers with an asynchronous reset. This is preventing the possibility of merging these registers in to the DSP Block since the DSP block registers only possess synchronous reset capability.  It is suggested to recode or change these registers to remove the reset or use a synchronous reset to get the best optimization for performance, power and area.
Related violations: <none>

DPIR-1#220 Warning
Asynchronous driver check  
DSP vetrimodule/approxmd/linreg_plot/y_offi_prev input pin vetrimodule/approxmd/linreg_plot/y_offi_prev/C[32] is connected to registers with an asynchronous reset. This is preventing the possibility of merging these registers in to the DSP Block since the DSP block registers only possess synchronous reset capability.  It is suggested to recode or change these registers to remove the reset or use a synchronous reset to get the best optimization for performance, power and area.
Related violations: <none>

DPIR-1#221 Warning
Asynchronous driver check  
DSP vetrimodule/approxmd/linreg_plot/y_offi_prev input pin vetrimodule/approxmd/linreg_plot/y_offi_prev/C[33] is connected to registers with an asynchronous reset. This is preventing the possibility of merging these registers in to the DSP Block since the DSP block registers only possess synchronous reset capability.  It is suggested to recode or change these registers to remove the reset or use a synchronous reset to get the best optimization for performance, power and area.
Related violations: <none>

DPIR-1#222 Warning
Asynchronous driver check  
DSP vetrimodule/approxmd/linreg_plot/y_offi_prev input pin vetrimodule/approxmd/linreg_plot/y_offi_prev/C[34] is connected to registers with an asynchronous reset. This is preventing the possibility of merging these registers in to the DSP Block since the DSP block registers only possess synchronous reset capability.  It is suggested to recode or change these registers to remove the reset or use a synchronous reset to get the best optimization for performance, power and area.
Related violations: <none>

DPIR-1#223 Warning
Asynchronous driver check  
DSP vetrimodule/approxmd/linreg_plot/y_offi_prev input pin vetrimodule/approxmd/linreg_plot/y_offi_prev/C[35] is connected to registers with an asynchronous reset. This is preventing the possibility of merging these registers in to the DSP Block since the DSP block registers only possess synchronous reset capability.  It is suggested to recode or change these registers to remove the reset or use a synchronous reset to get the best optimization for performance, power and area.
Related violations: <none>

DPIR-1#224 Warning
Asynchronous driver check  
DSP vetrimodule/approxmd/linreg_plot/y_offi_prev input pin vetrimodule/approxmd/linreg_plot/y_offi_prev/C[36] is connected to registers with an asynchronous reset. This is preventing the possibility of merging these registers in to the DSP Block since the DSP block registers only possess synchronous reset capability.  It is suggested to recode or change these registers to remove the reset or use a synchronous reset to get the best optimization for performance, power and area.
Related violations: <none>

DPIR-1#225 Warning
Asynchronous driver check  
DSP vetrimodule/approxmd/linreg_plot/y_offi_prev input pin vetrimodule/approxmd/linreg_plot/y_offi_prev/C[37] is connected to registers with an asynchronous reset. This is preventing the possibility of merging these registers in to the DSP Block since the DSP block registers only possess synchronous reset capability.  It is suggested to recode or change these registers to remove the reset or use a synchronous reset to get the best optimization for performance, power and area.
Related violations: <none>

DPIR-1#226 Warning
Asynchronous driver check  
DSP vetrimodule/approxmd/linreg_plot/y_offi_prev input pin vetrimodule/approxmd/linreg_plot/y_offi_prev/C[38] is connected to registers with an asynchronous reset. This is preventing the possibility of merging these registers in to the DSP Block since the DSP block registers only possess synchronous reset capability.  It is suggested to recode or change these registers to remove the reset or use a synchronous reset to get the best optimization for performance, power and area.
Related violations: <none>

DPIR-1#227 Warning
Asynchronous driver check  
DSP vetrimodule/approxmd/linreg_plot/y_offi_prev input pin vetrimodule/approxmd/linreg_plot/y_offi_prev/C[39] is connected to registers with an asynchronous reset. This is preventing the possibility of merging these registers in to the DSP Block since the DSP block registers only possess synchronous reset capability.  It is suggested to recode or change these registers to remove the reset or use a synchronous reset to get the best optimization for performance, power and area.
Related violations: <none>

DPIR-1#228 Warning
Asynchronous driver check  
DSP vetrimodule/approxmd/linreg_plot/y_offi_prev input pin vetrimodule/approxmd/linreg_plot/y_offi_prev/C[3] is connected to registers with an asynchronous reset. This is preventing the possibility of merging these registers in to the DSP Block since the DSP block registers only possess synchronous reset capability.  It is suggested to recode or change these registers to remove the reset or use a synchronous reset to get the best optimization for performance, power and area.
Related violations: <none>

DPIR-1#229 Warning
Asynchronous driver check  
DSP vetrimodule/approxmd/linreg_plot/y_offi_prev input pin vetrimodule/approxmd/linreg_plot/y_offi_prev/C[40] is connected to registers with an asynchronous reset. This is preventing the possibility of merging these registers in to the DSP Block since the DSP block registers only possess synchronous reset capability.  It is suggested to recode or change these registers to remove the reset or use a synchronous reset to get the best optimization for performance, power and area.
Related violations: <none>

DPIR-1#230 Warning
Asynchronous driver check  
DSP vetrimodule/approxmd/linreg_plot/y_offi_prev input pin vetrimodule/approxmd/linreg_plot/y_offi_prev/C[41] is connected to registers with an asynchronous reset. This is preventing the possibility of merging these registers in to the DSP Block since the DSP block registers only possess synchronous reset capability.  It is suggested to recode or change these registers to remove the reset or use a synchronous reset to get the best optimization for performance, power and area.
Related violations: <none>

DPIR-1#231 Warning
Asynchronous driver check  
DSP vetrimodule/approxmd/linreg_plot/y_offi_prev input pin vetrimodule/approxmd/linreg_plot/y_offi_prev/C[42] is connected to registers with an asynchronous reset. This is preventing the possibility of merging these registers in to the DSP Block since the DSP block registers only possess synchronous reset capability.  It is suggested to recode or change these registers to remove the reset or use a synchronous reset to get the best optimization for performance, power and area.
Related violations: <none>

DPIR-1#232 Warning
Asynchronous driver check  
DSP vetrimodule/approxmd/linreg_plot/y_offi_prev input pin vetrimodule/approxmd/linreg_plot/y_offi_prev/C[43] is connected to registers with an asynchronous reset. This is preventing the possibility of merging these registers in to the DSP Block since the DSP block registers only possess synchronous reset capability.  It is suggested to recode or change these registers to remove the reset or use a synchronous reset to get the best optimization for performance, power and area.
Related violations: <none>

DPIR-1#233 Warning
Asynchronous driver check  
DSP vetrimodule/approxmd/linreg_plot/y_offi_prev input pin vetrimodule/approxmd/linreg_plot/y_offi_prev/C[44] is connected to registers with an asynchronous reset. This is preventing the possibility of merging these registers in to the DSP Block since the DSP block registers only possess synchronous reset capability.  It is suggested to recode or change these registers to remove the reset or use a synchronous reset to get the best optimization for performance, power and area.
Related violations: <none>

DPIR-1#234 Warning
Asynchronous driver check  
DSP vetrimodule/approxmd/linreg_plot/y_offi_prev input pin vetrimodule/approxmd/linreg_plot/y_offi_prev/C[45] is connected to registers with an asynchronous reset. This is preventing the possibility of merging these registers in to the DSP Block since the DSP block registers only possess synchronous reset capability.  It is suggested to recode or change these registers to remove the reset or use a synchronous reset to get the best optimization for performance, power and area.
Related violations: <none>

DPIR-1#235 Warning
Asynchronous driver check  
DSP vetrimodule/approxmd/linreg_plot/y_offi_prev input pin vetrimodule/approxmd/linreg_plot/y_offi_prev/C[46] is connected to registers with an asynchronous reset. This is preventing the possibility of merging these registers in to the DSP Block since the DSP block registers only possess synchronous reset capability.  It is suggested to recode or change these registers to remove the reset or use a synchronous reset to get the best optimization for performance, power and area.
Related violations: <none>

DPIR-1#236 Warning
Asynchronous driver check  
DSP vetrimodule/approxmd/linreg_plot/y_offi_prev input pin vetrimodule/approxmd/linreg_plot/y_offi_prev/C[47] is connected to registers with an asynchronous reset. This is preventing the possibility of merging these registers in to the DSP Block since the DSP block registers only possess synchronous reset capability.  It is suggested to recode or change these registers to remove the reset or use a synchronous reset to get the best optimization for performance, power and area.
Related violations: <none>

DPIR-1#237 Warning
Asynchronous driver check  
DSP vetrimodule/approxmd/linreg_plot/y_offi_prev input pin vetrimodule/approxmd/linreg_plot/y_offi_prev/C[4] is connected to registers with an asynchronous reset. This is preventing the possibility of merging these registers in to the DSP Block since the DSP block registers only possess synchronous reset capability.  It is suggested to recode or change these registers to remove the reset or use a synchronous reset to get the best optimization for performance, power and area.
Related violations: <none>

DPIR-1#238 Warning
Asynchronous driver check  
DSP vetrimodule/approxmd/linreg_plot/y_offi_prev input pin vetrimodule/approxmd/linreg_plot/y_offi_prev/C[5] is connected to registers with an asynchronous reset. This is preventing the possibility of merging these registers in to the DSP Block since the DSP block registers only possess synchronous reset capability.  It is suggested to recode or change these registers to remove the reset or use a synchronous reset to get the best optimization for performance, power and area.
Related violations: <none>

DPIR-1#239 Warning
Asynchronous driver check  
DSP vetrimodule/approxmd/linreg_plot/y_offi_prev input pin vetrimodule/approxmd/linreg_plot/y_offi_prev/C[6] is connected to registers with an asynchronous reset. This is preventing the possibility of merging these registers in to the DSP Block since the DSP block registers only possess synchronous reset capability.  It is suggested to recode or change these registers to remove the reset or use a synchronous reset to get the best optimization for performance, power and area.
Related violations: <none>

DPIR-1#240 Warning
Asynchronous driver check  
DSP vetrimodule/approxmd/linreg_plot/y_offi_prev input pin vetrimodule/approxmd/linreg_plot/y_offi_prev/C[7] is connected to registers with an asynchronous reset. This is preventing the possibility of merging these registers in to the DSP Block since the DSP block registers only possess synchronous reset capability.  It is suggested to recode or change these registers to remove the reset or use a synchronous reset to get the best optimization for performance, power and area.
Related violations: <none>

DPIR-1#241 Warning
Asynchronous driver check  
DSP vetrimodule/approxmd/linreg_plot/y_offi_prev input pin vetrimodule/approxmd/linreg_plot/y_offi_prev/C[8] is connected to registers with an asynchronous reset. This is preventing the possibility of merging these registers in to the DSP Block since the DSP block registers only possess synchronous reset capability.  It is suggested to recode or change these registers to remove the reset or use a synchronous reset to get the best optimization for performance, power and area.
Related violations: <none>

DPIR-1#242 Warning
Asynchronous driver check  
DSP vetrimodule/approxmd/linreg_plot/y_offi_prev input pin vetrimodule/approxmd/linreg_plot/y_offi_prev/C[9] is connected to registers with an asynchronous reset. This is preventing the possibility of merging these registers in to the DSP Block since the DSP block registers only possess synchronous reset capability.  It is suggested to recode or change these registers to remove the reset or use a synchronous reset to get the best optimization for performance, power and area.
Related violations: <none>

DPIR-1#243 Warning
Asynchronous driver check  
DSP vetrimodule/plotmd/graph_mod/k1_00 input pin vetrimodule/plotmd/graph_mod/k1_00/B[0] is connected to registers with an asynchronous reset. This is preventing the possibility of merging these registers in to the DSP Block since the DSP block registers only possess synchronous reset capability.  It is suggested to recode or change these registers to remove the reset or use a synchronous reset to get the best optimization for performance, power and area.
Related violations: <none>

DPIR-1#244 Warning
Asynchronous driver check  
DSP vetrimodule/plotmd/graph_mod/k1_00 input pin vetrimodule/plotmd/graph_mod/k1_00/B[10] is connected to registers with an asynchronous reset. This is preventing the possibility of merging these registers in to the DSP Block since the DSP block registers only possess synchronous reset capability.  It is suggested to recode or change these registers to remove the reset or use a synchronous reset to get the best optimization for performance, power and area.
Related violations: <none>

DPIR-1#245 Warning
Asynchronous driver check  
DSP vetrimodule/plotmd/graph_mod/k1_00 input pin vetrimodule/plotmd/graph_mod/k1_00/B[11] is connected to registers with an asynchronous reset. This is preventing the possibility of merging these registers in to the DSP Block since the DSP block registers only possess synchronous reset capability.  It is suggested to recode or change these registers to remove the reset or use a synchronous reset to get the best optimization for performance, power and area.
Related violations: <none>

DPIR-1#246 Warning
Asynchronous driver check  
DSP vetrimodule/plotmd/graph_mod/k1_00 input pin vetrimodule/plotmd/graph_mod/k1_00/B[12] is connected to registers with an asynchronous reset. This is preventing the possibility of merging these registers in to the DSP Block since the DSP block registers only possess synchronous reset capability.  It is suggested to recode or change these registers to remove the reset or use a synchronous reset to get the best optimization for performance, power and area.
Related violations: <none>

DPIR-1#247 Warning
Asynchronous driver check  
DSP vetrimodule/plotmd/graph_mod/k1_00 input pin vetrimodule/plotmd/graph_mod/k1_00/B[13] is connected to registers with an asynchronous reset. This is preventing the possibility of merging these registers in to the DSP Block since the DSP block registers only possess synchronous reset capability.  It is suggested to recode or change these registers to remove the reset or use a synchronous reset to get the best optimization for performance, power and area.
Related violations: <none>

DPIR-1#248 Warning
Asynchronous driver check  
DSP vetrimodule/plotmd/graph_mod/k1_00 input pin vetrimodule/plotmd/graph_mod/k1_00/B[14] is connected to registers with an asynchronous reset. This is preventing the possibility of merging these registers in to the DSP Block since the DSP block registers only possess synchronous reset capability.  It is suggested to recode or change these registers to remove the reset or use a synchronous reset to get the best optimization for performance, power and area.
Related violations: <none>

DPIR-1#249 Warning
Asynchronous driver check  
DSP vetrimodule/plotmd/graph_mod/k1_00 input pin vetrimodule/plotmd/graph_mod/k1_00/B[15] is connected to registers with an asynchronous reset. This is preventing the possibility of merging these registers in to the DSP Block since the DSP block registers only possess synchronous reset capability.  It is suggested to recode or change these registers to remove the reset or use a synchronous reset to get the best optimization for performance, power and area.
Related violations: <none>

DPIR-1#250 Warning
Asynchronous driver check  
DSP vetrimodule/plotmd/graph_mod/k1_00 input pin vetrimodule/plotmd/graph_mod/k1_00/B[16] is connected to registers with an asynchronous reset. This is preventing the possibility of merging these registers in to the DSP Block since the DSP block registers only possess synchronous reset capability.  It is suggested to recode or change these registers to remove the reset or use a synchronous reset to get the best optimization for performance, power and area.
Related violations: <none>

DPIR-1#251 Warning
Asynchronous driver check  
DSP vetrimodule/plotmd/graph_mod/k1_00 input pin vetrimodule/plotmd/graph_mod/k1_00/B[17] is connected to registers with an asynchronous reset. This is preventing the possibility of merging these registers in to the DSP Block since the DSP block registers only possess synchronous reset capability.  It is suggested to recode or change these registers to remove the reset or use a synchronous reset to get the best optimization for performance, power and area.
Related violations: <none>

DPIR-1#252 Warning
Asynchronous driver check  
DSP vetrimodule/plotmd/graph_mod/k1_00 input pin vetrimodule/plotmd/graph_mod/k1_00/B[1] is connected to registers with an asynchronous reset. This is preventing the possibility of merging these registers in to the DSP Block since the DSP block registers only possess synchronous reset capability.  It is suggested to recode or change these registers to remove the reset or use a synchronous reset to get the best optimization for performance, power and area.
Related violations: <none>

DPIR-1#253 Warning
Asynchronous driver check  
DSP vetrimodule/plotmd/graph_mod/k1_00 input pin vetrimodule/plotmd/graph_mod/k1_00/B[2] is connected to registers with an asynchronous reset. This is preventing the possibility of merging these registers in to the DSP Block since the DSP block registers only possess synchronous reset capability.  It is suggested to recode or change these registers to remove the reset or use a synchronous reset to get the best optimization for performance, power and area.
Related violations: <none>

DPIR-1#254 Warning
Asynchronous driver check  
DSP vetrimodule/plotmd/graph_mod/k1_00 input pin vetrimodule/plotmd/graph_mod/k1_00/B[3] is connected to registers with an asynchronous reset. This is preventing the possibility of merging these registers in to the DSP Block since the DSP block registers only possess synchronous reset capability.  It is suggested to recode or change these registers to remove the reset or use a synchronous reset to get the best optimization for performance, power and area.
Related violations: <none>

DPIR-1#255 Warning
Asynchronous driver check  
DSP vetrimodule/plotmd/graph_mod/k1_00 input pin vetrimodule/plotmd/graph_mod/k1_00/B[4] is connected to registers with an asynchronous reset. This is preventing the possibility of merging these registers in to the DSP Block since the DSP block registers only possess synchronous reset capability.  It is suggested to recode or change these registers to remove the reset or use a synchronous reset to get the best optimization for performance, power and area.
Related violations: <none>

DPIR-1#256 Warning
Asynchronous driver check  
DSP vetrimodule/plotmd/graph_mod/k1_00 input pin vetrimodule/plotmd/graph_mod/k1_00/B[5] is connected to registers with an asynchronous reset. This is preventing the possibility of merging these registers in to the DSP Block since the DSP block registers only possess synchronous reset capability.  It is suggested to recode or change these registers to remove the reset or use a synchronous reset to get the best optimization for performance, power and area.
Related violations: <none>

DPIR-1#257 Warning
Asynchronous driver check  
DSP vetrimodule/plotmd/graph_mod/k1_00 input pin vetrimodule/plotmd/graph_mod/k1_00/B[6] is connected to registers with an asynchronous reset. This is preventing the possibility of merging these registers in to the DSP Block since the DSP block registers only possess synchronous reset capability.  It is suggested to recode or change these registers to remove the reset or use a synchronous reset to get the best optimization for performance, power and area.
Related violations: <none>

DPIR-1#258 Warning
Asynchronous driver check  
DSP vetrimodule/plotmd/graph_mod/k1_00 input pin vetrimodule/plotmd/graph_mod/k1_00/B[7] is connected to registers with an asynchronous reset. This is preventing the possibility of merging these registers in to the DSP Block since the DSP block registers only possess synchronous reset capability.  It is suggested to recode or change these registers to remove the reset or use a synchronous reset to get the best optimization for performance, power and area.
Related violations: <none>

DPIR-1#259 Warning
Asynchronous driver check  
DSP vetrimodule/plotmd/graph_mod/k1_00 input pin vetrimodule/plotmd/graph_mod/k1_00/B[8] is connected to registers with an asynchronous reset. This is preventing the possibility of merging these registers in to the DSP Block since the DSP block registers only possess synchronous reset capability.  It is suggested to recode or change these registers to remove the reset or use a synchronous reset to get the best optimization for performance, power and area.
Related violations: <none>

DPIR-1#260 Warning
Asynchronous driver check  
DSP vetrimodule/plotmd/graph_mod/k1_00 input pin vetrimodule/plotmd/graph_mod/k1_00/B[9] is connected to registers with an asynchronous reset. This is preventing the possibility of merging these registers in to the DSP Block since the DSP block registers only possess synchronous reset capability.  It is suggested to recode or change these registers to remove the reset or use a synchronous reset to get the best optimization for performance, power and area.
Related violations: <none>

DPIR-1#261 Warning
Asynchronous driver check  
DSP vetrimodule/plotmd/graph_mod/k1_10 input pin vetrimodule/plotmd/graph_mod/k1_10/A[0] is connected to registers with an asynchronous reset. This is preventing the possibility of merging these registers in to the DSP Block since the DSP block registers only possess synchronous reset capability.  It is suggested to recode or change these registers to remove the reset or use a synchronous reset to get the best optimization for performance, power and area.
Related violations: <none>

DPIR-1#262 Warning
Asynchronous driver check  
DSP vetrimodule/plotmd/graph_mod/k1_10 input pin vetrimodule/plotmd/graph_mod/k1_10/A[10] is connected to registers with an asynchronous reset. This is preventing the possibility of merging these registers in to the DSP Block since the DSP block registers only possess synchronous reset capability.  It is suggested to recode or change these registers to remove the reset or use a synchronous reset to get the best optimization for performance, power and area.
Related violations: <none>

DPIR-1#263 Warning
Asynchronous driver check  
DSP vetrimodule/plotmd/graph_mod/k1_10 input pin vetrimodule/plotmd/graph_mod/k1_10/A[11] is connected to registers with an asynchronous reset. This is preventing the possibility of merging these registers in to the DSP Block since the DSP block registers only possess synchronous reset capability.  It is suggested to recode or change these registers to remove the reset or use a synchronous reset to get the best optimization for performance, power and area.
Related violations: <none>

DPIR-1#264 Warning
Asynchronous driver check  
DSP vetrimodule/plotmd/graph_mod/k1_10 input pin vetrimodule/plotmd/graph_mod/k1_10/A[12] is connected to registers with an asynchronous reset. This is preventing the possibility of merging these registers in to the DSP Block since the DSP block registers only possess synchronous reset capability.  It is suggested to recode or change these registers to remove the reset or use a synchronous reset to get the best optimization for performance, power and area.
Related violations: <none>

DPIR-1#265 Warning
Asynchronous driver check  
DSP vetrimodule/plotmd/graph_mod/k1_10 input pin vetrimodule/plotmd/graph_mod/k1_10/A[13] is connected to registers with an asynchronous reset. This is preventing the possibility of merging these registers in to the DSP Block since the DSP block registers only possess synchronous reset capability.  It is suggested to recode or change these registers to remove the reset or use a synchronous reset to get the best optimization for performance, power and area.
Related violations: <none>

DPIR-1#266 Warning
Asynchronous driver check  
DSP vetrimodule/plotmd/graph_mod/k1_10 input pin vetrimodule/plotmd/graph_mod/k1_10/A[14] is connected to registers with an asynchronous reset. This is preventing the possibility of merging these registers in to the DSP Block since the DSP block registers only possess synchronous reset capability.  It is suggested to recode or change these registers to remove the reset or use a synchronous reset to get the best optimization for performance, power and area.
Related violations: <none>

DPIR-1#267 Warning
Asynchronous driver check  
DSP vetrimodule/plotmd/graph_mod/k1_10 input pin vetrimodule/plotmd/graph_mod/k1_10/A[15] is connected to registers with an asynchronous reset. This is preventing the possibility of merging these registers in to the DSP Block since the DSP block registers only possess synchronous reset capability.  It is suggested to recode or change these registers to remove the reset or use a synchronous reset to get the best optimization for performance, power and area.
Related violations: <none>

DPIR-1#268 Warning
Asynchronous driver check  
DSP vetrimodule/plotmd/graph_mod/k1_10 input pin vetrimodule/plotmd/graph_mod/k1_10/A[16] is connected to registers with an asynchronous reset. This is preventing the possibility of merging these registers in to the DSP Block since the DSP block registers only possess synchronous reset capability.  It is suggested to recode or change these registers to remove the reset or use a synchronous reset to get the best optimization for performance, power and area.
Related violations: <none>

DPIR-1#269 Warning
Asynchronous driver check  
DSP vetrimodule/plotmd/graph_mod/k1_10 input pin vetrimodule/plotmd/graph_mod/k1_10/A[17] is connected to registers with an asynchronous reset. This is preventing the possibility of merging these registers in to the DSP Block since the DSP block registers only possess synchronous reset capability.  It is suggested to recode or change these registers to remove the reset or use a synchronous reset to get the best optimization for performance, power and area.
Related violations: <none>

DPIR-1#270 Warning
Asynchronous driver check  
DSP vetrimodule/plotmd/graph_mod/k1_10 input pin vetrimodule/plotmd/graph_mod/k1_10/A[18] is connected to registers with an asynchronous reset. This is preventing the possibility of merging these registers in to the DSP Block since the DSP block registers only possess synchronous reset capability.  It is suggested to recode or change these registers to remove the reset or use a synchronous reset to get the best optimization for performance, power and area.
Related violations: <none>

DPIR-1#271 Warning
Asynchronous driver check  
DSP vetrimodule/plotmd/graph_mod/k1_10 input pin vetrimodule/plotmd/graph_mod/k1_10/A[19] is connected to registers with an asynchronous reset. This is preventing the possibility of merging these registers in to the DSP Block since the DSP block registers only possess synchronous reset capability.  It is suggested to recode or change these registers to remove the reset or use a synchronous reset to get the best optimization for performance, power and area.
Related violations: <none>

DPIR-1#272 Warning
Asynchronous driver check  
DSP vetrimodule/plotmd/graph_mod/k1_10 input pin vetrimodule/plotmd/graph_mod/k1_10/A[1] is connected to registers with an asynchronous reset. This is preventing the possibility of merging these registers in to the DSP Block since the DSP block registers only possess synchronous reset capability.  It is suggested to recode or change these registers to remove the reset or use a synchronous reset to get the best optimization for performance, power and area.
Related violations: <none>

DPIR-1#273 Warning
Asynchronous driver check  
DSP vetrimodule/plotmd/graph_mod/k1_10 input pin vetrimodule/plotmd/graph_mod/k1_10/A[20] is connected to registers with an asynchronous reset. This is preventing the possibility of merging these registers in to the DSP Block since the DSP block registers only possess synchronous reset capability.  It is suggested to recode or change these registers to remove the reset or use a synchronous reset to get the best optimization for performance, power and area.
Related violations: <none>

DPIR-1#274 Warning
Asynchronous driver check  
DSP vetrimodule/plotmd/graph_mod/k1_10 input pin vetrimodule/plotmd/graph_mod/k1_10/A[21] is connected to registers with an asynchronous reset. This is preventing the possibility of merging these registers in to the DSP Block since the DSP block registers only possess synchronous reset capability.  It is suggested to recode or change these registers to remove the reset or use a synchronous reset to get the best optimization for performance, power and area.
Related violations: <none>

DPIR-1#275 Warning
Asynchronous driver check  
DSP vetrimodule/plotmd/graph_mod/k1_10 input pin vetrimodule/plotmd/graph_mod/k1_10/A[22] is connected to registers with an asynchronous reset. This is preventing the possibility of merging these registers in to the DSP Block since the DSP block registers only possess synchronous reset capability.  It is suggested to recode or change these registers to remove the reset or use a synchronous reset to get the best optimization for performance, power and area.
Related violations: <none>

DPIR-1#276 Warning
Asynchronous driver check  
DSP vetrimodule/plotmd/graph_mod/k1_10 input pin vetrimodule/plotmd/graph_mod/k1_10/A[23] is connected to registers with an asynchronous reset. This is preventing the possibility of merging these registers in to the DSP Block since the DSP block registers only possess synchronous reset capability.  It is suggested to recode or change these registers to remove the reset or use a synchronous reset to get the best optimization for performance, power and area.
Related violations: <none>

DPIR-1#277 Warning
Asynchronous driver check  
DSP vetrimodule/plotmd/graph_mod/k1_10 input pin vetrimodule/plotmd/graph_mod/k1_10/A[24] is connected to registers with an asynchronous reset. This is preventing the possibility of merging these registers in to the DSP Block since the DSP block registers only possess synchronous reset capability.  It is suggested to recode or change these registers to remove the reset or use a synchronous reset to get the best optimization for performance, power and area.
Related violations: <none>

DPIR-1#278 Warning
Asynchronous driver check  
DSP vetrimodule/plotmd/graph_mod/k1_10 input pin vetrimodule/plotmd/graph_mod/k1_10/A[25] is connected to registers with an asynchronous reset. This is preventing the possibility of merging these registers in to the DSP Block since the DSP block registers only possess synchronous reset capability.  It is suggested to recode or change these registers to remove the reset or use a synchronous reset to get the best optimization for performance, power and area.
Related violations: <none>

DPIR-1#279 Warning
Asynchronous driver check  
DSP vetrimodule/plotmd/graph_mod/k1_10 input pin vetrimodule/plotmd/graph_mod/k1_10/A[26] is connected to registers with an asynchronous reset. This is preventing the possibility of merging these registers in to the DSP Block since the DSP block registers only possess synchronous reset capability.  It is suggested to recode or change these registers to remove the reset or use a synchronous reset to get the best optimization for performance, power and area.
Related violations: <none>

DPIR-1#280 Warning
Asynchronous driver check  
DSP vetrimodule/plotmd/graph_mod/k1_10 input pin vetrimodule/plotmd/graph_mod/k1_10/A[27] is connected to registers with an asynchronous reset. This is preventing the possibility of merging these registers in to the DSP Block since the DSP block registers only possess synchronous reset capability.  It is suggested to recode or change these registers to remove the reset or use a synchronous reset to get the best optimization for performance, power and area.
Related violations: <none>

DPIR-1#281 Warning
Asynchronous driver check  
DSP vetrimodule/plotmd/graph_mod/k1_10 input pin vetrimodule/plotmd/graph_mod/k1_10/A[28] is connected to registers with an asynchronous reset. This is preventing the possibility of merging these registers in to the DSP Block since the DSP block registers only possess synchronous reset capability.  It is suggested to recode or change these registers to remove the reset or use a synchronous reset to get the best optimization for performance, power and area.
Related violations: <none>

DPIR-1#282 Warning
Asynchronous driver check  
DSP vetrimodule/plotmd/graph_mod/k1_10 input pin vetrimodule/plotmd/graph_mod/k1_10/A[29] is connected to registers with an asynchronous reset. This is preventing the possibility of merging these registers in to the DSP Block since the DSP block registers only possess synchronous reset capability.  It is suggested to recode or change these registers to remove the reset or use a synchronous reset to get the best optimization for performance, power and area.
Related violations: <none>

DPIR-1#283 Warning
Asynchronous driver check  
DSP vetrimodule/plotmd/graph_mod/k1_10 input pin vetrimodule/plotmd/graph_mod/k1_10/A[2] is connected to registers with an asynchronous reset. This is preventing the possibility of merging these registers in to the DSP Block since the DSP block registers only possess synchronous reset capability.  It is suggested to recode or change these registers to remove the reset or use a synchronous reset to get the best optimization for performance, power and area.
Related violations: <none>

DPIR-1#284 Warning
Asynchronous driver check  
DSP vetrimodule/plotmd/graph_mod/k1_10 input pin vetrimodule/plotmd/graph_mod/k1_10/A[3] is connected to registers with an asynchronous reset. This is preventing the possibility of merging these registers in to the DSP Block since the DSP block registers only possess synchronous reset capability.  It is suggested to recode or change these registers to remove the reset or use a synchronous reset to get the best optimization for performance, power and area.
Related violations: <none>

DPIR-1#285 Warning
Asynchronous driver check  
DSP vetrimodule/plotmd/graph_mod/k1_10 input pin vetrimodule/plotmd/graph_mod/k1_10/A[4] is connected to registers with an asynchronous reset. This is preventing the possibility of merging these registers in to the DSP Block since the DSP block registers only possess synchronous reset capability.  It is suggested to recode or change these registers to remove the reset or use a synchronous reset to get the best optimization for performance, power and area.
Related violations: <none>

DPIR-1#286 Warning
Asynchronous driver check  
DSP vetrimodule/plotmd/graph_mod/k1_10 input pin vetrimodule/plotmd/graph_mod/k1_10/A[5] is connected to registers with an asynchronous reset. This is preventing the possibility of merging these registers in to the DSP Block since the DSP block registers only possess synchronous reset capability.  It is suggested to recode or change these registers to remove the reset or use a synchronous reset to get the best optimization for performance, power and area.
Related violations: <none>

DPIR-1#287 Warning
Asynchronous driver check  
DSP vetrimodule/plotmd/graph_mod/k1_10 input pin vetrimodule/plotmd/graph_mod/k1_10/A[6] is connected to registers with an asynchronous reset. This is preventing the possibility of merging these registers in to the DSP Block since the DSP block registers only possess synchronous reset capability.  It is suggested to recode or change these registers to remove the reset or use a synchronous reset to get the best optimization for performance, power and area.
Related violations: <none>

DPIR-1#288 Warning
Asynchronous driver check  
DSP vetrimodule/plotmd/graph_mod/k1_10 input pin vetrimodule/plotmd/graph_mod/k1_10/A[7] is connected to registers with an asynchronous reset. This is preventing the possibility of merging these registers in to the DSP Block since the DSP block registers only possess synchronous reset capability.  It is suggested to recode or change these registers to remove the reset or use a synchronous reset to get the best optimization for performance, power and area.
Related violations: <none>

DPIR-1#289 Warning
Asynchronous driver check  
DSP vetrimodule/plotmd/graph_mod/k1_10 input pin vetrimodule/plotmd/graph_mod/k1_10/A[8] is connected to registers with an asynchronous reset. This is preventing the possibility of merging these registers in to the DSP Block since the DSP block registers only possess synchronous reset capability.  It is suggested to recode or change these registers to remove the reset or use a synchronous reset to get the best optimization for performance, power and area.
Related violations: <none>

DPIR-1#290 Warning
Asynchronous driver check  
DSP vetrimodule/plotmd/graph_mod/k1_10 input pin vetrimodule/plotmd/graph_mod/k1_10/A[9] is connected to registers with an asynchronous reset. This is preventing the possibility of merging these registers in to the DSP Block since the DSP block registers only possess synchronous reset capability.  It is suggested to recode or change these registers to remove the reset or use a synchronous reset to get the best optimization for performance, power and area.
Related violations: <none>

DPIR-1#291 Warning
Asynchronous driver check  
DSP vetrimodule/plotmd/graph_mod/k1_20 input pin vetrimodule/plotmd/graph_mod/k1_20/A[0] is connected to registers with an asynchronous reset. This is preventing the possibility of merging these registers in to the DSP Block since the DSP block registers only possess synchronous reset capability.  It is suggested to recode or change these registers to remove the reset or use a synchronous reset to get the best optimization for performance, power and area.
Related violations: <none>

DPIR-1#292 Warning
Asynchronous driver check  
DSP vetrimodule/plotmd/graph_mod/k1_20 input pin vetrimodule/plotmd/graph_mod/k1_20/A[10] is connected to registers with an asynchronous reset. This is preventing the possibility of merging these registers in to the DSP Block since the DSP block registers only possess synchronous reset capability.  It is suggested to recode or change these registers to remove the reset or use a synchronous reset to get the best optimization for performance, power and area.
Related violations: <none>

DPIR-1#293 Warning
Asynchronous driver check  
DSP vetrimodule/plotmd/graph_mod/k1_20 input pin vetrimodule/plotmd/graph_mod/k1_20/A[11] is connected to registers with an asynchronous reset. This is preventing the possibility of merging these registers in to the DSP Block since the DSP block registers only possess synchronous reset capability.  It is suggested to recode or change these registers to remove the reset or use a synchronous reset to get the best optimization for performance, power and area.
Related violations: <none>

DPIR-1#294 Warning
Asynchronous driver check  
DSP vetrimodule/plotmd/graph_mod/k1_20 input pin vetrimodule/plotmd/graph_mod/k1_20/A[12] is connected to registers with an asynchronous reset. This is preventing the possibility of merging these registers in to the DSP Block since the DSP block registers only possess synchronous reset capability.  It is suggested to recode or change these registers to remove the reset or use a synchronous reset to get the best optimization for performance, power and area.
Related violations: <none>

DPIR-1#295 Warning
Asynchronous driver check  
DSP vetrimodule/plotmd/graph_mod/k1_20 input pin vetrimodule/plotmd/graph_mod/k1_20/A[13] is connected to registers with an asynchronous reset. This is preventing the possibility of merging these registers in to the DSP Block since the DSP block registers only possess synchronous reset capability.  It is suggested to recode or change these registers to remove the reset or use a synchronous reset to get the best optimization for performance, power and area.
Related violations: <none>

DPIR-1#296 Warning
Asynchronous driver check  
DSP vetrimodule/plotmd/graph_mod/k1_20 input pin vetrimodule/plotmd/graph_mod/k1_20/A[14] is connected to registers with an asynchronous reset. This is preventing the possibility of merging these registers in to the DSP Block since the DSP block registers only possess synchronous reset capability.  It is suggested to recode or change these registers to remove the reset or use a synchronous reset to get the best optimization for performance, power and area.
Related violations: <none>

DPIR-1#297 Warning
Asynchronous driver check  
DSP vetrimodule/plotmd/graph_mod/k1_20 input pin vetrimodule/plotmd/graph_mod/k1_20/A[15] is connected to registers with an asynchronous reset. This is preventing the possibility of merging these registers in to the DSP Block since the DSP block registers only possess synchronous reset capability.  It is suggested to recode or change these registers to remove the reset or use a synchronous reset to get the best optimization for performance, power and area.
Related violations: <none>

DPIR-1#298 Warning
Asynchronous driver check  
DSP vetrimodule/plotmd/graph_mod/k1_20 input pin vetrimodule/plotmd/graph_mod/k1_20/A[16] is connected to registers with an asynchronous reset. This is preventing the possibility of merging these registers in to the DSP Block since the DSP block registers only possess synchronous reset capability.  It is suggested to recode or change these registers to remove the reset or use a synchronous reset to get the best optimization for performance, power and area.
Related violations: <none>

DPIR-1#299 Warning
Asynchronous driver check  
DSP vetrimodule/plotmd/graph_mod/k1_20 input pin vetrimodule/plotmd/graph_mod/k1_20/A[17] is connected to registers with an asynchronous reset. This is preventing the possibility of merging these registers in to the DSP Block since the DSP block registers only possess synchronous reset capability.  It is suggested to recode or change these registers to remove the reset or use a synchronous reset to get the best optimization for performance, power and area.
Related violations: <none>

DPIR-1#300 Warning
Asynchronous driver check  
DSP vetrimodule/plotmd/graph_mod/k1_20 input pin vetrimodule/plotmd/graph_mod/k1_20/A[18] is connected to registers with an asynchronous reset. This is preventing the possibility of merging these registers in to the DSP Block since the DSP block registers only possess synchronous reset capability.  It is suggested to recode or change these registers to remove the reset or use a synchronous reset to get the best optimization for performance, power and area.
Related violations: <none>

DPIR-1#301 Warning
Asynchronous driver check  
DSP vetrimodule/plotmd/graph_mod/k1_20 input pin vetrimodule/plotmd/graph_mod/k1_20/A[19] is connected to registers with an asynchronous reset. This is preventing the possibility of merging these registers in to the DSP Block since the DSP block registers only possess synchronous reset capability.  It is suggested to recode or change these registers to remove the reset or use a synchronous reset to get the best optimization for performance, power and area.
Related violations: <none>

DPIR-1#302 Warning
Asynchronous driver check  
DSP vetrimodule/plotmd/graph_mod/k1_20 input pin vetrimodule/plotmd/graph_mod/k1_20/A[1] is connected to registers with an asynchronous reset. This is preventing the possibility of merging these registers in to the DSP Block since the DSP block registers only possess synchronous reset capability.  It is suggested to recode or change these registers to remove the reset or use a synchronous reset to get the best optimization for performance, power and area.
Related violations: <none>

DPIR-1#303 Warning
Asynchronous driver check  
DSP vetrimodule/plotmd/graph_mod/k1_20 input pin vetrimodule/plotmd/graph_mod/k1_20/A[20] is connected to registers with an asynchronous reset. This is preventing the possibility of merging these registers in to the DSP Block since the DSP block registers only possess synchronous reset capability.  It is suggested to recode or change these registers to remove the reset or use a synchronous reset to get the best optimization for performance, power and area.
Related violations: <none>

DPIR-1#304 Warning
Asynchronous driver check  
DSP vetrimodule/plotmd/graph_mod/k1_20 input pin vetrimodule/plotmd/graph_mod/k1_20/A[21] is connected to registers with an asynchronous reset. This is preventing the possibility of merging these registers in to the DSP Block since the DSP block registers only possess synchronous reset capability.  It is suggested to recode or change these registers to remove the reset or use a synchronous reset to get the best optimization for performance, power and area.
Related violations: <none>

DPIR-1#305 Warning
Asynchronous driver check  
DSP vetrimodule/plotmd/graph_mod/k1_20 input pin vetrimodule/plotmd/graph_mod/k1_20/A[22] is connected to registers with an asynchronous reset. This is preventing the possibility of merging these registers in to the DSP Block since the DSP block registers only possess synchronous reset capability.  It is suggested to recode or change these registers to remove the reset or use a synchronous reset to get the best optimization for performance, power and area.
Related violations: <none>

DPIR-1#306 Warning
Asynchronous driver check  
DSP vetrimodule/plotmd/graph_mod/k1_20 input pin vetrimodule/plotmd/graph_mod/k1_20/A[23] is connected to registers with an asynchronous reset. This is preventing the possibility of merging these registers in to the DSP Block since the DSP block registers only possess synchronous reset capability.  It is suggested to recode or change these registers to remove the reset or use a synchronous reset to get the best optimization for performance, power and area.
Related violations: <none>

DPIR-1#307 Warning
Asynchronous driver check  
DSP vetrimodule/plotmd/graph_mod/k1_20 input pin vetrimodule/plotmd/graph_mod/k1_20/A[24] is connected to registers with an asynchronous reset. This is preventing the possibility of merging these registers in to the DSP Block since the DSP block registers only possess synchronous reset capability.  It is suggested to recode or change these registers to remove the reset or use a synchronous reset to get the best optimization for performance, power and area.
Related violations: <none>

DPIR-1#308 Warning
Asynchronous driver check  
DSP vetrimodule/plotmd/graph_mod/k1_20 input pin vetrimodule/plotmd/graph_mod/k1_20/A[25] is connected to registers with an asynchronous reset. This is preventing the possibility of merging these registers in to the DSP Block since the DSP block registers only possess synchronous reset capability.  It is suggested to recode or change these registers to remove the reset or use a synchronous reset to get the best optimization for performance, power and area.
Related violations: <none>

DPIR-1#309 Warning
Asynchronous driver check  
DSP vetrimodule/plotmd/graph_mod/k1_20 input pin vetrimodule/plotmd/graph_mod/k1_20/A[26] is connected to registers with an asynchronous reset. This is preventing the possibility of merging these registers in to the DSP Block since the DSP block registers only possess synchronous reset capability.  It is suggested to recode or change these registers to remove the reset or use a synchronous reset to get the best optimization for performance, power and area.
Related violations: <none>

DPIR-1#310 Warning
Asynchronous driver check  
DSP vetrimodule/plotmd/graph_mod/k1_20 input pin vetrimodule/plotmd/graph_mod/k1_20/A[27] is connected to registers with an asynchronous reset. This is preventing the possibility of merging these registers in to the DSP Block since the DSP block registers only possess synchronous reset capability.  It is suggested to recode or change these registers to remove the reset or use a synchronous reset to get the best optimization for performance, power and area.
Related violations: <none>

DPIR-1#311 Warning
Asynchronous driver check  
DSP vetrimodule/plotmd/graph_mod/k1_20 input pin vetrimodule/plotmd/graph_mod/k1_20/A[28] is connected to registers with an asynchronous reset. This is preventing the possibility of merging these registers in to the DSP Block since the DSP block registers only possess synchronous reset capability.  It is suggested to recode or change these registers to remove the reset or use a synchronous reset to get the best optimization for performance, power and area.
Related violations: <none>

DPIR-1#312 Warning
Asynchronous driver check  
DSP vetrimodule/plotmd/graph_mod/k1_20 input pin vetrimodule/plotmd/graph_mod/k1_20/A[29] is connected to registers with an asynchronous reset. This is preventing the possibility of merging these registers in to the DSP Block since the DSP block registers only possess synchronous reset capability.  It is suggested to recode or change these registers to remove the reset or use a synchronous reset to get the best optimization for performance, power and area.
Related violations: <none>

DPIR-1#313 Warning
Asynchronous driver check  
DSP vetrimodule/plotmd/graph_mod/k1_20 input pin vetrimodule/plotmd/graph_mod/k1_20/A[2] is connected to registers with an asynchronous reset. This is preventing the possibility of merging these registers in to the DSP Block since the DSP block registers only possess synchronous reset capability.  It is suggested to recode or change these registers to remove the reset or use a synchronous reset to get the best optimization for performance, power and area.
Related violations: <none>

DPIR-1#314 Warning
Asynchronous driver check  
DSP vetrimodule/plotmd/graph_mod/k1_20 input pin vetrimodule/plotmd/graph_mod/k1_20/A[3] is connected to registers with an asynchronous reset. This is preventing the possibility of merging these registers in to the DSP Block since the DSP block registers only possess synchronous reset capability.  It is suggested to recode or change these registers to remove the reset or use a synchronous reset to get the best optimization for performance, power and area.
Related violations: <none>

DPIR-1#315 Warning
Asynchronous driver check  
DSP vetrimodule/plotmd/graph_mod/k1_20 input pin vetrimodule/plotmd/graph_mod/k1_20/A[4] is connected to registers with an asynchronous reset. This is preventing the possibility of merging these registers in to the DSP Block since the DSP block registers only possess synchronous reset capability.  It is suggested to recode or change these registers to remove the reset or use a synchronous reset to get the best optimization for performance, power and area.
Related violations: <none>

DPIR-1#316 Warning
Asynchronous driver check  
DSP vetrimodule/plotmd/graph_mod/k1_20 input pin vetrimodule/plotmd/graph_mod/k1_20/A[5] is connected to registers with an asynchronous reset. This is preventing the possibility of merging these registers in to the DSP Block since the DSP block registers only possess synchronous reset capability.  It is suggested to recode or change these registers to remove the reset or use a synchronous reset to get the best optimization for performance, power and area.
Related violations: <none>

DPIR-1#317 Warning
Asynchronous driver check  
DSP vetrimodule/plotmd/graph_mod/k1_20 input pin vetrimodule/plotmd/graph_mod/k1_20/A[6] is connected to registers with an asynchronous reset. This is preventing the possibility of merging these registers in to the DSP Block since the DSP block registers only possess synchronous reset capability.  It is suggested to recode or change these registers to remove the reset or use a synchronous reset to get the best optimization for performance, power and area.
Related violations: <none>

DPIR-1#318 Warning
Asynchronous driver check  
DSP vetrimodule/plotmd/graph_mod/k1_20 input pin vetrimodule/plotmd/graph_mod/k1_20/A[7] is connected to registers with an asynchronous reset. This is preventing the possibility of merging these registers in to the DSP Block since the DSP block registers only possess synchronous reset capability.  It is suggested to recode or change these registers to remove the reset or use a synchronous reset to get the best optimization for performance, power and area.
Related violations: <none>

DPIR-1#319 Warning
Asynchronous driver check  
DSP vetrimodule/plotmd/graph_mod/k1_20 input pin vetrimodule/plotmd/graph_mod/k1_20/A[8] is connected to registers with an asynchronous reset. This is preventing the possibility of merging these registers in to the DSP Block since the DSP block registers only possess synchronous reset capability.  It is suggested to recode or change these registers to remove the reset or use a synchronous reset to get the best optimization for performance, power and area.
Related violations: <none>

DPIR-1#320 Warning
Asynchronous driver check  
DSP vetrimodule/plotmd/graph_mod/k1_20 input pin vetrimodule/plotmd/graph_mod/k1_20/A[9] is connected to registers with an asynchronous reset. This is preventing the possibility of merging these registers in to the DSP Block since the DSP block registers only possess synchronous reset capability.  It is suggested to recode or change these registers to remove the reset or use a synchronous reset to get the best optimization for performance, power and area.
Related violations: <none>

DPIR-1#321 Warning
Asynchronous driver check  
DSP vetrimodule/plotmd/graph_mod/k1_30 input pin vetrimodule/plotmd/graph_mod/k1_30/A[0] is connected to registers with an asynchronous reset. This is preventing the possibility of merging these registers in to the DSP Block since the DSP block registers only possess synchronous reset capability.  It is suggested to recode or change these registers to remove the reset or use a synchronous reset to get the best optimization for performance, power and area.
Related violations: <none>

DPIR-1#322 Warning
Asynchronous driver check  
DSP vetrimodule/plotmd/graph_mod/k1_30 input pin vetrimodule/plotmd/graph_mod/k1_30/A[10] is connected to registers with an asynchronous reset. This is preventing the possibility of merging these registers in to the DSP Block since the DSP block registers only possess synchronous reset capability.  It is suggested to recode or change these registers to remove the reset or use a synchronous reset to get the best optimization for performance, power and area.
Related violations: <none>

DPIR-1#323 Warning
Asynchronous driver check  
DSP vetrimodule/plotmd/graph_mod/k1_30 input pin vetrimodule/plotmd/graph_mod/k1_30/A[11] is connected to registers with an asynchronous reset. This is preventing the possibility of merging these registers in to the DSP Block since the DSP block registers only possess synchronous reset capability.  It is suggested to recode or change these registers to remove the reset or use a synchronous reset to get the best optimization for performance, power and area.
Related violations: <none>

DPIR-1#324 Warning
Asynchronous driver check  
DSP vetrimodule/plotmd/graph_mod/k1_30 input pin vetrimodule/plotmd/graph_mod/k1_30/A[12] is connected to registers with an asynchronous reset. This is preventing the possibility of merging these registers in to the DSP Block since the DSP block registers only possess synchronous reset capability.  It is suggested to recode or change these registers to remove the reset or use a synchronous reset to get the best optimization for performance, power and area.
Related violations: <none>

DPIR-1#325 Warning
Asynchronous driver check  
DSP vetrimodule/plotmd/graph_mod/k1_30 input pin vetrimodule/plotmd/graph_mod/k1_30/A[13] is connected to registers with an asynchronous reset. This is preventing the possibility of merging these registers in to the DSP Block since the DSP block registers only possess synchronous reset capability.  It is suggested to recode or change these registers to remove the reset or use a synchronous reset to get the best optimization for performance, power and area.
Related violations: <none>

DPIR-1#326 Warning
Asynchronous driver check  
DSP vetrimodule/plotmd/graph_mod/k1_30 input pin vetrimodule/plotmd/graph_mod/k1_30/A[14] is connected to registers with an asynchronous reset. This is preventing the possibility of merging these registers in to the DSP Block since the DSP block registers only possess synchronous reset capability.  It is suggested to recode or change these registers to remove the reset or use a synchronous reset to get the best optimization for performance, power and area.
Related violations: <none>

DPIR-1#327 Warning
Asynchronous driver check  
DSP vetrimodule/plotmd/graph_mod/k1_30 input pin vetrimodule/plotmd/graph_mod/k1_30/A[15] is connected to registers with an asynchronous reset. This is preventing the possibility of merging these registers in to the DSP Block since the DSP block registers only possess synchronous reset capability.  It is suggested to recode or change these registers to remove the reset or use a synchronous reset to get the best optimization for performance, power and area.
Related violations: <none>

DPIR-1#328 Warning
Asynchronous driver check  
DSP vetrimodule/plotmd/graph_mod/k1_30 input pin vetrimodule/plotmd/graph_mod/k1_30/A[16] is connected to registers with an asynchronous reset. This is preventing the possibility of merging these registers in to the DSP Block since the DSP block registers only possess synchronous reset capability.  It is suggested to recode or change these registers to remove the reset or use a synchronous reset to get the best optimization for performance, power and area.
Related violations: <none>

DPIR-1#329 Warning
Asynchronous driver check  
DSP vetrimodule/plotmd/graph_mod/k1_30 input pin vetrimodule/plotmd/graph_mod/k1_30/A[17] is connected to registers with an asynchronous reset. This is preventing the possibility of merging these registers in to the DSP Block since the DSP block registers only possess synchronous reset capability.  It is suggested to recode or change these registers to remove the reset or use a synchronous reset to get the best optimization for performance, power and area.
Related violations: <none>

DPIR-1#330 Warning
Asynchronous driver check  
DSP vetrimodule/plotmd/graph_mod/k1_30 input pin vetrimodule/plotmd/graph_mod/k1_30/A[18] is connected to registers with an asynchronous reset. This is preventing the possibility of merging these registers in to the DSP Block since the DSP block registers only possess synchronous reset capability.  It is suggested to recode or change these registers to remove the reset or use a synchronous reset to get the best optimization for performance, power and area.
Related violations: <none>

DPIR-1#331 Warning
Asynchronous driver check  
DSP vetrimodule/plotmd/graph_mod/k1_30 input pin vetrimodule/plotmd/graph_mod/k1_30/A[19] is connected to registers with an asynchronous reset. This is preventing the possibility of merging these registers in to the DSP Block since the DSP block registers only possess synchronous reset capability.  It is suggested to recode or change these registers to remove the reset or use a synchronous reset to get the best optimization for performance, power and area.
Related violations: <none>

DPIR-1#332 Warning
Asynchronous driver check  
DSP vetrimodule/plotmd/graph_mod/k1_30 input pin vetrimodule/plotmd/graph_mod/k1_30/A[1] is connected to registers with an asynchronous reset. This is preventing the possibility of merging these registers in to the DSP Block since the DSP block registers only possess synchronous reset capability.  It is suggested to recode or change these registers to remove the reset or use a synchronous reset to get the best optimization for performance, power and area.
Related violations: <none>

DPIR-1#333 Warning
Asynchronous driver check  
DSP vetrimodule/plotmd/graph_mod/k1_30 input pin vetrimodule/plotmd/graph_mod/k1_30/A[20] is connected to registers with an asynchronous reset. This is preventing the possibility of merging these registers in to the DSP Block since the DSP block registers only possess synchronous reset capability.  It is suggested to recode or change these registers to remove the reset or use a synchronous reset to get the best optimization for performance, power and area.
Related violations: <none>

DPIR-1#334 Warning
Asynchronous driver check  
DSP vetrimodule/plotmd/graph_mod/k1_30 input pin vetrimodule/plotmd/graph_mod/k1_30/A[21] is connected to registers with an asynchronous reset. This is preventing the possibility of merging these registers in to the DSP Block since the DSP block registers only possess synchronous reset capability.  It is suggested to recode or change these registers to remove the reset or use a synchronous reset to get the best optimization for performance, power and area.
Related violations: <none>

DPIR-1#335 Warning
Asynchronous driver check  
DSP vetrimodule/plotmd/graph_mod/k1_30 input pin vetrimodule/plotmd/graph_mod/k1_30/A[22] is connected to registers with an asynchronous reset. This is preventing the possibility of merging these registers in to the DSP Block since the DSP block registers only possess synchronous reset capability.  It is suggested to recode or change these registers to remove the reset or use a synchronous reset to get the best optimization for performance, power and area.
Related violations: <none>

DPIR-1#336 Warning
Asynchronous driver check  
DSP vetrimodule/plotmd/graph_mod/k1_30 input pin vetrimodule/plotmd/graph_mod/k1_30/A[23] is connected to registers with an asynchronous reset. This is preventing the possibility of merging these registers in to the DSP Block since the DSP block registers only possess synchronous reset capability.  It is suggested to recode or change these registers to remove the reset or use a synchronous reset to get the best optimization for performance, power and area.
Related violations: <none>

DPIR-1#337 Warning
Asynchronous driver check  
DSP vetrimodule/plotmd/graph_mod/k1_30 input pin vetrimodule/plotmd/graph_mod/k1_30/A[24] is connected to registers with an asynchronous reset. This is preventing the possibility of merging these registers in to the DSP Block since the DSP block registers only possess synchronous reset capability.  It is suggested to recode or change these registers to remove the reset or use a synchronous reset to get the best optimization for performance, power and area.
Related violations: <none>

DPIR-1#338 Warning
Asynchronous driver check  
DSP vetrimodule/plotmd/graph_mod/k1_30 input pin vetrimodule/plotmd/graph_mod/k1_30/A[25] is connected to registers with an asynchronous reset. This is preventing the possibility of merging these registers in to the DSP Block since the DSP block registers only possess synchronous reset capability.  It is suggested to recode or change these registers to remove the reset or use a synchronous reset to get the best optimization for performance, power and area.
Related violations: <none>

DPIR-1#339 Warning
Asynchronous driver check  
DSP vetrimodule/plotmd/graph_mod/k1_30 input pin vetrimodule/plotmd/graph_mod/k1_30/A[26] is connected to registers with an asynchronous reset. This is preventing the possibility of merging these registers in to the DSP Block since the DSP block registers only possess synchronous reset capability.  It is suggested to recode or change these registers to remove the reset or use a synchronous reset to get the best optimization for performance, power and area.
Related violations: <none>

DPIR-1#340 Warning
Asynchronous driver check  
DSP vetrimodule/plotmd/graph_mod/k1_30 input pin vetrimodule/plotmd/graph_mod/k1_30/A[27] is connected to registers with an asynchronous reset. This is preventing the possibility of merging these registers in to the DSP Block since the DSP block registers only possess synchronous reset capability.  It is suggested to recode or change these registers to remove the reset or use a synchronous reset to get the best optimization for performance, power and area.
Related violations: <none>

DPIR-1#341 Warning
Asynchronous driver check  
DSP vetrimodule/plotmd/graph_mod/k1_30 input pin vetrimodule/plotmd/graph_mod/k1_30/A[28] is connected to registers with an asynchronous reset. This is preventing the possibility of merging these registers in to the DSP Block since the DSP block registers only possess synchronous reset capability.  It is suggested to recode or change these registers to remove the reset or use a synchronous reset to get the best optimization for performance, power and area.
Related violations: <none>

DPIR-1#342 Warning
Asynchronous driver check  
DSP vetrimodule/plotmd/graph_mod/k1_30 input pin vetrimodule/plotmd/graph_mod/k1_30/A[29] is connected to registers with an asynchronous reset. This is preventing the possibility of merging these registers in to the DSP Block since the DSP block registers only possess synchronous reset capability.  It is suggested to recode or change these registers to remove the reset or use a synchronous reset to get the best optimization for performance, power and area.
Related violations: <none>

DPIR-1#343 Warning
Asynchronous driver check  
DSP vetrimodule/plotmd/graph_mod/k1_30 input pin vetrimodule/plotmd/graph_mod/k1_30/A[2] is connected to registers with an asynchronous reset. This is preventing the possibility of merging these registers in to the DSP Block since the DSP block registers only possess synchronous reset capability.  It is suggested to recode or change these registers to remove the reset or use a synchronous reset to get the best optimization for performance, power and area.
Related violations: <none>

DPIR-1#344 Warning
Asynchronous driver check  
DSP vetrimodule/plotmd/graph_mod/k1_30 input pin vetrimodule/plotmd/graph_mod/k1_30/A[3] is connected to registers with an asynchronous reset. This is preventing the possibility of merging these registers in to the DSP Block since the DSP block registers only possess synchronous reset capability.  It is suggested to recode or change these registers to remove the reset or use a synchronous reset to get the best optimization for performance, power and area.
Related violations: <none>

DPIR-1#345 Warning
Asynchronous driver check  
DSP vetrimodule/plotmd/graph_mod/k1_30 input pin vetrimodule/plotmd/graph_mod/k1_30/A[4] is connected to registers with an asynchronous reset. This is preventing the possibility of merging these registers in to the DSP Block since the DSP block registers only possess synchronous reset capability.  It is suggested to recode or change these registers to remove the reset or use a synchronous reset to get the best optimization for performance, power and area.
Related violations: <none>

DPIR-1#346 Warning
Asynchronous driver check  
DSP vetrimodule/plotmd/graph_mod/k1_30 input pin vetrimodule/plotmd/graph_mod/k1_30/A[5] is connected to registers with an asynchronous reset. This is preventing the possibility of merging these registers in to the DSP Block since the DSP block registers only possess synchronous reset capability.  It is suggested to recode or change these registers to remove the reset or use a synchronous reset to get the best optimization for performance, power and area.
Related violations: <none>

DPIR-1#347 Warning
Asynchronous driver check  
DSP vetrimodule/plotmd/graph_mod/k1_30 input pin vetrimodule/plotmd/graph_mod/k1_30/A[6] is connected to registers with an asynchronous reset. This is preventing the possibility of merging these registers in to the DSP Block since the DSP block registers only possess synchronous reset capability.  It is suggested to recode or change these registers to remove the reset or use a synchronous reset to get the best optimization for performance, power and area.
Related violations: <none>

DPIR-1#348 Warning
Asynchronous driver check  
DSP vetrimodule/plotmd/graph_mod/k1_30 input pin vetrimodule/plotmd/graph_mod/k1_30/A[7] is connected to registers with an asynchronous reset. This is preventing the possibility of merging these registers in to the DSP Block since the DSP block registers only possess synchronous reset capability.  It is suggested to recode or change these registers to remove the reset or use a synchronous reset to get the best optimization for performance, power and area.
Related violations: <none>

DPIR-1#349 Warning
Asynchronous driver check  
DSP vetrimodule/plotmd/graph_mod/k1_30 input pin vetrimodule/plotmd/graph_mod/k1_30/A[8] is connected to registers with an asynchronous reset. This is preventing the possibility of merging these registers in to the DSP Block since the DSP block registers only possess synchronous reset capability.  It is suggested to recode or change these registers to remove the reset or use a synchronous reset to get the best optimization for performance, power and area.
Related violations: <none>

DPIR-1#350 Warning
Asynchronous driver check  
DSP vetrimodule/plotmd/graph_mod/k1_30 input pin vetrimodule/plotmd/graph_mod/k1_30/A[9] is connected to registers with an asynchronous reset. This is preventing the possibility of merging these registers in to the DSP Block since the DSP block registers only possess synchronous reset capability.  It is suggested to recode or change these registers to remove the reset or use a synchronous reset to get the best optimization for performance, power and area.
Related violations: <none>

DPIR-1#351 Warning
Asynchronous driver check  
DSP vetrimodule/plotmd/graph_mod/k2_00 input pin vetrimodule/plotmd/graph_mod/k2_00/B[0] is connected to registers with an asynchronous reset. This is preventing the possibility of merging these registers in to the DSP Block since the DSP block registers only possess synchronous reset capability.  It is suggested to recode or change these registers to remove the reset or use a synchronous reset to get the best optimization for performance, power and area.
Related violations: <none>

DPIR-1#352 Warning
Asynchronous driver check  
DSP vetrimodule/plotmd/graph_mod/k2_00 input pin vetrimodule/plotmd/graph_mod/k2_00/B[10] is connected to registers with an asynchronous reset. This is preventing the possibility of merging these registers in to the DSP Block since the DSP block registers only possess synchronous reset capability.  It is suggested to recode or change these registers to remove the reset or use a synchronous reset to get the best optimization for performance, power and area.
Related violations: <none>

DPIR-1#353 Warning
Asynchronous driver check  
DSP vetrimodule/plotmd/graph_mod/k2_00 input pin vetrimodule/plotmd/graph_mod/k2_00/B[11] is connected to registers with an asynchronous reset. This is preventing the possibility of merging these registers in to the DSP Block since the DSP block registers only possess synchronous reset capability.  It is suggested to recode or change these registers to remove the reset or use a synchronous reset to get the best optimization for performance, power and area.
Related violations: <none>

DPIR-1#354 Warning
Asynchronous driver check  
DSP vetrimodule/plotmd/graph_mod/k2_00 input pin vetrimodule/plotmd/graph_mod/k2_00/B[12] is connected to registers with an asynchronous reset. This is preventing the possibility of merging these registers in to the DSP Block since the DSP block registers only possess synchronous reset capability.  It is suggested to recode or change these registers to remove the reset or use a synchronous reset to get the best optimization for performance, power and area.
Related violations: <none>

DPIR-1#355 Warning
Asynchronous driver check  
DSP vetrimodule/plotmd/graph_mod/k2_00 input pin vetrimodule/plotmd/graph_mod/k2_00/B[13] is connected to registers with an asynchronous reset. This is preventing the possibility of merging these registers in to the DSP Block since the DSP block registers only possess synchronous reset capability.  It is suggested to recode or change these registers to remove the reset or use a synchronous reset to get the best optimization for performance, power and area.
Related violations: <none>

DPIR-1#356 Warning
Asynchronous driver check  
DSP vetrimodule/plotmd/graph_mod/k2_00 input pin vetrimodule/plotmd/graph_mod/k2_00/B[14] is connected to registers with an asynchronous reset. This is preventing the possibility of merging these registers in to the DSP Block since the DSP block registers only possess synchronous reset capability.  It is suggested to recode or change these registers to remove the reset or use a synchronous reset to get the best optimization for performance, power and area.
Related violations: <none>

DPIR-1#357 Warning
Asynchronous driver check  
DSP vetrimodule/plotmd/graph_mod/k2_00 input pin vetrimodule/plotmd/graph_mod/k2_00/B[15] is connected to registers with an asynchronous reset. This is preventing the possibility of merging these registers in to the DSP Block since the DSP block registers only possess synchronous reset capability.  It is suggested to recode or change these registers to remove the reset or use a synchronous reset to get the best optimization for performance, power and area.
Related violations: <none>

DPIR-1#358 Warning
Asynchronous driver check  
DSP vetrimodule/plotmd/graph_mod/k2_00 input pin vetrimodule/plotmd/graph_mod/k2_00/B[16] is connected to registers with an asynchronous reset. This is preventing the possibility of merging these registers in to the DSP Block since the DSP block registers only possess synchronous reset capability.  It is suggested to recode or change these registers to remove the reset or use a synchronous reset to get the best optimization for performance, power and area.
Related violations: <none>

DPIR-1#359 Warning
Asynchronous driver check  
DSP vetrimodule/plotmd/graph_mod/k2_00 input pin vetrimodule/plotmd/graph_mod/k2_00/B[17] is connected to registers with an asynchronous reset. This is preventing the possibility of merging these registers in to the DSP Block since the DSP block registers only possess synchronous reset capability.  It is suggested to recode or change these registers to remove the reset or use a synchronous reset to get the best optimization for performance, power and area.
Related violations: <none>

DPIR-1#360 Warning
Asynchronous driver check  
DSP vetrimodule/plotmd/graph_mod/k2_00 input pin vetrimodule/plotmd/graph_mod/k2_00/B[1] is connected to registers with an asynchronous reset. This is preventing the possibility of merging these registers in to the DSP Block since the DSP block registers only possess synchronous reset capability.  It is suggested to recode or change these registers to remove the reset or use a synchronous reset to get the best optimization for performance, power and area.
Related violations: <none>

DPIR-1#361 Warning
Asynchronous driver check  
DSP vetrimodule/plotmd/graph_mod/k2_00 input pin vetrimodule/plotmd/graph_mod/k2_00/B[2] is connected to registers with an asynchronous reset. This is preventing the possibility of merging these registers in to the DSP Block since the DSP block registers only possess synchronous reset capability.  It is suggested to recode or change these registers to remove the reset or use a synchronous reset to get the best optimization for performance, power and area.
Related violations: <none>

DPIR-1#362 Warning
Asynchronous driver check  
DSP vetrimodule/plotmd/graph_mod/k2_00 input pin vetrimodule/plotmd/graph_mod/k2_00/B[3] is connected to registers with an asynchronous reset. This is preventing the possibility of merging these registers in to the DSP Block since the DSP block registers only possess synchronous reset capability.  It is suggested to recode or change these registers to remove the reset or use a synchronous reset to get the best optimization for performance, power and area.
Related violations: <none>

DPIR-1#363 Warning
Asynchronous driver check  
DSP vetrimodule/plotmd/graph_mod/k2_00 input pin vetrimodule/plotmd/graph_mod/k2_00/B[4] is connected to registers with an asynchronous reset. This is preventing the possibility of merging these registers in to the DSP Block since the DSP block registers only possess synchronous reset capability.  It is suggested to recode or change these registers to remove the reset or use a synchronous reset to get the best optimization for performance, power and area.
Related violations: <none>

DPIR-1#364 Warning
Asynchronous driver check  
DSP vetrimodule/plotmd/graph_mod/k2_00 input pin vetrimodule/plotmd/graph_mod/k2_00/B[5] is connected to registers with an asynchronous reset. This is preventing the possibility of merging these registers in to the DSP Block since the DSP block registers only possess synchronous reset capability.  It is suggested to recode or change these registers to remove the reset or use a synchronous reset to get the best optimization for performance, power and area.
Related violations: <none>

DPIR-1#365 Warning
Asynchronous driver check  
DSP vetrimodule/plotmd/graph_mod/k2_00 input pin vetrimodule/plotmd/graph_mod/k2_00/B[6] is connected to registers with an asynchronous reset. This is preventing the possibility of merging these registers in to the DSP Block since the DSP block registers only possess synchronous reset capability.  It is suggested to recode or change these registers to remove the reset or use a synchronous reset to get the best optimization for performance, power and area.
Related violations: <none>

DPIR-1#366 Warning
Asynchronous driver check  
DSP vetrimodule/plotmd/graph_mod/k2_00 input pin vetrimodule/plotmd/graph_mod/k2_00/B[7] is connected to registers with an asynchronous reset. This is preventing the possibility of merging these registers in to the DSP Block since the DSP block registers only possess synchronous reset capability.  It is suggested to recode or change these registers to remove the reset or use a synchronous reset to get the best optimization for performance, power and area.
Related violations: <none>

DPIR-1#367 Warning
Asynchronous driver check  
DSP vetrimodule/plotmd/graph_mod/k2_00 input pin vetrimodule/plotmd/graph_mod/k2_00/B[8] is connected to registers with an asynchronous reset. This is preventing the possibility of merging these registers in to the DSP Block since the DSP block registers only possess synchronous reset capability.  It is suggested to recode or change these registers to remove the reset or use a synchronous reset to get the best optimization for performance, power and area.
Related violations: <none>

DPIR-1#368 Warning
Asynchronous driver check  
DSP vetrimodule/plotmd/graph_mod/k2_00 input pin vetrimodule/plotmd/graph_mod/k2_00/B[9] is connected to registers with an asynchronous reset. This is preventing the possibility of merging these registers in to the DSP Block since the DSP block registers only possess synchronous reset capability.  It is suggested to recode or change these registers to remove the reset or use a synchronous reset to get the best optimization for performance, power and area.
Related violations: <none>

DPIR-1#369 Warning
Asynchronous driver check  
DSP vetrimodule/plotmd/graph_mod/k2_10 input pin vetrimodule/plotmd/graph_mod/k2_10/A[0] is connected to registers with an asynchronous reset. This is preventing the possibility of merging these registers in to the DSP Block since the DSP block registers only possess synchronous reset capability.  It is suggested to recode or change these registers to remove the reset or use a synchronous reset to get the best optimization for performance, power and area.
Related violations: <none>

DPIR-1#370 Warning
Asynchronous driver check  
DSP vetrimodule/plotmd/graph_mod/k2_10 input pin vetrimodule/plotmd/graph_mod/k2_10/A[10] is connected to registers with an asynchronous reset. This is preventing the possibility of merging these registers in to the DSP Block since the DSP block registers only possess synchronous reset capability.  It is suggested to recode or change these registers to remove the reset or use a synchronous reset to get the best optimization for performance, power and area.
Related violations: <none>

DPIR-1#371 Warning
Asynchronous driver check  
DSP vetrimodule/plotmd/graph_mod/k2_10 input pin vetrimodule/plotmd/graph_mod/k2_10/A[11] is connected to registers with an asynchronous reset. This is preventing the possibility of merging these registers in to the DSP Block since the DSP block registers only possess synchronous reset capability.  It is suggested to recode or change these registers to remove the reset or use a synchronous reset to get the best optimization for performance, power and area.
Related violations: <none>

DPIR-1#372 Warning
Asynchronous driver check  
DSP vetrimodule/plotmd/graph_mod/k2_10 input pin vetrimodule/plotmd/graph_mod/k2_10/A[12] is connected to registers with an asynchronous reset. This is preventing the possibility of merging these registers in to the DSP Block since the DSP block registers only possess synchronous reset capability.  It is suggested to recode or change these registers to remove the reset or use a synchronous reset to get the best optimization for performance, power and area.
Related violations: <none>

DPIR-1#373 Warning
Asynchronous driver check  
DSP vetrimodule/plotmd/graph_mod/k2_10 input pin vetrimodule/plotmd/graph_mod/k2_10/A[13] is connected to registers with an asynchronous reset. This is preventing the possibility of merging these registers in to the DSP Block since the DSP block registers only possess synchronous reset capability.  It is suggested to recode or change these registers to remove the reset or use a synchronous reset to get the best optimization for performance, power and area.
Related violations: <none>

DPIR-1#374 Warning
Asynchronous driver check  
DSP vetrimodule/plotmd/graph_mod/k2_10 input pin vetrimodule/plotmd/graph_mod/k2_10/A[14] is connected to registers with an asynchronous reset. This is preventing the possibility of merging these registers in to the DSP Block since the DSP block registers only possess synchronous reset capability.  It is suggested to recode or change these registers to remove the reset or use a synchronous reset to get the best optimization for performance, power and area.
Related violations: <none>

DPIR-1#375 Warning
Asynchronous driver check  
DSP vetrimodule/plotmd/graph_mod/k2_10 input pin vetrimodule/plotmd/graph_mod/k2_10/A[15] is connected to registers with an asynchronous reset. This is preventing the possibility of merging these registers in to the DSP Block since the DSP block registers only possess synchronous reset capability.  It is suggested to recode or change these registers to remove the reset or use a synchronous reset to get the best optimization for performance, power and area.
Related violations: <none>

DPIR-1#376 Warning
Asynchronous driver check  
DSP vetrimodule/plotmd/graph_mod/k2_10 input pin vetrimodule/plotmd/graph_mod/k2_10/A[16] is connected to registers with an asynchronous reset. This is preventing the possibility of merging these registers in to the DSP Block since the DSP block registers only possess synchronous reset capability.  It is suggested to recode or change these registers to remove the reset or use a synchronous reset to get the best optimization for performance, power and area.
Related violations: <none>

DPIR-1#377 Warning
Asynchronous driver check  
DSP vetrimodule/plotmd/graph_mod/k2_10 input pin vetrimodule/plotmd/graph_mod/k2_10/A[17] is connected to registers with an asynchronous reset. This is preventing the possibility of merging these registers in to the DSP Block since the DSP block registers only possess synchronous reset capability.  It is suggested to recode or change these registers to remove the reset or use a synchronous reset to get the best optimization for performance, power and area.
Related violations: <none>

DPIR-1#378 Warning
Asynchronous driver check  
DSP vetrimodule/plotmd/graph_mod/k2_10 input pin vetrimodule/plotmd/graph_mod/k2_10/A[18] is connected to registers with an asynchronous reset. This is preventing the possibility of merging these registers in to the DSP Block since the DSP block registers only possess synchronous reset capability.  It is suggested to recode or change these registers to remove the reset or use a synchronous reset to get the best optimization for performance, power and area.
Related violations: <none>

DPIR-1#379 Warning
Asynchronous driver check  
DSP vetrimodule/plotmd/graph_mod/k2_10 input pin vetrimodule/plotmd/graph_mod/k2_10/A[19] is connected to registers with an asynchronous reset. This is preventing the possibility of merging these registers in to the DSP Block since the DSP block registers only possess synchronous reset capability.  It is suggested to recode or change these registers to remove the reset or use a synchronous reset to get the best optimization for performance, power and area.
Related violations: <none>

DPIR-1#380 Warning
Asynchronous driver check  
DSP vetrimodule/plotmd/graph_mod/k2_10 input pin vetrimodule/plotmd/graph_mod/k2_10/A[1] is connected to registers with an asynchronous reset. This is preventing the possibility of merging these registers in to the DSP Block since the DSP block registers only possess synchronous reset capability.  It is suggested to recode or change these registers to remove the reset or use a synchronous reset to get the best optimization for performance, power and area.
Related violations: <none>

DPIR-1#381 Warning
Asynchronous driver check  
DSP vetrimodule/plotmd/graph_mod/k2_10 input pin vetrimodule/plotmd/graph_mod/k2_10/A[20] is connected to registers with an asynchronous reset. This is preventing the possibility of merging these registers in to the DSP Block since the DSP block registers only possess synchronous reset capability.  It is suggested to recode or change these registers to remove the reset or use a synchronous reset to get the best optimization for performance, power and area.
Related violations: <none>

DPIR-1#382 Warning
Asynchronous driver check  
DSP vetrimodule/plotmd/graph_mod/k2_10 input pin vetrimodule/plotmd/graph_mod/k2_10/A[21] is connected to registers with an asynchronous reset. This is preventing the possibility of merging these registers in to the DSP Block since the DSP block registers only possess synchronous reset capability.  It is suggested to recode or change these registers to remove the reset or use a synchronous reset to get the best optimization for performance, power and area.
Related violations: <none>

DPIR-1#383 Warning
Asynchronous driver check  
DSP vetrimodule/plotmd/graph_mod/k2_10 input pin vetrimodule/plotmd/graph_mod/k2_10/A[22] is connected to registers with an asynchronous reset. This is preventing the possibility of merging these registers in to the DSP Block since the DSP block registers only possess synchronous reset capability.  It is suggested to recode or change these registers to remove the reset or use a synchronous reset to get the best optimization for performance, power and area.
Related violations: <none>

DPIR-1#384 Warning
Asynchronous driver check  
DSP vetrimodule/plotmd/graph_mod/k2_10 input pin vetrimodule/plotmd/graph_mod/k2_10/A[23] is connected to registers with an asynchronous reset. This is preventing the possibility of merging these registers in to the DSP Block since the DSP block registers only possess synchronous reset capability.  It is suggested to recode or change these registers to remove the reset or use a synchronous reset to get the best optimization for performance, power and area.
Related violations: <none>

DPIR-1#385 Warning
Asynchronous driver check  
DSP vetrimodule/plotmd/graph_mod/k2_10 input pin vetrimodule/plotmd/graph_mod/k2_10/A[24] is connected to registers with an asynchronous reset. This is preventing the possibility of merging these registers in to the DSP Block since the DSP block registers only possess synchronous reset capability.  It is suggested to recode or change these registers to remove the reset or use a synchronous reset to get the best optimization for performance, power and area.
Related violations: <none>

DPIR-1#386 Warning
Asynchronous driver check  
DSP vetrimodule/plotmd/graph_mod/k2_10 input pin vetrimodule/plotmd/graph_mod/k2_10/A[25] is connected to registers with an asynchronous reset. This is preventing the possibility of merging these registers in to the DSP Block since the DSP block registers only possess synchronous reset capability.  It is suggested to recode or change these registers to remove the reset or use a synchronous reset to get the best optimization for performance, power and area.
Related violations: <none>

DPIR-1#387 Warning
Asynchronous driver check  
DSP vetrimodule/plotmd/graph_mod/k2_10 input pin vetrimodule/plotmd/graph_mod/k2_10/A[26] is connected to registers with an asynchronous reset. This is preventing the possibility of merging these registers in to the DSP Block since the DSP block registers only possess synchronous reset capability.  It is suggested to recode or change these registers to remove the reset or use a synchronous reset to get the best optimization for performance, power and area.
Related violations: <none>

DPIR-1#388 Warning
Asynchronous driver check  
DSP vetrimodule/plotmd/graph_mod/k2_10 input pin vetrimodule/plotmd/graph_mod/k2_10/A[27] is connected to registers with an asynchronous reset. This is preventing the possibility of merging these registers in to the DSP Block since the DSP block registers only possess synchronous reset capability.  It is suggested to recode or change these registers to remove the reset or use a synchronous reset to get the best optimization for performance, power and area.
Related violations: <none>

DPIR-1#389 Warning
Asynchronous driver check  
DSP vetrimodule/plotmd/graph_mod/k2_10 input pin vetrimodule/plotmd/graph_mod/k2_10/A[28] is connected to registers with an asynchronous reset. This is preventing the possibility of merging these registers in to the DSP Block since the DSP block registers only possess synchronous reset capability.  It is suggested to recode or change these registers to remove the reset or use a synchronous reset to get the best optimization for performance, power and area.
Related violations: <none>

DPIR-1#390 Warning
Asynchronous driver check  
DSP vetrimodule/plotmd/graph_mod/k2_10 input pin vetrimodule/plotmd/graph_mod/k2_10/A[29] is connected to registers with an asynchronous reset. This is preventing the possibility of merging these registers in to the DSP Block since the DSP block registers only possess synchronous reset capability.  It is suggested to recode or change these registers to remove the reset or use a synchronous reset to get the best optimization for performance, power and area.
Related violations: <none>

DPIR-1#391 Warning
Asynchronous driver check  
DSP vetrimodule/plotmd/graph_mod/k2_10 input pin vetrimodule/plotmd/graph_mod/k2_10/A[2] is connected to registers with an asynchronous reset. This is preventing the possibility of merging these registers in to the DSP Block since the DSP block registers only possess synchronous reset capability.  It is suggested to recode or change these registers to remove the reset or use a synchronous reset to get the best optimization for performance, power and area.
Related violations: <none>

DPIR-1#392 Warning
Asynchronous driver check  
DSP vetrimodule/plotmd/graph_mod/k2_10 input pin vetrimodule/plotmd/graph_mod/k2_10/A[3] is connected to registers with an asynchronous reset. This is preventing the possibility of merging these registers in to the DSP Block since the DSP block registers only possess synchronous reset capability.  It is suggested to recode or change these registers to remove the reset or use a synchronous reset to get the best optimization for performance, power and area.
Related violations: <none>

DPIR-1#393 Warning
Asynchronous driver check  
DSP vetrimodule/plotmd/graph_mod/k2_10 input pin vetrimodule/plotmd/graph_mod/k2_10/A[4] is connected to registers with an asynchronous reset. This is preventing the possibility of merging these registers in to the DSP Block since the DSP block registers only possess synchronous reset capability.  It is suggested to recode or change these registers to remove the reset or use a synchronous reset to get the best optimization for performance, power and area.
Related violations: <none>

DPIR-1#394 Warning
Asynchronous driver check  
DSP vetrimodule/plotmd/graph_mod/k2_10 input pin vetrimodule/plotmd/graph_mod/k2_10/A[5] is connected to registers with an asynchronous reset. This is preventing the possibility of merging these registers in to the DSP Block since the DSP block registers only possess synchronous reset capability.  It is suggested to recode or change these registers to remove the reset or use a synchronous reset to get the best optimization for performance, power and area.
Related violations: <none>

DPIR-1#395 Warning
Asynchronous driver check  
DSP vetrimodule/plotmd/graph_mod/k2_10 input pin vetrimodule/plotmd/graph_mod/k2_10/A[6] is connected to registers with an asynchronous reset. This is preventing the possibility of merging these registers in to the DSP Block since the DSP block registers only possess synchronous reset capability.  It is suggested to recode or change these registers to remove the reset or use a synchronous reset to get the best optimization for performance, power and area.
Related violations: <none>

DPIR-1#396 Warning
Asynchronous driver check  
DSP vetrimodule/plotmd/graph_mod/k2_10 input pin vetrimodule/plotmd/graph_mod/k2_10/A[7] is connected to registers with an asynchronous reset. This is preventing the possibility of merging these registers in to the DSP Block since the DSP block registers only possess synchronous reset capability.  It is suggested to recode or change these registers to remove the reset or use a synchronous reset to get the best optimization for performance, power and area.
Related violations: <none>

DPIR-1#397 Warning
Asynchronous driver check  
DSP vetrimodule/plotmd/graph_mod/k2_10 input pin vetrimodule/plotmd/graph_mod/k2_10/A[8] is connected to registers with an asynchronous reset. This is preventing the possibility of merging these registers in to the DSP Block since the DSP block registers only possess synchronous reset capability.  It is suggested to recode or change these registers to remove the reset or use a synchronous reset to get the best optimization for performance, power and area.
Related violations: <none>

DPIR-1#398 Warning
Asynchronous driver check  
DSP vetrimodule/plotmd/graph_mod/k2_10 input pin vetrimodule/plotmd/graph_mod/k2_10/A[9] is connected to registers with an asynchronous reset. This is preventing the possibility of merging these registers in to the DSP Block since the DSP block registers only possess synchronous reset capability.  It is suggested to recode or change these registers to remove the reset or use a synchronous reset to get the best optimization for performance, power and area.
Related violations: <none>

DPIR-1#399 Warning
Asynchronous driver check  
DSP vetrimodule/plotmd/graph_mod/k2_20 input pin vetrimodule/plotmd/graph_mod/k2_20/A[0] is connected to registers with an asynchronous reset. This is preventing the possibility of merging these registers in to the DSP Block since the DSP block registers only possess synchronous reset capability.  It is suggested to recode or change these registers to remove the reset or use a synchronous reset to get the best optimization for performance, power and area.
Related violations: <none>

DPIR-1#400 Warning
Asynchronous driver check  
DSP vetrimodule/plotmd/graph_mod/k2_20 input pin vetrimodule/plotmd/graph_mod/k2_20/A[10] is connected to registers with an asynchronous reset. This is preventing the possibility of merging these registers in to the DSP Block since the DSP block registers only possess synchronous reset capability.  It is suggested to recode or change these registers to remove the reset or use a synchronous reset to get the best optimization for performance, power and area.
Related violations: <none>

DPIR-1#401 Warning
Asynchronous driver check  
DSP vetrimodule/plotmd/graph_mod/k2_20 input pin vetrimodule/plotmd/graph_mod/k2_20/A[11] is connected to registers with an asynchronous reset. This is preventing the possibility of merging these registers in to the DSP Block since the DSP block registers only possess synchronous reset capability.  It is suggested to recode or change these registers to remove the reset or use a synchronous reset to get the best optimization for performance, power and area.
Related violations: <none>

DPIR-1#402 Warning
Asynchronous driver check  
DSP vetrimodule/plotmd/graph_mod/k2_20 input pin vetrimodule/plotmd/graph_mod/k2_20/A[12] is connected to registers with an asynchronous reset. This is preventing the possibility of merging these registers in to the DSP Block since the DSP block registers only possess synchronous reset capability.  It is suggested to recode or change these registers to remove the reset or use a synchronous reset to get the best optimization for performance, power and area.
Related violations: <none>

DPIR-1#403 Warning
Asynchronous driver check  
DSP vetrimodule/plotmd/graph_mod/k2_20 input pin vetrimodule/plotmd/graph_mod/k2_20/A[13] is connected to registers with an asynchronous reset. This is preventing the possibility of merging these registers in to the DSP Block since the DSP block registers only possess synchronous reset capability.  It is suggested to recode or change these registers to remove the reset or use a synchronous reset to get the best optimization for performance, power and area.
Related violations: <none>

DPIR-1#404 Warning
Asynchronous driver check  
DSP vetrimodule/plotmd/graph_mod/k2_20 input pin vetrimodule/plotmd/graph_mod/k2_20/A[14] is connected to registers with an asynchronous reset. This is preventing the possibility of merging these registers in to the DSP Block since the DSP block registers only possess synchronous reset capability.  It is suggested to recode or change these registers to remove the reset or use a synchronous reset to get the best optimization for performance, power and area.
Related violations: <none>

DPIR-1#405 Warning
Asynchronous driver check  
DSP vetrimodule/plotmd/graph_mod/k2_20 input pin vetrimodule/plotmd/graph_mod/k2_20/A[15] is connected to registers with an asynchronous reset. This is preventing the possibility of merging these registers in to the DSP Block since the DSP block registers only possess synchronous reset capability.  It is suggested to recode or change these registers to remove the reset or use a synchronous reset to get the best optimization for performance, power and area.
Related violations: <none>

DPIR-1#406 Warning
Asynchronous driver check  
DSP vetrimodule/plotmd/graph_mod/k2_20 input pin vetrimodule/plotmd/graph_mod/k2_20/A[16] is connected to registers with an asynchronous reset. This is preventing the possibility of merging these registers in to the DSP Block since the DSP block registers only possess synchronous reset capability.  It is suggested to recode or change these registers to remove the reset or use a synchronous reset to get the best optimization for performance, power and area.
Related violations: <none>

DPIR-1#407 Warning
Asynchronous driver check  
DSP vetrimodule/plotmd/graph_mod/k2_20 input pin vetrimodule/plotmd/graph_mod/k2_20/A[17] is connected to registers with an asynchronous reset. This is preventing the possibility of merging these registers in to the DSP Block since the DSP block registers only possess synchronous reset capability.  It is suggested to recode or change these registers to remove the reset or use a synchronous reset to get the best optimization for performance, power and area.
Related violations: <none>

DPIR-1#408 Warning
Asynchronous driver check  
DSP vetrimodule/plotmd/graph_mod/k2_20 input pin vetrimodule/plotmd/graph_mod/k2_20/A[18] is connected to registers with an asynchronous reset. This is preventing the possibility of merging these registers in to the DSP Block since the DSP block registers only possess synchronous reset capability.  It is suggested to recode or change these registers to remove the reset or use a synchronous reset to get the best optimization for performance, power and area.
Related violations: <none>

DPIR-1#409 Warning
Asynchronous driver check  
DSP vetrimodule/plotmd/graph_mod/k2_20 input pin vetrimodule/plotmd/graph_mod/k2_20/A[19] is connected to registers with an asynchronous reset. This is preventing the possibility of merging these registers in to the DSP Block since the DSP block registers only possess synchronous reset capability.  It is suggested to recode or change these registers to remove the reset or use a synchronous reset to get the best optimization for performance, power and area.
Related violations: <none>

DPIR-1#410 Warning
Asynchronous driver check  
DSP vetrimodule/plotmd/graph_mod/k2_20 input pin vetrimodule/plotmd/graph_mod/k2_20/A[1] is connected to registers with an asynchronous reset. This is preventing the possibility of merging these registers in to the DSP Block since the DSP block registers only possess synchronous reset capability.  It is suggested to recode or change these registers to remove the reset or use a synchronous reset to get the best optimization for performance, power and area.
Related violations: <none>

DPIR-1#411 Warning
Asynchronous driver check  
DSP vetrimodule/plotmd/graph_mod/k2_20 input pin vetrimodule/plotmd/graph_mod/k2_20/A[20] is connected to registers with an asynchronous reset. This is preventing the possibility of merging these registers in to the DSP Block since the DSP block registers only possess synchronous reset capability.  It is suggested to recode or change these registers to remove the reset or use a synchronous reset to get the best optimization for performance, power and area.
Related violations: <none>

DPIR-1#412 Warning
Asynchronous driver check  
DSP vetrimodule/plotmd/graph_mod/k2_20 input pin vetrimodule/plotmd/graph_mod/k2_20/A[21] is connected to registers with an asynchronous reset. This is preventing the possibility of merging these registers in to the DSP Block since the DSP block registers only possess synchronous reset capability.  It is suggested to recode or change these registers to remove the reset or use a synchronous reset to get the best optimization for performance, power and area.
Related violations: <none>

DPIR-1#413 Warning
Asynchronous driver check  
DSP vetrimodule/plotmd/graph_mod/k2_20 input pin vetrimodule/plotmd/graph_mod/k2_20/A[22] is connected to registers with an asynchronous reset. This is preventing the possibility of merging these registers in to the DSP Block since the DSP block registers only possess synchronous reset capability.  It is suggested to recode or change these registers to remove the reset or use a synchronous reset to get the best optimization for performance, power and area.
Related violations: <none>

DPIR-1#414 Warning
Asynchronous driver check  
DSP vetrimodule/plotmd/graph_mod/k2_20 input pin vetrimodule/plotmd/graph_mod/k2_20/A[23] is connected to registers with an asynchronous reset. This is preventing the possibility of merging these registers in to the DSP Block since the DSP block registers only possess synchronous reset capability.  It is suggested to recode or change these registers to remove the reset or use a synchronous reset to get the best optimization for performance, power and area.
Related violations: <none>

DPIR-1#415 Warning
Asynchronous driver check  
DSP vetrimodule/plotmd/graph_mod/k2_20 input pin vetrimodule/plotmd/graph_mod/k2_20/A[24] is connected to registers with an asynchronous reset. This is preventing the possibility of merging these registers in to the DSP Block since the DSP block registers only possess synchronous reset capability.  It is suggested to recode or change these registers to remove the reset or use a synchronous reset to get the best optimization for performance, power and area.
Related violations: <none>

DPIR-1#416 Warning
Asynchronous driver check  
DSP vetrimodule/plotmd/graph_mod/k2_20 input pin vetrimodule/plotmd/graph_mod/k2_20/A[25] is connected to registers with an asynchronous reset. This is preventing the possibility of merging these registers in to the DSP Block since the DSP block registers only possess synchronous reset capability.  It is suggested to recode or change these registers to remove the reset or use a synchronous reset to get the best optimization for performance, power and area.
Related violations: <none>

DPIR-1#417 Warning
Asynchronous driver check  
DSP vetrimodule/plotmd/graph_mod/k2_20 input pin vetrimodule/plotmd/graph_mod/k2_20/A[26] is connected to registers with an asynchronous reset. This is preventing the possibility of merging these registers in to the DSP Block since the DSP block registers only possess synchronous reset capability.  It is suggested to recode or change these registers to remove the reset or use a synchronous reset to get the best optimization for performance, power and area.
Related violations: <none>

DPIR-1#418 Warning
Asynchronous driver check  
DSP vetrimodule/plotmd/graph_mod/k2_20 input pin vetrimodule/plotmd/graph_mod/k2_20/A[27] is connected to registers with an asynchronous reset. This is preventing the possibility of merging these registers in to the DSP Block since the DSP block registers only possess synchronous reset capability.  It is suggested to recode or change these registers to remove the reset or use a synchronous reset to get the best optimization for performance, power and area.
Related violations: <none>

DPIR-1#419 Warning
Asynchronous driver check  
DSP vetrimodule/plotmd/graph_mod/k2_20 input pin vetrimodule/plotmd/graph_mod/k2_20/A[28] is connected to registers with an asynchronous reset. This is preventing the possibility of merging these registers in to the DSP Block since the DSP block registers only possess synchronous reset capability.  It is suggested to recode or change these registers to remove the reset or use a synchronous reset to get the best optimization for performance, power and area.
Related violations: <none>

DPIR-1#420 Warning
Asynchronous driver check  
DSP vetrimodule/plotmd/graph_mod/k2_20 input pin vetrimodule/plotmd/graph_mod/k2_20/A[29] is connected to registers with an asynchronous reset. This is preventing the possibility of merging these registers in to the DSP Block since the DSP block registers only possess synchronous reset capability.  It is suggested to recode or change these registers to remove the reset or use a synchronous reset to get the best optimization for performance, power and area.
Related violations: <none>

DPIR-1#421 Warning
Asynchronous driver check  
DSP vetrimodule/plotmd/graph_mod/k2_20 input pin vetrimodule/plotmd/graph_mod/k2_20/A[2] is connected to registers with an asynchronous reset. This is preventing the possibility of merging these registers in to the DSP Block since the DSP block registers only possess synchronous reset capability.  It is suggested to recode or change these registers to remove the reset or use a synchronous reset to get the best optimization for performance, power and area.
Related violations: <none>

DPIR-1#422 Warning
Asynchronous driver check  
DSP vetrimodule/plotmd/graph_mod/k2_20 input pin vetrimodule/plotmd/graph_mod/k2_20/A[3] is connected to registers with an asynchronous reset. This is preventing the possibility of merging these registers in to the DSP Block since the DSP block registers only possess synchronous reset capability.  It is suggested to recode or change these registers to remove the reset or use a synchronous reset to get the best optimization for performance, power and area.
Related violations: <none>

DPIR-1#423 Warning
Asynchronous driver check  
DSP vetrimodule/plotmd/graph_mod/k2_20 input pin vetrimodule/plotmd/graph_mod/k2_20/A[4] is connected to registers with an asynchronous reset. This is preventing the possibility of merging these registers in to the DSP Block since the DSP block registers only possess synchronous reset capability.  It is suggested to recode or change these registers to remove the reset or use a synchronous reset to get the best optimization for performance, power and area.
Related violations: <none>

DPIR-1#424 Warning
Asynchronous driver check  
DSP vetrimodule/plotmd/graph_mod/k2_20 input pin vetrimodule/plotmd/graph_mod/k2_20/A[5] is connected to registers with an asynchronous reset. This is preventing the possibility of merging these registers in to the DSP Block since the DSP block registers only possess synchronous reset capability.  It is suggested to recode or change these registers to remove the reset or use a synchronous reset to get the best optimization for performance, power and area.
Related violations: <none>

DPIR-1#425 Warning
Asynchronous driver check  
DSP vetrimodule/plotmd/graph_mod/k2_20 input pin vetrimodule/plotmd/graph_mod/k2_20/A[6] is connected to registers with an asynchronous reset. This is preventing the possibility of merging these registers in to the DSP Block since the DSP block registers only possess synchronous reset capability.  It is suggested to recode or change these registers to remove the reset or use a synchronous reset to get the best optimization for performance, power and area.
Related violations: <none>

DPIR-1#426 Warning
Asynchronous driver check  
DSP vetrimodule/plotmd/graph_mod/k2_20 input pin vetrimodule/plotmd/graph_mod/k2_20/A[7] is connected to registers with an asynchronous reset. This is preventing the possibility of merging these registers in to the DSP Block since the DSP block registers only possess synchronous reset capability.  It is suggested to recode or change these registers to remove the reset or use a synchronous reset to get the best optimization for performance, power and area.
Related violations: <none>

DPIR-1#427 Warning
Asynchronous driver check  
DSP vetrimodule/plotmd/graph_mod/k2_20 input pin vetrimodule/plotmd/graph_mod/k2_20/A[8] is connected to registers with an asynchronous reset. This is preventing the possibility of merging these registers in to the DSP Block since the DSP block registers only possess synchronous reset capability.  It is suggested to recode or change these registers to remove the reset or use a synchronous reset to get the best optimization for performance, power and area.
Related violations: <none>

DPIR-1#428 Warning
Asynchronous driver check  
DSP vetrimodule/plotmd/graph_mod/k2_20 input pin vetrimodule/plotmd/graph_mod/k2_20/A[9] is connected to registers with an asynchronous reset. This is preventing the possibility of merging these registers in to the DSP Block since the DSP block registers only possess synchronous reset capability.  It is suggested to recode or change these registers to remove the reset or use a synchronous reset to get the best optimization for performance, power and area.
Related violations: <none>

DPIR-1#429 Warning
Asynchronous driver check  
DSP vetrimodule/plotmd/graph_mod/k2_30 input pin vetrimodule/plotmd/graph_mod/k2_30/A[0] is connected to registers with an asynchronous reset. This is preventing the possibility of merging these registers in to the DSP Block since the DSP block registers only possess synchronous reset capability.  It is suggested to recode or change these registers to remove the reset or use a synchronous reset to get the best optimization for performance, power and area.
Related violations: <none>

DPIR-1#430 Warning
Asynchronous driver check  
DSP vetrimodule/plotmd/graph_mod/k2_30 input pin vetrimodule/plotmd/graph_mod/k2_30/A[10] is connected to registers with an asynchronous reset. This is preventing the possibility of merging these registers in to the DSP Block since the DSP block registers only possess synchronous reset capability.  It is suggested to recode or change these registers to remove the reset or use a synchronous reset to get the best optimization for performance, power and area.
Related violations: <none>

DPIR-1#431 Warning
Asynchronous driver check  
DSP vetrimodule/plotmd/graph_mod/k2_30 input pin vetrimodule/plotmd/graph_mod/k2_30/A[11] is connected to registers with an asynchronous reset. This is preventing the possibility of merging these registers in to the DSP Block since the DSP block registers only possess synchronous reset capability.  It is suggested to recode or change these registers to remove the reset or use a synchronous reset to get the best optimization for performance, power and area.
Related violations: <none>

DPIR-1#432 Warning
Asynchronous driver check  
DSP vetrimodule/plotmd/graph_mod/k2_30 input pin vetrimodule/plotmd/graph_mod/k2_30/A[12] is connected to registers with an asynchronous reset. This is preventing the possibility of merging these registers in to the DSP Block since the DSP block registers only possess synchronous reset capability.  It is suggested to recode or change these registers to remove the reset or use a synchronous reset to get the best optimization for performance, power and area.
Related violations: <none>

DPIR-1#433 Warning
Asynchronous driver check  
DSP vetrimodule/plotmd/graph_mod/k2_30 input pin vetrimodule/plotmd/graph_mod/k2_30/A[13] is connected to registers with an asynchronous reset. This is preventing the possibility of merging these registers in to the DSP Block since the DSP block registers only possess synchronous reset capability.  It is suggested to recode or change these registers to remove the reset or use a synchronous reset to get the best optimization for performance, power and area.
Related violations: <none>

DPIR-1#434 Warning
Asynchronous driver check  
DSP vetrimodule/plotmd/graph_mod/k2_30 input pin vetrimodule/plotmd/graph_mod/k2_30/A[14] is connected to registers with an asynchronous reset. This is preventing the possibility of merging these registers in to the DSP Block since the DSP block registers only possess synchronous reset capability.  It is suggested to recode or change these registers to remove the reset or use a synchronous reset to get the best optimization for performance, power and area.
Related violations: <none>

DPIR-1#435 Warning
Asynchronous driver check  
DSP vetrimodule/plotmd/graph_mod/k2_30 input pin vetrimodule/plotmd/graph_mod/k2_30/A[15] is connected to registers with an asynchronous reset. This is preventing the possibility of merging these registers in to the DSP Block since the DSP block registers only possess synchronous reset capability.  It is suggested to recode or change these registers to remove the reset or use a synchronous reset to get the best optimization for performance, power and area.
Related violations: <none>

DPIR-1#436 Warning
Asynchronous driver check  
DSP vetrimodule/plotmd/graph_mod/k2_30 input pin vetrimodule/plotmd/graph_mod/k2_30/A[16] is connected to registers with an asynchronous reset. This is preventing the possibility of merging these registers in to the DSP Block since the DSP block registers only possess synchronous reset capability.  It is suggested to recode or change these registers to remove the reset or use a synchronous reset to get the best optimization for performance, power and area.
Related violations: <none>

DPIR-1#437 Warning
Asynchronous driver check  
DSP vetrimodule/plotmd/graph_mod/k2_30 input pin vetrimodule/plotmd/graph_mod/k2_30/A[17] is connected to registers with an asynchronous reset. This is preventing the possibility of merging these registers in to the DSP Block since the DSP block registers only possess synchronous reset capability.  It is suggested to recode or change these registers to remove the reset or use a synchronous reset to get the best optimization for performance, power and area.
Related violations: <none>

DPIR-1#438 Warning
Asynchronous driver check  
DSP vetrimodule/plotmd/graph_mod/k2_30 input pin vetrimodule/plotmd/graph_mod/k2_30/A[18] is connected to registers with an asynchronous reset. This is preventing the possibility of merging these registers in to the DSP Block since the DSP block registers only possess synchronous reset capability.  It is suggested to recode or change these registers to remove the reset or use a synchronous reset to get the best optimization for performance, power and area.
Related violations: <none>

DPIR-1#439 Warning
Asynchronous driver check  
DSP vetrimodule/plotmd/graph_mod/k2_30 input pin vetrimodule/plotmd/graph_mod/k2_30/A[19] is connected to registers with an asynchronous reset. This is preventing the possibility of merging these registers in to the DSP Block since the DSP block registers only possess synchronous reset capability.  It is suggested to recode or change these registers to remove the reset or use a synchronous reset to get the best optimization for performance, power and area.
Related violations: <none>

DPIR-1#440 Warning
Asynchronous driver check  
DSP vetrimodule/plotmd/graph_mod/k2_30 input pin vetrimodule/plotmd/graph_mod/k2_30/A[1] is connected to registers with an asynchronous reset. This is preventing the possibility of merging these registers in to the DSP Block since the DSP block registers only possess synchronous reset capability.  It is suggested to recode or change these registers to remove the reset or use a synchronous reset to get the best optimization for performance, power and area.
Related violations: <none>

DPIR-1#441 Warning
Asynchronous driver check  
DSP vetrimodule/plotmd/graph_mod/k2_30 input pin vetrimodule/plotmd/graph_mod/k2_30/A[20] is connected to registers with an asynchronous reset. This is preventing the possibility of merging these registers in to the DSP Block since the DSP block registers only possess synchronous reset capability.  It is suggested to recode or change these registers to remove the reset or use a synchronous reset to get the best optimization for performance, power and area.
Related violations: <none>

DPIR-1#442 Warning
Asynchronous driver check  
DSP vetrimodule/plotmd/graph_mod/k2_30 input pin vetrimodule/plotmd/graph_mod/k2_30/A[21] is connected to registers with an asynchronous reset. This is preventing the possibility of merging these registers in to the DSP Block since the DSP block registers only possess synchronous reset capability.  It is suggested to recode or change these registers to remove the reset or use a synchronous reset to get the best optimization for performance, power and area.
Related violations: <none>

DPIR-1#443 Warning
Asynchronous driver check  
DSP vetrimodule/plotmd/graph_mod/k2_30 input pin vetrimodule/plotmd/graph_mod/k2_30/A[22] is connected to registers with an asynchronous reset. This is preventing the possibility of merging these registers in to the DSP Block since the DSP block registers only possess synchronous reset capability.  It is suggested to recode or change these registers to remove the reset or use a synchronous reset to get the best optimization for performance, power and area.
Related violations: <none>

DPIR-1#444 Warning
Asynchronous driver check  
DSP vetrimodule/plotmd/graph_mod/k2_30 input pin vetrimodule/plotmd/graph_mod/k2_30/A[23] is connected to registers with an asynchronous reset. This is preventing the possibility of merging these registers in to the DSP Block since the DSP block registers only possess synchronous reset capability.  It is suggested to recode or change these registers to remove the reset or use a synchronous reset to get the best optimization for performance, power and area.
Related violations: <none>

DPIR-1#445 Warning
Asynchronous driver check  
DSP vetrimodule/plotmd/graph_mod/k2_30 input pin vetrimodule/plotmd/graph_mod/k2_30/A[24] is connected to registers with an asynchronous reset. This is preventing the possibility of merging these registers in to the DSP Block since the DSP block registers only possess synchronous reset capability.  It is suggested to recode or change these registers to remove the reset or use a synchronous reset to get the best optimization for performance, power and area.
Related violations: <none>

DPIR-1#446 Warning
Asynchronous driver check  
DSP vetrimodule/plotmd/graph_mod/k2_30 input pin vetrimodule/plotmd/graph_mod/k2_30/A[25] is connected to registers with an asynchronous reset. This is preventing the possibility of merging these registers in to the DSP Block since the DSP block registers only possess synchronous reset capability.  It is suggested to recode or change these registers to remove the reset or use a synchronous reset to get the best optimization for performance, power and area.
Related violations: <none>

DPIR-1#447 Warning
Asynchronous driver check  
DSP vetrimodule/plotmd/graph_mod/k2_30 input pin vetrimodule/plotmd/graph_mod/k2_30/A[26] is connected to registers with an asynchronous reset. This is preventing the possibility of merging these registers in to the DSP Block since the DSP block registers only possess synchronous reset capability.  It is suggested to recode or change these registers to remove the reset or use a synchronous reset to get the best optimization for performance, power and area.
Related violations: <none>

DPIR-1#448 Warning
Asynchronous driver check  
DSP vetrimodule/plotmd/graph_mod/k2_30 input pin vetrimodule/plotmd/graph_mod/k2_30/A[27] is connected to registers with an asynchronous reset. This is preventing the possibility of merging these registers in to the DSP Block since the DSP block registers only possess synchronous reset capability.  It is suggested to recode or change these registers to remove the reset or use a synchronous reset to get the best optimization for performance, power and area.
Related violations: <none>

DPIR-1#449 Warning
Asynchronous driver check  
DSP vetrimodule/plotmd/graph_mod/k2_30 input pin vetrimodule/plotmd/graph_mod/k2_30/A[28] is connected to registers with an asynchronous reset. This is preventing the possibility of merging these registers in to the DSP Block since the DSP block registers only possess synchronous reset capability.  It is suggested to recode or change these registers to remove the reset or use a synchronous reset to get the best optimization for performance, power and area.
Related violations: <none>

DPIR-1#450 Warning
Asynchronous driver check  
DSP vetrimodule/plotmd/graph_mod/k2_30 input pin vetrimodule/plotmd/graph_mod/k2_30/A[29] is connected to registers with an asynchronous reset. This is preventing the possibility of merging these registers in to the DSP Block since the DSP block registers only possess synchronous reset capability.  It is suggested to recode or change these registers to remove the reset or use a synchronous reset to get the best optimization for performance, power and area.
Related violations: <none>

DPIR-1#451 Warning
Asynchronous driver check  
DSP vetrimodule/plotmd/graph_mod/k2_30 input pin vetrimodule/plotmd/graph_mod/k2_30/A[2] is connected to registers with an asynchronous reset. This is preventing the possibility of merging these registers in to the DSP Block since the DSP block registers only possess synchronous reset capability.  It is suggested to recode or change these registers to remove the reset or use a synchronous reset to get the best optimization for performance, power and area.
Related violations: <none>

DPIR-1#452 Warning
Asynchronous driver check  
DSP vetrimodule/plotmd/graph_mod/k2_30 input pin vetrimodule/plotmd/graph_mod/k2_30/A[3] is connected to registers with an asynchronous reset. This is preventing the possibility of merging these registers in to the DSP Block since the DSP block registers only possess synchronous reset capability.  It is suggested to recode or change these registers to remove the reset or use a synchronous reset to get the best optimization for performance, power and area.
Related violations: <none>

DPIR-1#453 Warning
Asynchronous driver check  
DSP vetrimodule/plotmd/graph_mod/k2_30 input pin vetrimodule/plotmd/graph_mod/k2_30/A[4] is connected to registers with an asynchronous reset. This is preventing the possibility of merging these registers in to the DSP Block since the DSP block registers only possess synchronous reset capability.  It is suggested to recode or change these registers to remove the reset or use a synchronous reset to get the best optimization for performance, power and area.
Related violations: <none>

DPIR-1#454 Warning
Asynchronous driver check  
DSP vetrimodule/plotmd/graph_mod/k2_30 input pin vetrimodule/plotmd/graph_mod/k2_30/A[5] is connected to registers with an asynchronous reset. This is preventing the possibility of merging these registers in to the DSP Block since the DSP block registers only possess synchronous reset capability.  It is suggested to recode or change these registers to remove the reset or use a synchronous reset to get the best optimization for performance, power and area.
Related violations: <none>

DPIR-1#455 Warning
Asynchronous driver check  
DSP vetrimodule/plotmd/graph_mod/k2_30 input pin vetrimodule/plotmd/graph_mod/k2_30/A[6] is connected to registers with an asynchronous reset. This is preventing the possibility of merging these registers in to the DSP Block since the DSP block registers only possess synchronous reset capability.  It is suggested to recode or change these registers to remove the reset or use a synchronous reset to get the best optimization for performance, power and area.
Related violations: <none>

DPIR-1#456 Warning
Asynchronous driver check  
DSP vetrimodule/plotmd/graph_mod/k2_30 input pin vetrimodule/plotmd/graph_mod/k2_30/A[7] is connected to registers with an asynchronous reset. This is preventing the possibility of merging these registers in to the DSP Block since the DSP block registers only possess synchronous reset capability.  It is suggested to recode or change these registers to remove the reset or use a synchronous reset to get the best optimization for performance, power and area.
Related violations: <none>

DPIR-1#457 Warning
Asynchronous driver check  
DSP vetrimodule/plotmd/graph_mod/k2_30 input pin vetrimodule/plotmd/graph_mod/k2_30/A[8] is connected to registers with an asynchronous reset. This is preventing the possibility of merging these registers in to the DSP Block since the DSP block registers only possess synchronous reset capability.  It is suggested to recode or change these registers to remove the reset or use a synchronous reset to get the best optimization for performance, power and area.
Related violations: <none>

DPIR-1#458 Warning
Asynchronous driver check  
DSP vetrimodule/plotmd/graph_mod/k2_30 input pin vetrimodule/plotmd/graph_mod/k2_30/A[9] is connected to registers with an asynchronous reset. This is preventing the possibility of merging these registers in to the DSP Block since the DSP block registers only possess synchronous reset capability.  It is suggested to recode or change these registers to remove the reset or use a synchronous reset to get the best optimization for performance, power and area.
Related violations: <none>

DPIR-1#459 Warning
Asynchronous driver check  
DSP vetrimodule/plotmd/graph_mod/t10 input pin vetrimodule/plotmd/graph_mod/t10/B[0] is connected to registers with an asynchronous reset. This is preventing the possibility of merging these registers in to the DSP Block since the DSP block registers only possess synchronous reset capability.  It is suggested to recode or change these registers to remove the reset or use a synchronous reset to get the best optimization for performance, power and area.
Related violations: <none>

DPIR-1#460 Warning
Asynchronous driver check  
DSP vetrimodule/plotmd/graph_mod/t10 input pin vetrimodule/plotmd/graph_mod/t10/B[1] is connected to registers with an asynchronous reset. This is preventing the possibility of merging these registers in to the DSP Block since the DSP block registers only possess synchronous reset capability.  It is suggested to recode or change these registers to remove the reset or use a synchronous reset to get the best optimization for performance, power and area.
Related violations: <none>

DPIR-1#461 Warning
Asynchronous driver check  
DSP vetrimodule/plotmd/graph_mod/t10 input pin vetrimodule/plotmd/graph_mod/t10/B[2] is connected to registers with an asynchronous reset. This is preventing the possibility of merging these registers in to the DSP Block since the DSP block registers only possess synchronous reset capability.  It is suggested to recode or change these registers to remove the reset or use a synchronous reset to get the best optimization for performance, power and area.
Related violations: <none>

DPIR-1#462 Warning
Asynchronous driver check  
DSP vetrimodule/plotmd/graph_mod/t10 input pin vetrimodule/plotmd/graph_mod/t10/B[3] is connected to registers with an asynchronous reset. This is preventing the possibility of merging these registers in to the DSP Block since the DSP block registers only possess synchronous reset capability.  It is suggested to recode or change these registers to remove the reset or use a synchronous reset to get the best optimization for performance, power and area.
Related violations: <none>

DPIR-1#463 Warning
Asynchronous driver check  
DSP vetrimodule/plotmd/graph_mod/t11 input pin vetrimodule/plotmd/graph_mod/t11/A[0] is connected to registers with an asynchronous reset. This is preventing the possibility of merging these registers in to the DSP Block since the DSP block registers only possess synchronous reset capability.  It is suggested to recode or change these registers to remove the reset or use a synchronous reset to get the best optimization for performance, power and area.
Related violations: <none>

DPIR-1#464 Warning
Asynchronous driver check  
DSP vetrimodule/plotmd/graph_mod/t11 input pin vetrimodule/plotmd/graph_mod/t11/A[10] is connected to registers with an asynchronous reset. This is preventing the possibility of merging these registers in to the DSP Block since the DSP block registers only possess synchronous reset capability.  It is suggested to recode or change these registers to remove the reset or use a synchronous reset to get the best optimization for performance, power and area.
Related violations: <none>

DPIR-1#465 Warning
Asynchronous driver check  
DSP vetrimodule/plotmd/graph_mod/t11 input pin vetrimodule/plotmd/graph_mod/t11/A[11] is connected to registers with an asynchronous reset. This is preventing the possibility of merging these registers in to the DSP Block since the DSP block registers only possess synchronous reset capability.  It is suggested to recode or change these registers to remove the reset or use a synchronous reset to get the best optimization for performance, power and area.
Related violations: <none>

DPIR-1#466 Warning
Asynchronous driver check  
DSP vetrimodule/plotmd/graph_mod/t11 input pin vetrimodule/plotmd/graph_mod/t11/A[12] is connected to registers with an asynchronous reset. This is preventing the possibility of merging these registers in to the DSP Block since the DSP block registers only possess synchronous reset capability.  It is suggested to recode or change these registers to remove the reset or use a synchronous reset to get the best optimization for performance, power and area.
Related violations: <none>

DPIR-1#467 Warning
Asynchronous driver check  
DSP vetrimodule/plotmd/graph_mod/t11 input pin vetrimodule/plotmd/graph_mod/t11/A[13] is connected to registers with an asynchronous reset. This is preventing the possibility of merging these registers in to the DSP Block since the DSP block registers only possess synchronous reset capability.  It is suggested to recode or change these registers to remove the reset or use a synchronous reset to get the best optimization for performance, power and area.
Related violations: <none>

DPIR-1#468 Warning
Asynchronous driver check  
DSP vetrimodule/plotmd/graph_mod/t11 input pin vetrimodule/plotmd/graph_mod/t11/A[14] is connected to registers with an asynchronous reset. This is preventing the possibility of merging these registers in to the DSP Block since the DSP block registers only possess synchronous reset capability.  It is suggested to recode or change these registers to remove the reset or use a synchronous reset to get the best optimization for performance, power and area.
Related violations: <none>

DPIR-1#469 Warning
Asynchronous driver check  
DSP vetrimodule/plotmd/graph_mod/t11 input pin vetrimodule/plotmd/graph_mod/t11/A[15] is connected to registers with an asynchronous reset. This is preventing the possibility of merging these registers in to the DSP Block since the DSP block registers only possess synchronous reset capability.  It is suggested to recode or change these registers to remove the reset or use a synchronous reset to get the best optimization for performance, power and area.
Related violations: <none>

DPIR-1#470 Warning
Asynchronous driver check  
DSP vetrimodule/plotmd/graph_mod/t11 input pin vetrimodule/plotmd/graph_mod/t11/A[16] is connected to registers with an asynchronous reset. This is preventing the possibility of merging these registers in to the DSP Block since the DSP block registers only possess synchronous reset capability.  It is suggested to recode or change these registers to remove the reset or use a synchronous reset to get the best optimization for performance, power and area.
Related violations: <none>

DPIR-1#471 Warning
Asynchronous driver check  
DSP vetrimodule/plotmd/graph_mod/t11 input pin vetrimodule/plotmd/graph_mod/t11/A[1] is connected to registers with an asynchronous reset. This is preventing the possibility of merging these registers in to the DSP Block since the DSP block registers only possess synchronous reset capability.  It is suggested to recode or change these registers to remove the reset or use a synchronous reset to get the best optimization for performance, power and area.
Related violations: <none>

DPIR-1#472 Warning
Asynchronous driver check  
DSP vetrimodule/plotmd/graph_mod/t11 input pin vetrimodule/plotmd/graph_mod/t11/A[2] is connected to registers with an asynchronous reset. This is preventing the possibility of merging these registers in to the DSP Block since the DSP block registers only possess synchronous reset capability.  It is suggested to recode or change these registers to remove the reset or use a synchronous reset to get the best optimization for performance, power and area.
Related violations: <none>

DPIR-1#473 Warning
Asynchronous driver check  
DSP vetrimodule/plotmd/graph_mod/t11 input pin vetrimodule/plotmd/graph_mod/t11/A[3] is connected to registers with an asynchronous reset. This is preventing the possibility of merging these registers in to the DSP Block since the DSP block registers only possess synchronous reset capability.  It is suggested to recode or change these registers to remove the reset or use a synchronous reset to get the best optimization for performance, power and area.
Related violations: <none>

DPIR-1#474 Warning
Asynchronous driver check  
DSP vetrimodule/plotmd/graph_mod/t11 input pin vetrimodule/plotmd/graph_mod/t11/A[4] is connected to registers with an asynchronous reset. This is preventing the possibility of merging these registers in to the DSP Block since the DSP block registers only possess synchronous reset capability.  It is suggested to recode or change these registers to remove the reset or use a synchronous reset to get the best optimization for performance, power and area.
Related violations: <none>

DPIR-1#475 Warning
Asynchronous driver check  
DSP vetrimodule/plotmd/graph_mod/t11 input pin vetrimodule/plotmd/graph_mod/t11/A[5] is connected to registers with an asynchronous reset. This is preventing the possibility of merging these registers in to the DSP Block since the DSP block registers only possess synchronous reset capability.  It is suggested to recode or change these registers to remove the reset or use a synchronous reset to get the best optimization for performance, power and area.
Related violations: <none>

DPIR-1#476 Warning
Asynchronous driver check  
DSP vetrimodule/plotmd/graph_mod/t11 input pin vetrimodule/plotmd/graph_mod/t11/A[6] is connected to registers with an asynchronous reset. This is preventing the possibility of merging these registers in to the DSP Block since the DSP block registers only possess synchronous reset capability.  It is suggested to recode or change these registers to remove the reset or use a synchronous reset to get the best optimization for performance, power and area.
Related violations: <none>

DPIR-1#477 Warning
Asynchronous driver check  
DSP vetrimodule/plotmd/graph_mod/t11 input pin vetrimodule/plotmd/graph_mod/t11/A[7] is connected to registers with an asynchronous reset. This is preventing the possibility of merging these registers in to the DSP Block since the DSP block registers only possess synchronous reset capability.  It is suggested to recode or change these registers to remove the reset or use a synchronous reset to get the best optimization for performance, power and area.
Related violations: <none>

DPIR-1#478 Warning
Asynchronous driver check  
DSP vetrimodule/plotmd/graph_mod/t11 input pin vetrimodule/plotmd/graph_mod/t11/A[8] is connected to registers with an asynchronous reset. This is preventing the possibility of merging these registers in to the DSP Block since the DSP block registers only possess synchronous reset capability.  It is suggested to recode or change these registers to remove the reset or use a synchronous reset to get the best optimization for performance, power and area.
Related violations: <none>

DPIR-1#479 Warning
Asynchronous driver check  
DSP vetrimodule/plotmd/graph_mod/t11 input pin vetrimodule/plotmd/graph_mod/t11/A[9] is connected to registers with an asynchronous reset. This is preventing the possibility of merging these registers in to the DSP Block since the DSP block registers only possess synchronous reset capability.  It is suggested to recode or change these registers to remove the reset or use a synchronous reset to get the best optimization for performance, power and area.
Related violations: <none>

DPIR-1#480 Warning
Asynchronous driver check  
DSP vetrimodule/plotmd/graph_mod/t11 input pin vetrimodule/plotmd/graph_mod/t11/B[0] is connected to registers with an asynchronous reset. This is preventing the possibility of merging these registers in to the DSP Block since the DSP block registers only possess synchronous reset capability.  It is suggested to recode or change these registers to remove the reset or use a synchronous reset to get the best optimization for performance, power and area.
Related violations: <none>

DPIR-1#481 Warning
Asynchronous driver check  
DSP vetrimodule/plotmd/graph_mod/t11 input pin vetrimodule/plotmd/graph_mod/t11/B[1] is connected to registers with an asynchronous reset. This is preventing the possibility of merging these registers in to the DSP Block since the DSP block registers only possess synchronous reset capability.  It is suggested to recode or change these registers to remove the reset or use a synchronous reset to get the best optimization for performance, power and area.
Related violations: <none>

DPIR-1#482 Warning
Asynchronous driver check  
DSP vetrimodule/plotmd/graph_mod/t11 input pin vetrimodule/plotmd/graph_mod/t11/B[2] is connected to registers with an asynchronous reset. This is preventing the possibility of merging these registers in to the DSP Block since the DSP block registers only possess synchronous reset capability.  It is suggested to recode or change these registers to remove the reset or use a synchronous reset to get the best optimization for performance, power and area.
Related violations: <none>

DPIR-1#483 Warning
Asynchronous driver check  
DSP vetrimodule/plotmd/graph_mod/t11 input pin vetrimodule/plotmd/graph_mod/t11/B[3] is connected to registers with an asynchronous reset. This is preventing the possibility of merging these registers in to the DSP Block since the DSP block registers only possess synchronous reset capability.  It is suggested to recode or change these registers to remove the reset or use a synchronous reset to get the best optimization for performance, power and area.
Related violations: <none>

DPIR-1#484 Warning
Asynchronous driver check  
DSP vetrimodule/plotmd/graph_mod/t11__0 input pin vetrimodule/plotmd/graph_mod/t11__0/A[0] is connected to registers with an asynchronous reset. This is preventing the possibility of merging these registers in to the DSP Block since the DSP block registers only possess synchronous reset capability.  It is suggested to recode or change these registers to remove the reset or use a synchronous reset to get the best optimization for performance, power and area.
Related violations: <none>

DPIR-1#485 Warning
Asynchronous driver check  
DSP vetrimodule/plotmd/graph_mod/t11__0 input pin vetrimodule/plotmd/graph_mod/t11__0/A[10] is connected to registers with an asynchronous reset. This is preventing the possibility of merging these registers in to the DSP Block since the DSP block registers only possess synchronous reset capability.  It is suggested to recode or change these registers to remove the reset or use a synchronous reset to get the best optimization for performance, power and area.
Related violations: <none>

DPIR-1#486 Warning
Asynchronous driver check  
DSP vetrimodule/plotmd/graph_mod/t11__0 input pin vetrimodule/plotmd/graph_mod/t11__0/A[11] is connected to registers with an asynchronous reset. This is preventing the possibility of merging these registers in to the DSP Block since the DSP block registers only possess synchronous reset capability.  It is suggested to recode or change these registers to remove the reset or use a synchronous reset to get the best optimization for performance, power and area.
Related violations: <none>

DPIR-1#487 Warning
Asynchronous driver check  
DSP vetrimodule/plotmd/graph_mod/t11__0 input pin vetrimodule/plotmd/graph_mod/t11__0/A[12] is connected to registers with an asynchronous reset. This is preventing the possibility of merging these registers in to the DSP Block since the DSP block registers only possess synchronous reset capability.  It is suggested to recode or change these registers to remove the reset or use a synchronous reset to get the best optimization for performance, power and area.
Related violations: <none>

DPIR-1#488 Warning
Asynchronous driver check  
DSP vetrimodule/plotmd/graph_mod/t11__0 input pin vetrimodule/plotmd/graph_mod/t11__0/A[13] is connected to registers with an asynchronous reset. This is preventing the possibility of merging these registers in to the DSP Block since the DSP block registers only possess synchronous reset capability.  It is suggested to recode or change these registers to remove the reset or use a synchronous reset to get the best optimization for performance, power and area.
Related violations: <none>

DPIR-1#489 Warning
Asynchronous driver check  
DSP vetrimodule/plotmd/graph_mod/t11__0 input pin vetrimodule/plotmd/graph_mod/t11__0/A[14] is connected to registers with an asynchronous reset. This is preventing the possibility of merging these registers in to the DSP Block since the DSP block registers only possess synchronous reset capability.  It is suggested to recode or change these registers to remove the reset or use a synchronous reset to get the best optimization for performance, power and area.
Related violations: <none>

DPIR-1#490 Warning
Asynchronous driver check  
DSP vetrimodule/plotmd/graph_mod/t11__0 input pin vetrimodule/plotmd/graph_mod/t11__0/A[15] is connected to registers with an asynchronous reset. This is preventing the possibility of merging these registers in to the DSP Block since the DSP block registers only possess synchronous reset capability.  It is suggested to recode or change these registers to remove the reset or use a synchronous reset to get the best optimization for performance, power and area.
Related violations: <none>

DPIR-1#491 Warning
Asynchronous driver check  
DSP vetrimodule/plotmd/graph_mod/t11__0 input pin vetrimodule/plotmd/graph_mod/t11__0/A[16] is connected to registers with an asynchronous reset. This is preventing the possibility of merging these registers in to the DSP Block since the DSP block registers only possess synchronous reset capability.  It is suggested to recode or change these registers to remove the reset or use a synchronous reset to get the best optimization for performance, power and area.
Related violations: <none>

DPIR-1#492 Warning
Asynchronous driver check  
DSP vetrimodule/plotmd/graph_mod/t11__0 input pin vetrimodule/plotmd/graph_mod/t11__0/A[17] is connected to registers with an asynchronous reset. This is preventing the possibility of merging these registers in to the DSP Block since the DSP block registers only possess synchronous reset capability.  It is suggested to recode or change these registers to remove the reset or use a synchronous reset to get the best optimization for performance, power and area.
Related violations: <none>

DPIR-1#493 Warning
Asynchronous driver check  
DSP vetrimodule/plotmd/graph_mod/t11__0 input pin vetrimodule/plotmd/graph_mod/t11__0/A[18] is connected to registers with an asynchronous reset. This is preventing the possibility of merging these registers in to the DSP Block since the DSP block registers only possess synchronous reset capability.  It is suggested to recode or change these registers to remove the reset or use a synchronous reset to get the best optimization for performance, power and area.
Related violations: <none>

DPIR-1#494 Warning
Asynchronous driver check  
DSP vetrimodule/plotmd/graph_mod/t11__0 input pin vetrimodule/plotmd/graph_mod/t11__0/A[19] is connected to registers with an asynchronous reset. This is preventing the possibility of merging these registers in to the DSP Block since the DSP block registers only possess synchronous reset capability.  It is suggested to recode or change these registers to remove the reset or use a synchronous reset to get the best optimization for performance, power and area.
Related violations: <none>

DPIR-1#495 Warning
Asynchronous driver check  
DSP vetrimodule/plotmd/graph_mod/t11__0 input pin vetrimodule/plotmd/graph_mod/t11__0/A[1] is connected to registers with an asynchronous reset. This is preventing the possibility of merging these registers in to the DSP Block since the DSP block registers only possess synchronous reset capability.  It is suggested to recode or change these registers to remove the reset or use a synchronous reset to get the best optimization for performance, power and area.
Related violations: <none>

DPIR-1#496 Warning
Asynchronous driver check  
DSP vetrimodule/plotmd/graph_mod/t11__0 input pin vetrimodule/plotmd/graph_mod/t11__0/A[20] is connected to registers with an asynchronous reset. This is preventing the possibility of merging these registers in to the DSP Block since the DSP block registers only possess synchronous reset capability.  It is suggested to recode or change these registers to remove the reset or use a synchronous reset to get the best optimization for performance, power and area.
Related violations: <none>

DPIR-1#497 Warning
Asynchronous driver check  
DSP vetrimodule/plotmd/graph_mod/t11__0 input pin vetrimodule/plotmd/graph_mod/t11__0/A[21] is connected to registers with an asynchronous reset. This is preventing the possibility of merging these registers in to the DSP Block since the DSP block registers only possess synchronous reset capability.  It is suggested to recode or change these registers to remove the reset or use a synchronous reset to get the best optimization for performance, power and area.
Related violations: <none>

DPIR-1#498 Warning
Asynchronous driver check  
DSP vetrimodule/plotmd/graph_mod/t11__0 input pin vetrimodule/plotmd/graph_mod/t11__0/A[22] is connected to registers with an asynchronous reset. This is preventing the possibility of merging these registers in to the DSP Block since the DSP block registers only possess synchronous reset capability.  It is suggested to recode or change these registers to remove the reset or use a synchronous reset to get the best optimization for performance, power and area.
Related violations: <none>

DPIR-1#499 Warning
Asynchronous driver check  
DSP vetrimodule/plotmd/graph_mod/t11__0 input pin vetrimodule/plotmd/graph_mod/t11__0/A[23] is connected to registers with an asynchronous reset. This is preventing the possibility of merging these registers in to the DSP Block since the DSP block registers only possess synchronous reset capability.  It is suggested to recode or change these registers to remove the reset or use a synchronous reset to get the best optimization for performance, power and area.
Related violations: <none>

DPIR-1#500 Warning
Asynchronous driver check  
DSP vetrimodule/plotmd/graph_mod/t11__0 input pin vetrimodule/plotmd/graph_mod/t11__0/A[24] is connected to registers with an asynchronous reset. This is preventing the possibility of merging these registers in to the DSP Block since the DSP block registers only possess synchronous reset capability.  It is suggested to recode or change these registers to remove the reset or use a synchronous reset to get the best optimization for performance, power and area.
Related violations: <none>

DPIR-1#501 Warning
Asynchronous driver check  
DSP vetrimodule/plotmd/graph_mod/t11__0 input pin vetrimodule/plotmd/graph_mod/t11__0/A[25] is connected to registers with an asynchronous reset. This is preventing the possibility of merging these registers in to the DSP Block since the DSP block registers only possess synchronous reset capability.  It is suggested to recode or change these registers to remove the reset or use a synchronous reset to get the best optimization for performance, power and area.
Related violations: <none>

DPIR-1#502 Warning
Asynchronous driver check  
DSP vetrimodule/plotmd/graph_mod/t11__0 input pin vetrimodule/plotmd/graph_mod/t11__0/A[26] is connected to registers with an asynchronous reset. This is preventing the possibility of merging these registers in to the DSP Block since the DSP block registers only possess synchronous reset capability.  It is suggested to recode or change these registers to remove the reset or use a synchronous reset to get the best optimization for performance, power and area.
Related violations: <none>

DPIR-1#503 Warning
Asynchronous driver check  
DSP vetrimodule/plotmd/graph_mod/t11__0 input pin vetrimodule/plotmd/graph_mod/t11__0/A[27] is connected to registers with an asynchronous reset. This is preventing the possibility of merging these registers in to the DSP Block since the DSP block registers only possess synchronous reset capability.  It is suggested to recode or change these registers to remove the reset or use a synchronous reset to get the best optimization for performance, power and area.
Related violations: <none>

DPIR-1#504 Warning
Asynchronous driver check  
DSP vetrimodule/plotmd/graph_mod/t11__0 input pin vetrimodule/plotmd/graph_mod/t11__0/A[28] is connected to registers with an asynchronous reset. This is preventing the possibility of merging these registers in to the DSP Block since the DSP block registers only possess synchronous reset capability.  It is suggested to recode or change these registers to remove the reset or use a synchronous reset to get the best optimization for performance, power and area.
Related violations: <none>

DPIR-1#505 Warning
Asynchronous driver check  
DSP vetrimodule/plotmd/graph_mod/t11__0 input pin vetrimodule/plotmd/graph_mod/t11__0/A[29] is connected to registers with an asynchronous reset. This is preventing the possibility of merging these registers in to the DSP Block since the DSP block registers only possess synchronous reset capability.  It is suggested to recode or change these registers to remove the reset or use a synchronous reset to get the best optimization for performance, power and area.
Related violations: <none>

DPIR-1#506 Warning
Asynchronous driver check  
DSP vetrimodule/plotmd/graph_mod/t11__0 input pin vetrimodule/plotmd/graph_mod/t11__0/A[2] is connected to registers with an asynchronous reset. This is preventing the possibility of merging these registers in to the DSP Block since the DSP block registers only possess synchronous reset capability.  It is suggested to recode or change these registers to remove the reset or use a synchronous reset to get the best optimization for performance, power and area.
Related violations: <none>

DPIR-1#507 Warning
Asynchronous driver check  
DSP vetrimodule/plotmd/graph_mod/t11__0 input pin vetrimodule/plotmd/graph_mod/t11__0/A[3] is connected to registers with an asynchronous reset. This is preventing the possibility of merging these registers in to the DSP Block since the DSP block registers only possess synchronous reset capability.  It is suggested to recode or change these registers to remove the reset or use a synchronous reset to get the best optimization for performance, power and area.
Related violations: <none>

DPIR-1#508 Warning
Asynchronous driver check  
DSP vetrimodule/plotmd/graph_mod/t11__0 input pin vetrimodule/plotmd/graph_mod/t11__0/A[4] is connected to registers with an asynchronous reset. This is preventing the possibility of merging these registers in to the DSP Block since the DSP block registers only possess synchronous reset capability.  It is suggested to recode or change these registers to remove the reset or use a synchronous reset to get the best optimization for performance, power and area.
Related violations: <none>

DPIR-1#509 Warning
Asynchronous driver check  
DSP vetrimodule/plotmd/graph_mod/t11__0 input pin vetrimodule/plotmd/graph_mod/t11__0/A[5] is connected to registers with an asynchronous reset. This is preventing the possibility of merging these registers in to the DSP Block since the DSP block registers only possess synchronous reset capability.  It is suggested to recode or change these registers to remove the reset or use a synchronous reset to get the best optimization for performance, power and area.
Related violations: <none>

DPIR-1#510 Warning
Asynchronous driver check  
DSP vetrimodule/plotmd/graph_mod/t11__0 input pin vetrimodule/plotmd/graph_mod/t11__0/A[6] is connected to registers with an asynchronous reset. This is preventing the possibility of merging these registers in to the DSP Block since the DSP block registers only possess synchronous reset capability.  It is suggested to recode or change these registers to remove the reset or use a synchronous reset to get the best optimization for performance, power and area.
Related violations: <none>

DPIR-1#511 Warning
Asynchronous driver check  
DSP vetrimodule/plotmd/graph_mod/t11__0 input pin vetrimodule/plotmd/graph_mod/t11__0/A[7] is connected to registers with an asynchronous reset. This is preventing the possibility of merging these registers in to the DSP Block since the DSP block registers only possess synchronous reset capability.  It is suggested to recode or change these registers to remove the reset or use a synchronous reset to get the best optimization for performance, power and area.
Related violations: <none>

DPIR-1#512 Warning
Asynchronous driver check  
DSP vetrimodule/plotmd/graph_mod/t11__0 input pin vetrimodule/plotmd/graph_mod/t11__0/A[8] is connected to registers with an asynchronous reset. This is preventing the possibility of merging these registers in to the DSP Block since the DSP block registers only possess synchronous reset capability.  It is suggested to recode or change these registers to remove the reset or use a synchronous reset to get the best optimization for performance, power and area.
Related violations: <none>

DPIR-1#513 Warning
Asynchronous driver check  
DSP vetrimodule/plotmd/graph_mod/t11__0 input pin vetrimodule/plotmd/graph_mod/t11__0/A[9] is connected to registers with an asynchronous reset. This is preventing the possibility of merging these registers in to the DSP Block since the DSP block registers only possess synchronous reset capability.  It is suggested to recode or change these registers to remove the reset or use a synchronous reset to get the best optimization for performance, power and area.
Related violations: <none>

DPIR-1#514 Warning
Asynchronous driver check  
DSP vetrimodule/plotmd/graph_mod/t11__0 input pin vetrimodule/plotmd/graph_mod/t11__0/B[0] is connected to registers with an asynchronous reset. This is preventing the possibility of merging these registers in to the DSP Block since the DSP block registers only possess synchronous reset capability.  It is suggested to recode or change these registers to remove the reset or use a synchronous reset to get the best optimization for performance, power and area.
Related violations: <none>

DPIR-1#515 Warning
Asynchronous driver check  
DSP vetrimodule/plotmd/graph_mod/t11__0 input pin vetrimodule/plotmd/graph_mod/t11__0/B[1] is connected to registers with an asynchronous reset. This is preventing the possibility of merging these registers in to the DSP Block since the DSP block registers only possess synchronous reset capability.  It is suggested to recode or change these registers to remove the reset or use a synchronous reset to get the best optimization for performance, power and area.
Related violations: <none>

DPIR-1#516 Warning
Asynchronous driver check  
DSP vetrimodule/plotmd/graph_mod/t11__0 input pin vetrimodule/plotmd/graph_mod/t11__0/B[2] is connected to registers with an asynchronous reset. This is preventing the possibility of merging these registers in to the DSP Block since the DSP block registers only possess synchronous reset capability.  It is suggested to recode or change these registers to remove the reset or use a synchronous reset to get the best optimization for performance, power and area.
Related violations: <none>

DPIR-1#517 Warning
Asynchronous driver check  
DSP vetrimodule/plotmd/graph_mod/t11__0 input pin vetrimodule/plotmd/graph_mod/t11__0/B[3] is connected to registers with an asynchronous reset. This is preventing the possibility of merging these registers in to the DSP Block since the DSP block registers only possess synchronous reset capability.  It is suggested to recode or change these registers to remove the reset or use a synchronous reset to get the best optimization for performance, power and area.
Related violations: <none>

DPIR-1#518 Warning
Asynchronous driver check  
DSP vetrimodule/plotmd/graph_mod/t20 input pin vetrimodule/plotmd/graph_mod/t20/B[0] is connected to registers with an asynchronous reset. This is preventing the possibility of merging these registers in to the DSP Block since the DSP block registers only possess synchronous reset capability.  It is suggested to recode or change these registers to remove the reset or use a synchronous reset to get the best optimization for performance, power and area.
Related violations: <none>

DPIR-1#519 Warning
Asynchronous driver check  
DSP vetrimodule/plotmd/graph_mod/t20 input pin vetrimodule/plotmd/graph_mod/t20/B[1] is connected to registers with an asynchronous reset. This is preventing the possibility of merging these registers in to the DSP Block since the DSP block registers only possess synchronous reset capability.  It is suggested to recode or change these registers to remove the reset or use a synchronous reset to get the best optimization for performance, power and area.
Related violations: <none>

DPIR-1#520 Warning
Asynchronous driver check  
DSP vetrimodule/plotmd/graph_mod/t20 input pin vetrimodule/plotmd/graph_mod/t20/B[2] is connected to registers with an asynchronous reset. This is preventing the possibility of merging these registers in to the DSP Block since the DSP block registers only possess synchronous reset capability.  It is suggested to recode or change these registers to remove the reset or use a synchronous reset to get the best optimization for performance, power and area.
Related violations: <none>

DPIR-1#521 Warning
Asynchronous driver check  
DSP vetrimodule/plotmd/graph_mod/t20 input pin vetrimodule/plotmd/graph_mod/t20/B[3] is connected to registers with an asynchronous reset. This is preventing the possibility of merging these registers in to the DSP Block since the DSP block registers only possess synchronous reset capability.  It is suggested to recode or change these registers to remove the reset or use a synchronous reset to get the best optimization for performance, power and area.
Related violations: <none>

DPIR-1#522 Warning
Asynchronous driver check  
DSP vetrimodule/plotmd/graph_mod/t21 input pin vetrimodule/plotmd/graph_mod/t21/A[0] is connected to registers with an asynchronous reset. This is preventing the possibility of merging these registers in to the DSP Block since the DSP block registers only possess synchronous reset capability.  It is suggested to recode or change these registers to remove the reset or use a synchronous reset to get the best optimization for performance, power and area.
Related violations: <none>

DPIR-1#523 Warning
Asynchronous driver check  
DSP vetrimodule/plotmd/graph_mod/t21 input pin vetrimodule/plotmd/graph_mod/t21/A[10] is connected to registers with an asynchronous reset. This is preventing the possibility of merging these registers in to the DSP Block since the DSP block registers only possess synchronous reset capability.  It is suggested to recode or change these registers to remove the reset or use a synchronous reset to get the best optimization for performance, power and area.
Related violations: <none>

DPIR-1#524 Warning
Asynchronous driver check  
DSP vetrimodule/plotmd/graph_mod/t21 input pin vetrimodule/plotmd/graph_mod/t21/A[11] is connected to registers with an asynchronous reset. This is preventing the possibility of merging these registers in to the DSP Block since the DSP block registers only possess synchronous reset capability.  It is suggested to recode or change these registers to remove the reset or use a synchronous reset to get the best optimization for performance, power and area.
Related violations: <none>

DPIR-1#525 Warning
Asynchronous driver check  
DSP vetrimodule/plotmd/graph_mod/t21 input pin vetrimodule/plotmd/graph_mod/t21/A[12] is connected to registers with an asynchronous reset. This is preventing the possibility of merging these registers in to the DSP Block since the DSP block registers only possess synchronous reset capability.  It is suggested to recode or change these registers to remove the reset or use a synchronous reset to get the best optimization for performance, power and area.
Related violations: <none>

DPIR-1#526 Warning
Asynchronous driver check  
DSP vetrimodule/plotmd/graph_mod/t21 input pin vetrimodule/plotmd/graph_mod/t21/A[13] is connected to registers with an asynchronous reset. This is preventing the possibility of merging these registers in to the DSP Block since the DSP block registers only possess synchronous reset capability.  It is suggested to recode or change these registers to remove the reset or use a synchronous reset to get the best optimization for performance, power and area.
Related violations: <none>

DPIR-1#527 Warning
Asynchronous driver check  
DSP vetrimodule/plotmd/graph_mod/t21 input pin vetrimodule/plotmd/graph_mod/t21/A[14] is connected to registers with an asynchronous reset. This is preventing the possibility of merging these registers in to the DSP Block since the DSP block registers only possess synchronous reset capability.  It is suggested to recode or change these registers to remove the reset or use a synchronous reset to get the best optimization for performance, power and area.
Related violations: <none>

DPIR-1#528 Warning
Asynchronous driver check  
DSP vetrimodule/plotmd/graph_mod/t21 input pin vetrimodule/plotmd/graph_mod/t21/A[15] is connected to registers with an asynchronous reset. This is preventing the possibility of merging these registers in to the DSP Block since the DSP block registers only possess synchronous reset capability.  It is suggested to recode or change these registers to remove the reset or use a synchronous reset to get the best optimization for performance, power and area.
Related violations: <none>

DPIR-1#529 Warning
Asynchronous driver check  
DSP vetrimodule/plotmd/graph_mod/t21 input pin vetrimodule/plotmd/graph_mod/t21/A[16] is connected to registers with an asynchronous reset. This is preventing the possibility of merging these registers in to the DSP Block since the DSP block registers only possess synchronous reset capability.  It is suggested to recode or change these registers to remove the reset or use a synchronous reset to get the best optimization for performance, power and area.
Related violations: <none>

DPIR-1#530 Warning
Asynchronous driver check  
DSP vetrimodule/plotmd/graph_mod/t21 input pin vetrimodule/plotmd/graph_mod/t21/A[1] is connected to registers with an asynchronous reset. This is preventing the possibility of merging these registers in to the DSP Block since the DSP block registers only possess synchronous reset capability.  It is suggested to recode or change these registers to remove the reset or use a synchronous reset to get the best optimization for performance, power and area.
Related violations: <none>

DPIR-1#531 Warning
Asynchronous driver check  
DSP vetrimodule/plotmd/graph_mod/t21 input pin vetrimodule/plotmd/graph_mod/t21/A[2] is connected to registers with an asynchronous reset. This is preventing the possibility of merging these registers in to the DSP Block since the DSP block registers only possess synchronous reset capability.  It is suggested to recode or change these registers to remove the reset or use a synchronous reset to get the best optimization for performance, power and area.
Related violations: <none>

DPIR-1#532 Warning
Asynchronous driver check  
DSP vetrimodule/plotmd/graph_mod/t21 input pin vetrimodule/plotmd/graph_mod/t21/A[3] is connected to registers with an asynchronous reset. This is preventing the possibility of merging these registers in to the DSP Block since the DSP block registers only possess synchronous reset capability.  It is suggested to recode or change these registers to remove the reset or use a synchronous reset to get the best optimization for performance, power and area.
Related violations: <none>

DPIR-1#533 Warning
Asynchronous driver check  
DSP vetrimodule/plotmd/graph_mod/t21 input pin vetrimodule/plotmd/graph_mod/t21/A[4] is connected to registers with an asynchronous reset. This is preventing the possibility of merging these registers in to the DSP Block since the DSP block registers only possess synchronous reset capability.  It is suggested to recode or change these registers to remove the reset or use a synchronous reset to get the best optimization for performance, power and area.
Related violations: <none>

DPIR-1#534 Warning
Asynchronous driver check  
DSP vetrimodule/plotmd/graph_mod/t21 input pin vetrimodule/plotmd/graph_mod/t21/A[5] is connected to registers with an asynchronous reset. This is preventing the possibility of merging these registers in to the DSP Block since the DSP block registers only possess synchronous reset capability.  It is suggested to recode or change these registers to remove the reset or use a synchronous reset to get the best optimization for performance, power and area.
Related violations: <none>

DPIR-1#535 Warning
Asynchronous driver check  
DSP vetrimodule/plotmd/graph_mod/t21 input pin vetrimodule/plotmd/graph_mod/t21/A[6] is connected to registers with an asynchronous reset. This is preventing the possibility of merging these registers in to the DSP Block since the DSP block registers only possess synchronous reset capability.  It is suggested to recode or change these registers to remove the reset or use a synchronous reset to get the best optimization for performance, power and area.
Related violations: <none>

DPIR-1#536 Warning
Asynchronous driver check  
DSP vetrimodule/plotmd/graph_mod/t21 input pin vetrimodule/plotmd/graph_mod/t21/A[7] is connected to registers with an asynchronous reset. This is preventing the possibility of merging these registers in to the DSP Block since the DSP block registers only possess synchronous reset capability.  It is suggested to recode or change these registers to remove the reset or use a synchronous reset to get the best optimization for performance, power and area.
Related violations: <none>

DPIR-1#537 Warning
Asynchronous driver check  
DSP vetrimodule/plotmd/graph_mod/t21 input pin vetrimodule/plotmd/graph_mod/t21/A[8] is connected to registers with an asynchronous reset. This is preventing the possibility of merging these registers in to the DSP Block since the DSP block registers only possess synchronous reset capability.  It is suggested to recode or change these registers to remove the reset or use a synchronous reset to get the best optimization for performance, power and area.
Related violations: <none>

DPIR-1#538 Warning
Asynchronous driver check  
DSP vetrimodule/plotmd/graph_mod/t21 input pin vetrimodule/plotmd/graph_mod/t21/A[9] is connected to registers with an asynchronous reset. This is preventing the possibility of merging these registers in to the DSP Block since the DSP block registers only possess synchronous reset capability.  It is suggested to recode or change these registers to remove the reset or use a synchronous reset to get the best optimization for performance, power and area.
Related violations: <none>

DPIR-1#539 Warning
Asynchronous driver check  
DSP vetrimodule/plotmd/graph_mod/t21 input pin vetrimodule/plotmd/graph_mod/t21/B[0] is connected to registers with an asynchronous reset. This is preventing the possibility of merging these registers in to the DSP Block since the DSP block registers only possess synchronous reset capability.  It is suggested to recode or change these registers to remove the reset or use a synchronous reset to get the best optimization for performance, power and area.
Related violations: <none>

DPIR-1#540 Warning
Asynchronous driver check  
DSP vetrimodule/plotmd/graph_mod/t21 input pin vetrimodule/plotmd/graph_mod/t21/B[1] is connected to registers with an asynchronous reset. This is preventing the possibility of merging these registers in to the DSP Block since the DSP block registers only possess synchronous reset capability.  It is suggested to recode or change these registers to remove the reset or use a synchronous reset to get the best optimization for performance, power and area.
Related violations: <none>

DPIR-1#541 Warning
Asynchronous driver check  
DSP vetrimodule/plotmd/graph_mod/t21 input pin vetrimodule/plotmd/graph_mod/t21/B[2] is connected to registers with an asynchronous reset. This is preventing the possibility of merging these registers in to the DSP Block since the DSP block registers only possess synchronous reset capability.  It is suggested to recode or change these registers to remove the reset or use a synchronous reset to get the best optimization for performance, power and area.
Related violations: <none>

DPIR-1#542 Warning
Asynchronous driver check  
DSP vetrimodule/plotmd/graph_mod/t21 input pin vetrimodule/plotmd/graph_mod/t21/B[3] is connected to registers with an asynchronous reset. This is preventing the possibility of merging these registers in to the DSP Block since the DSP block registers only possess synchronous reset capability.  It is suggested to recode or change these registers to remove the reset or use a synchronous reset to get the best optimization for performance, power and area.
Related violations: <none>

DPIR-1#543 Warning
Asynchronous driver check  
DSP vetrimodule/plotmd/graph_mod/t21__0 input pin vetrimodule/plotmd/graph_mod/t21__0/A[0] is connected to registers with an asynchronous reset. This is preventing the possibility of merging these registers in to the DSP Block since the DSP block registers only possess synchronous reset capability.  It is suggested to recode or change these registers to remove the reset or use a synchronous reset to get the best optimization for performance, power and area.
Related violations: <none>

DPIR-1#544 Warning
Asynchronous driver check  
DSP vetrimodule/plotmd/graph_mod/t21__0 input pin vetrimodule/plotmd/graph_mod/t21__0/A[10] is connected to registers with an asynchronous reset. This is preventing the possibility of merging these registers in to the DSP Block since the DSP block registers only possess synchronous reset capability.  It is suggested to recode or change these registers to remove the reset or use a synchronous reset to get the best optimization for performance, power and area.
Related violations: <none>

DPIR-1#545 Warning
Asynchronous driver check  
DSP vetrimodule/plotmd/graph_mod/t21__0 input pin vetrimodule/plotmd/graph_mod/t21__0/A[11] is connected to registers with an asynchronous reset. This is preventing the possibility of merging these registers in to the DSP Block since the DSP block registers only possess synchronous reset capability.  It is suggested to recode or change these registers to remove the reset or use a synchronous reset to get the best optimization for performance, power and area.
Related violations: <none>

DPIR-1#546 Warning
Asynchronous driver check  
DSP vetrimodule/plotmd/graph_mod/t21__0 input pin vetrimodule/plotmd/graph_mod/t21__0/A[12] is connected to registers with an asynchronous reset. This is preventing the possibility of merging these registers in to the DSP Block since the DSP block registers only possess synchronous reset capability.  It is suggested to recode or change these registers to remove the reset or use a synchronous reset to get the best optimization for performance, power and area.
Related violations: <none>

DPIR-1#547 Warning
Asynchronous driver check  
DSP vetrimodule/plotmd/graph_mod/t21__0 input pin vetrimodule/plotmd/graph_mod/t21__0/A[13] is connected to registers with an asynchronous reset. This is preventing the possibility of merging these registers in to the DSP Block since the DSP block registers only possess synchronous reset capability.  It is suggested to recode or change these registers to remove the reset or use a synchronous reset to get the best optimization for performance, power and area.
Related violations: <none>

DPIR-1#548 Warning
Asynchronous driver check  
DSP vetrimodule/plotmd/graph_mod/t21__0 input pin vetrimodule/plotmd/graph_mod/t21__0/A[14] is connected to registers with an asynchronous reset. This is preventing the possibility of merging these registers in to the DSP Block since the DSP block registers only possess synchronous reset capability.  It is suggested to recode or change these registers to remove the reset or use a synchronous reset to get the best optimization for performance, power and area.
Related violations: <none>

DPIR-1#549 Warning
Asynchronous driver check  
DSP vetrimodule/plotmd/graph_mod/t21__0 input pin vetrimodule/plotmd/graph_mod/t21__0/A[15] is connected to registers with an asynchronous reset. This is preventing the possibility of merging these registers in to the DSP Block since the DSP block registers only possess synchronous reset capability.  It is suggested to recode or change these registers to remove the reset or use a synchronous reset to get the best optimization for performance, power and area.
Related violations: <none>

DPIR-1#550 Warning
Asynchronous driver check  
DSP vetrimodule/plotmd/graph_mod/t21__0 input pin vetrimodule/plotmd/graph_mod/t21__0/A[16] is connected to registers with an asynchronous reset. This is preventing the possibility of merging these registers in to the DSP Block since the DSP block registers only possess synchronous reset capability.  It is suggested to recode or change these registers to remove the reset or use a synchronous reset to get the best optimization for performance, power and area.
Related violations: <none>

DPIR-1#551 Warning
Asynchronous driver check  
DSP vetrimodule/plotmd/graph_mod/t21__0 input pin vetrimodule/plotmd/graph_mod/t21__0/A[17] is connected to registers with an asynchronous reset. This is preventing the possibility of merging these registers in to the DSP Block since the DSP block registers only possess synchronous reset capability.  It is suggested to recode or change these registers to remove the reset or use a synchronous reset to get the best optimization for performance, power and area.
Related violations: <none>

DPIR-1#552 Warning
Asynchronous driver check  
DSP vetrimodule/plotmd/graph_mod/t21__0 input pin vetrimodule/plotmd/graph_mod/t21__0/A[18] is connected to registers with an asynchronous reset. This is preventing the possibility of merging these registers in to the DSP Block since the DSP block registers only possess synchronous reset capability.  It is suggested to recode or change these registers to remove the reset or use a synchronous reset to get the best optimization for performance, power and area.
Related violations: <none>

DPIR-1#553 Warning
Asynchronous driver check  
DSP vetrimodule/plotmd/graph_mod/t21__0 input pin vetrimodule/plotmd/graph_mod/t21__0/A[19] is connected to registers with an asynchronous reset. This is preventing the possibility of merging these registers in to the DSP Block since the DSP block registers only possess synchronous reset capability.  It is suggested to recode or change these registers to remove the reset or use a synchronous reset to get the best optimization for performance, power and area.
Related violations: <none>

DPIR-1#554 Warning
Asynchronous driver check  
DSP vetrimodule/plotmd/graph_mod/t21__0 input pin vetrimodule/plotmd/graph_mod/t21__0/A[1] is connected to registers with an asynchronous reset. This is preventing the possibility of merging these registers in to the DSP Block since the DSP block registers only possess synchronous reset capability.  It is suggested to recode or change these registers to remove the reset or use a synchronous reset to get the best optimization for performance, power and area.
Related violations: <none>

DPIR-1#555 Warning
Asynchronous driver check  
DSP vetrimodule/plotmd/graph_mod/t21__0 input pin vetrimodule/plotmd/graph_mod/t21__0/A[20] is connected to registers with an asynchronous reset. This is preventing the possibility of merging these registers in to the DSP Block since the DSP block registers only possess synchronous reset capability.  It is suggested to recode or change these registers to remove the reset or use a synchronous reset to get the best optimization for performance, power and area.
Related violations: <none>

DPIR-1#556 Warning
Asynchronous driver check  
DSP vetrimodule/plotmd/graph_mod/t21__0 input pin vetrimodule/plotmd/graph_mod/t21__0/A[21] is connected to registers with an asynchronous reset. This is preventing the possibility of merging these registers in to the DSP Block since the DSP block registers only possess synchronous reset capability.  It is suggested to recode or change these registers to remove the reset or use a synchronous reset to get the best optimization for performance, power and area.
Related violations: <none>

DPIR-1#557 Warning
Asynchronous driver check  
DSP vetrimodule/plotmd/graph_mod/t21__0 input pin vetrimodule/plotmd/graph_mod/t21__0/A[22] is connected to registers with an asynchronous reset. This is preventing the possibility of merging these registers in to the DSP Block since the DSP block registers only possess synchronous reset capability.  It is suggested to recode or change these registers to remove the reset or use a synchronous reset to get the best optimization for performance, power and area.
Related violations: <none>

DPIR-1#558 Warning
Asynchronous driver check  
DSP vetrimodule/plotmd/graph_mod/t21__0 input pin vetrimodule/plotmd/graph_mod/t21__0/A[23] is connected to registers with an asynchronous reset. This is preventing the possibility of merging these registers in to the DSP Block since the DSP block registers only possess synchronous reset capability.  It is suggested to recode or change these registers to remove the reset or use a synchronous reset to get the best optimization for performance, power and area.
Related violations: <none>

DPIR-1#559 Warning
Asynchronous driver check  
DSP vetrimodule/plotmd/graph_mod/t21__0 input pin vetrimodule/plotmd/graph_mod/t21__0/A[24] is connected to registers with an asynchronous reset. This is preventing the possibility of merging these registers in to the DSP Block since the DSP block registers only possess synchronous reset capability.  It is suggested to recode or change these registers to remove the reset or use a synchronous reset to get the best optimization for performance, power and area.
Related violations: <none>

DPIR-1#560 Warning
Asynchronous driver check  
DSP vetrimodule/plotmd/graph_mod/t21__0 input pin vetrimodule/plotmd/graph_mod/t21__0/A[25] is connected to registers with an asynchronous reset. This is preventing the possibility of merging these registers in to the DSP Block since the DSP block registers only possess synchronous reset capability.  It is suggested to recode or change these registers to remove the reset or use a synchronous reset to get the best optimization for performance, power and area.
Related violations: <none>

DPIR-1#561 Warning
Asynchronous driver check  
DSP vetrimodule/plotmd/graph_mod/t21__0 input pin vetrimodule/plotmd/graph_mod/t21__0/A[26] is connected to registers with an asynchronous reset. This is preventing the possibility of merging these registers in to the DSP Block since the DSP block registers only possess synchronous reset capability.  It is suggested to recode or change these registers to remove the reset or use a synchronous reset to get the best optimization for performance, power and area.
Related violations: <none>

DPIR-1#562 Warning
Asynchronous driver check  
DSP vetrimodule/plotmd/graph_mod/t21__0 input pin vetrimodule/plotmd/graph_mod/t21__0/A[27] is connected to registers with an asynchronous reset. This is preventing the possibility of merging these registers in to the DSP Block since the DSP block registers only possess synchronous reset capability.  It is suggested to recode or change these registers to remove the reset or use a synchronous reset to get the best optimization for performance, power and area.
Related violations: <none>

DPIR-1#563 Warning
Asynchronous driver check  
DSP vetrimodule/plotmd/graph_mod/t21__0 input pin vetrimodule/plotmd/graph_mod/t21__0/A[28] is connected to registers with an asynchronous reset. This is preventing the possibility of merging these registers in to the DSP Block since the DSP block registers only possess synchronous reset capability.  It is suggested to recode or change these registers to remove the reset or use a synchronous reset to get the best optimization for performance, power and area.
Related violations: <none>

DPIR-1#564 Warning
Asynchronous driver check  
DSP vetrimodule/plotmd/graph_mod/t21__0 input pin vetrimodule/plotmd/graph_mod/t21__0/A[29] is connected to registers with an asynchronous reset. This is preventing the possibility of merging these registers in to the DSP Block since the DSP block registers only possess synchronous reset capability.  It is suggested to recode or change these registers to remove the reset or use a synchronous reset to get the best optimization for performance, power and area.
Related violations: <none>

DPIR-1#565 Warning
Asynchronous driver check  
DSP vetrimodule/plotmd/graph_mod/t21__0 input pin vetrimodule/plotmd/graph_mod/t21__0/A[2] is connected to registers with an asynchronous reset. This is preventing the possibility of merging these registers in to the DSP Block since the DSP block registers only possess synchronous reset capability.  It is suggested to recode or change these registers to remove the reset or use a synchronous reset to get the best optimization for performance, power and area.
Related violations: <none>

DPIR-1#566 Warning
Asynchronous driver check  
DSP vetrimodule/plotmd/graph_mod/t21__0 input pin vetrimodule/plotmd/graph_mod/t21__0/A[3] is connected to registers with an asynchronous reset. This is preventing the possibility of merging these registers in to the DSP Block since the DSP block registers only possess synchronous reset capability.  It is suggested to recode or change these registers to remove the reset or use a synchronous reset to get the best optimization for performance, power and area.
Related violations: <none>

DPIR-1#567 Warning
Asynchronous driver check  
DSP vetrimodule/plotmd/graph_mod/t21__0 input pin vetrimodule/plotmd/graph_mod/t21__0/A[4] is connected to registers with an asynchronous reset. This is preventing the possibility of merging these registers in to the DSP Block since the DSP block registers only possess synchronous reset capability.  It is suggested to recode or change these registers to remove the reset or use a synchronous reset to get the best optimization for performance, power and area.
Related violations: <none>

DPIR-1#568 Warning
Asynchronous driver check  
DSP vetrimodule/plotmd/graph_mod/t21__0 input pin vetrimodule/plotmd/graph_mod/t21__0/A[5] is connected to registers with an asynchronous reset. This is preventing the possibility of merging these registers in to the DSP Block since the DSP block registers only possess synchronous reset capability.  It is suggested to recode or change these registers to remove the reset or use a synchronous reset to get the best optimization for performance, power and area.
Related violations: <none>

DPIR-1#569 Warning
Asynchronous driver check  
DSP vetrimodule/plotmd/graph_mod/t21__0 input pin vetrimodule/plotmd/graph_mod/t21__0/A[6] is connected to registers with an asynchronous reset. This is preventing the possibility of merging these registers in to the DSP Block since the DSP block registers only possess synchronous reset capability.  It is suggested to recode or change these registers to remove the reset or use a synchronous reset to get the best optimization for performance, power and area.
Related violations: <none>

DPIR-1#570 Warning
Asynchronous driver check  
DSP vetrimodule/plotmd/graph_mod/t21__0 input pin vetrimodule/plotmd/graph_mod/t21__0/A[7] is connected to registers with an asynchronous reset. This is preventing the possibility of merging these registers in to the DSP Block since the DSP block registers only possess synchronous reset capability.  It is suggested to recode or change these registers to remove the reset or use a synchronous reset to get the best optimization for performance, power and area.
Related violations: <none>

DPIR-1#571 Warning
Asynchronous driver check  
DSP vetrimodule/plotmd/graph_mod/t21__0 input pin vetrimodule/plotmd/graph_mod/t21__0/A[8] is connected to registers with an asynchronous reset. This is preventing the possibility of merging these registers in to the DSP Block since the DSP block registers only possess synchronous reset capability.  It is suggested to recode or change these registers to remove the reset or use a synchronous reset to get the best optimization for performance, power and area.
Related violations: <none>

DPIR-1#572 Warning
Asynchronous driver check  
DSP vetrimodule/plotmd/graph_mod/t21__0 input pin vetrimodule/plotmd/graph_mod/t21__0/A[9] is connected to registers with an asynchronous reset. This is preventing the possibility of merging these registers in to the DSP Block since the DSP block registers only possess synchronous reset capability.  It is suggested to recode or change these registers to remove the reset or use a synchronous reset to get the best optimization for performance, power and area.
Related violations: <none>

DPIR-1#573 Warning
Asynchronous driver check  
DSP vetrimodule/plotmd/graph_mod/t21__0 input pin vetrimodule/plotmd/graph_mod/t21__0/B[0] is connected to registers with an asynchronous reset. This is preventing the possibility of merging these registers in to the DSP Block since the DSP block registers only possess synchronous reset capability.  It is suggested to recode or change these registers to remove the reset or use a synchronous reset to get the best optimization for performance, power and area.
Related violations: <none>

DPIR-1#574 Warning
Asynchronous driver check  
DSP vetrimodule/plotmd/graph_mod/t21__0 input pin vetrimodule/plotmd/graph_mod/t21__0/B[1] is connected to registers with an asynchronous reset. This is preventing the possibility of merging these registers in to the DSP Block since the DSP block registers only possess synchronous reset capability.  It is suggested to recode or change these registers to remove the reset or use a synchronous reset to get the best optimization for performance, power and area.
Related violations: <none>

DPIR-1#575 Warning
Asynchronous driver check  
DSP vetrimodule/plotmd/graph_mod/t21__0 input pin vetrimodule/plotmd/graph_mod/t21__0/B[2] is connected to registers with an asynchronous reset. This is preventing the possibility of merging these registers in to the DSP Block since the DSP block registers only possess synchronous reset capability.  It is suggested to recode or change these registers to remove the reset or use a synchronous reset to get the best optimization for performance, power and area.
Related violations: <none>

DPIR-1#576 Warning
Asynchronous driver check  
DSP vetrimodule/plotmd/graph_mod/t21__0 input pin vetrimodule/plotmd/graph_mod/t21__0/B[3] is connected to registers with an asynchronous reset. This is preventing the possibility of merging these registers in to the DSP Block since the DSP block registers only possess synchronous reset capability.  It is suggested to recode or change these registers to remove the reset or use a synchronous reset to get the best optimization for performance, power and area.
Related violations: <none>

SYNTH-12#1 Warning
DSP input not registered  
DSP instance vetrimodule/plotmd/graph_mod/k1_00 is not fully pipelined on the input side. AREG/BREG/CREG/DREG are not used.
Related violations: <none>

SYNTH-12#2 Warning
DSP input not registered  
DSP instance vetrimodule/plotmd/graph_mod/k1_20 is not fully pipelined on the input side. AREG/BREG/CREG/DREG are not used.
Related violations: <none>

SYNTH-12#3 Warning
DSP input not registered  
DSP instance vetrimodule/plotmd/graph_mod/k1_30 is not fully pipelined on the input side. AREG/BREG/CREG/DREG are not used.
Related violations: <none>

SYNTH-12#4 Warning
DSP input not registered  
DSP instance vetrimodule/plotmd/graph_mod/k2_00 is not fully pipelined on the input side. AREG/BREG/CREG/DREG are not used.
Related violations: <none>

SYNTH-12#5 Warning
DSP input not registered  
DSP instance vetrimodule/plotmd/graph_mod/k2_20 is not fully pipelined on the input side. AREG/BREG/CREG/DREG are not used.
Related violations: <none>

SYNTH-12#6 Warning
DSP input not registered  
DSP instance vetrimodule/plotmd/graph_mod/k2_30 is not fully pipelined on the input side. AREG/BREG/CREG/DREG are not used.
Related violations: <none>

SYNTH-13#1 Warning
combinational multiplier  
Detected combinational multiplier in DSP instance vetrimodule/approxmd/linreg_plot/intercept3.
Related violations: <none>

SYNTH-13#2 Warning
combinational multiplier  
Detected combinational multiplier in DSP instance vetrimodule/approxmd/linreg_plot/y_offi_curr.
Related violations: <none>

SYNTH-13#3 Warning
combinational multiplier  
Detected combinational multiplier in DSP instance vetrimodule/approxmd/linreg_plot/y_offi_prev.
Related violations: <none>

SYNTH-13#4 Warning
combinational multiplier  
Detected combinational multiplier in DSP instance vetrimodule/plotmd/graph_mod/t10.
Related violations: <none>

SYNTH-13#5 Warning
combinational multiplier  
Detected combinational multiplier in DSP instance vetrimodule/plotmd/graph_mod/t11.
Related violations: <none>

SYNTH-13#6 Warning
combinational multiplier  
Detected combinational multiplier in DSP instance vetrimodule/plotmd/graph_mod/t11__0.
Related violations: <none>

SYNTH-13#7 Warning
combinational multiplier  
Detected combinational multiplier in DSP instance vetrimodule/plotmd/graph_mod/t20.
Related violations: <none>

SYNTH-13#8 Warning
combinational multiplier  
Detected combinational multiplier in DSP instance vetrimodule/plotmd/graph_mod/t21.
Related violations: <none>

SYNTH-13#9 Warning
combinational multiplier  
Detected combinational multiplier in DSP instance vetrimodule/plotmd/graph_mod/t21__0.
Related violations: <none>

TIMING-16#1 Warning
Large setup violation  
There is a large setup violation of -1.001 ns between vetrimodule/plotmd/graph_mod/y2_offi_reg[14]/C (clocked by sys_clk_pin) and vetrimodule/plotmd/graph_mod/poly2_y_reg[58][7]/D (clocked by sys_clk_pin). Large setup violations at the end of those stages might be difficult to fix during the post-placement implementation flow and could be the result of non-optimal XDC constraints or non-optimal design architecture
Related violations: <none>

TIMING-16#2 Warning
Large setup violation  
There is a large setup violation of -1.002 ns between msemd/right_reg/C (clocked by sys_clk_pin) and vetrimodule/plotmd/graph_mod/poly1_y_reg[29][8]/CE (clocked by sys_clk_pin). Large setup violations at the end of those stages might be difficult to fix during the post-placement implementation flow and could be the result of non-optimal XDC constraints or non-optimal design architecture
Related violations: <none>

TIMING-16#3 Warning
Large setup violation  
There is a large setup violation of -1.002 ns between vetrimodule/plotmd/graph_mod/y2_offi_reg[14]/C (clocked by sys_clk_pin) and vetrimodule/plotmd/graph_mod/poly2_y_reg[44][7]/D (clocked by sys_clk_pin). Large setup violations at the end of those stages might be difficult to fix during the post-placement implementation flow and could be the result of non-optimal XDC constraints or non-optimal design architecture
Related violations: <none>

TIMING-16#4 Warning
Large setup violation  
There is a large setup violation of -1.004 ns between vetrimodule/plotmd/graph_mod/y2_offi_reg[14]/C (clocked by sys_clk_pin) and vetrimodule/plotmd/graph_mod/poly2_y_reg[40][13]/D (clocked by sys_clk_pin). Large setup violations at the end of those stages might be difficult to fix during the post-placement implementation flow and could be the result of non-optimal XDC constraints or non-optimal design architecture
Related violations: <none>

TIMING-16#5 Warning
Large setup violation  
There is a large setup violation of -1.005 ns between vetrimodule/plotmd/graph_mod/y2_offi_reg[14]/C (clocked by sys_clk_pin) and vetrimodule/plotmd/graph_mod/poly2_y_reg[37][13]/D (clocked by sys_clk_pin). Large setup violations at the end of those stages might be difficult to fix during the post-placement implementation flow and could be the result of non-optimal XDC constraints or non-optimal design architecture
Related violations: <none>

TIMING-16#6 Warning
Large setup violation  
There is a large setup violation of -1.008 ns between vetrimodule/plotmd/graph_mod/y2_offi_reg[14]/C (clocked by sys_clk_pin) and vetrimodule/plotmd/graph_mod/poly2_y_reg[13][15]/D (clocked by sys_clk_pin). Large setup violations at the end of those stages might be difficult to fix during the post-placement implementation flow and could be the result of non-optimal XDC constraints or non-optimal design architecture
Related violations: <none>

TIMING-16#7 Warning
Large setup violation  
There is a large setup violation of -1.009 ns between msemd/right_reg/C (clocked by sys_clk_pin) and vetrimodule/plotmd/graph_mod/poly1_y_reg[79][2]/CE (clocked by sys_clk_pin). Large setup violations at the end of those stages might be difficult to fix during the post-placement implementation flow and could be the result of non-optimal XDC constraints or non-optimal design architecture
Related violations: <none>

TIMING-16#8 Warning
Large setup violation  
There is a large setup violation of -1.010 ns between msemd/right_reg/C (clocked by sys_clk_pin) and vetrimodule/plotmd/graph_mod/poly1_y_reg[76][5]/CE (clocked by sys_clk_pin). Large setup violations at the end of those stages might be difficult to fix during the post-placement implementation flow and could be the result of non-optimal XDC constraints or non-optimal design architecture
Related violations: <none>

TIMING-16#9 Warning
Large setup violation  
There is a large setup violation of -1.013 ns between nicmodule/cursor_y_reg[1]/C (clocked by sys_clk_pin) and nicmodule/matA_saved_reg[1][1][3]/CE (clocked by sys_clk_pin). Large setup violations at the end of those stages might be difficult to fix during the post-placement implementation flow and could be the result of non-optimal XDC constraints or non-optimal design architecture
Related violations: <none>

TIMING-16#10 Warning
Large setup violation  
There is a large setup violation of -1.013 ns between vetrimodule/plotmd/graph_mod/y2_offi_reg[14]/C (clocked by sys_clk_pin) and vetrimodule/plotmd/graph_mod/poly2_y_reg[54][1]/D (clocked by sys_clk_pin). Large setup violations at the end of those stages might be difficult to fix during the post-placement implementation flow and could be the result of non-optimal XDC constraints or non-optimal design architecture
Related violations: <none>

TIMING-16#11 Warning
Large setup violation  
There is a large setup violation of -1.014 ns between vetrimodule/plotmd/graph_mod/y2_offi_reg[14]/C (clocked by sys_clk_pin) and vetrimodule/plotmd/graph_mod/poly2_y_reg[42][14]/D (clocked by sys_clk_pin). Large setup violations at the end of those stages might be difficult to fix during the post-placement implementation flow and could be the result of non-optimal XDC constraints or non-optimal design architecture
Related violations: <none>

TIMING-16#12 Warning
Large setup violation  
There is a large setup violation of -1.017 ns between msemd/right_reg/C (clocked by sys_clk_pin) and vetrimodule/approxmd/linreg_plot/py2_reg[0]/CE (clocked by sys_clk_pin). Large setup violations at the end of those stages might be difficult to fix during the post-placement implementation flow and could be the result of non-optimal XDC constraints or non-optimal design architecture
Related violations: <none>

TIMING-16#13 Warning
Large setup violation  
There is a large setup violation of -1.019 ns between msemd/right_reg/C (clocked by sys_clk_pin) and vetrimodule/plotmd/graph_mod/poly1_y_reg[86][0]/CE (clocked by sys_clk_pin). Large setup violations at the end of those stages might be difficult to fix during the post-placement implementation flow and could be the result of non-optimal XDC constraints or non-optimal design architecture
Related violations: <none>

TIMING-16#14 Warning
Large setup violation  
There is a large setup violation of -1.019 ns between msemd/right_reg/C (clocked by sys_clk_pin) and vetrimodule/plotmd/graph_mod/poly1_y_reg[86][13]/CE (clocked by sys_clk_pin). Large setup violations at the end of those stages might be difficult to fix during the post-placement implementation flow and could be the result of non-optimal XDC constraints or non-optimal design architecture
Related violations: <none>

TIMING-16#15 Warning
Large setup violation  
There is a large setup violation of -1.019 ns between msemd/ypos_reg[11]/C (clocked by sys_clk_pin) and main_menu_inst/box_y_reg[3][0]/D (clocked by sys_clk_pin). Large setup violations at the end of those stages might be difficult to fix during the post-placement implementation flow and could be the result of non-optimal XDC constraints or non-optimal design architecture
Related violations: <none>

TIMING-16#16 Warning
Large setup violation  
There is a large setup violation of -1.021 ns between vetrimodule/plotmd/graph_mod/y2_offi_reg[14]/C (clocked by sys_clk_pin) and vetrimodule/plotmd/graph_mod/poly2_y_reg[24][8]/D (clocked by sys_clk_pin). Large setup violations at the end of those stages might be difficult to fix during the post-placement implementation flow and could be the result of non-optimal XDC constraints or non-optimal design architecture
Related violations: <none>

TIMING-16#17 Warning
Large setup violation  
There is a large setup violation of -1.023 ns between vetrimodule/plotmd/graph_mod/y2_offi_reg[14]/C (clocked by sys_clk_pin) and vetrimodule/plotmd/graph_mod/poly2_y_reg[28][13]/D (clocked by sys_clk_pin). Large setup violations at the end of those stages might be difficult to fix during the post-placement implementation flow and could be the result of non-optimal XDC constraints or non-optimal design architecture
Related violations: <none>

TIMING-16#18 Warning
Large setup violation  
There is a large setup violation of -1.023 ns between vetrimodule/plotmd/graph_mod/y2_offi_reg[14]/C (clocked by sys_clk_pin) and vetrimodule/plotmd/graph_mod/poly2_y_reg[63][10]/D (clocked by sys_clk_pin). Large setup violations at the end of those stages might be difficult to fix during the post-placement implementation flow and could be the result of non-optimal XDC constraints or non-optimal design architecture
Related violations: <none>

TIMING-16#19 Warning
Large setup violation  
There is a large setup violation of -1.025 ns between vetrimodule/plotmd/graph_mod/y2_offi_reg[14]/C (clocked by sys_clk_pin) and vetrimodule/plotmd/graph_mod/poly2_y_reg[20][13]/D (clocked by sys_clk_pin). Large setup violations at the end of those stages might be difficult to fix during the post-placement implementation flow and could be the result of non-optimal XDC constraints or non-optimal design architecture
Related violations: <none>

TIMING-16#20 Warning
Large setup violation  
There is a large setup violation of -1.028 ns between msemd/right_reg/C (clocked by sys_clk_pin) and vetrimodule/plotmd/graph_mod/poly1_y_reg[37][7]/CE (clocked by sys_clk_pin). Large setup violations at the end of those stages might be difficult to fix during the post-placement implementation flow and could be the result of non-optimal XDC constraints or non-optimal design architecture
Related violations: <none>

TIMING-16#21 Warning
Large setup violation  
There is a large setup violation of -1.032 ns between nicmodule/cursor_y_reg[1]/C (clocked by sys_clk_pin) and nicmodule/matSub_reg[1][0][4]/CE (clocked by sys_clk_pin). Large setup violations at the end of those stages might be difficult to fix during the post-placement implementation flow and could be the result of non-optimal XDC constraints or non-optimal design architecture
Related violations: <none>

TIMING-16#22 Warning
Large setup violation  
There is a large setup violation of -1.032 ns between nicmodule/cursor_y_reg[1]/C (clocked by sys_clk_pin) and nicmodule/matSub_reg[1][0][5]/CE (clocked by sys_clk_pin). Large setup violations at the end of those stages might be difficult to fix during the post-placement implementation flow and could be the result of non-optimal XDC constraints or non-optimal design architecture
Related violations: <none>

TIMING-16#23 Warning
Large setup violation  
There is a large setup violation of -1.032 ns between nicmodule/cursor_y_reg[1]/C (clocked by sys_clk_pin) and nicmodule/matSub_reg[1][0][6]/CE (clocked by sys_clk_pin). Large setup violations at the end of those stages might be difficult to fix during the post-placement implementation flow and could be the result of non-optimal XDC constraints or non-optimal design architecture
Related violations: <none>

TIMING-16#24 Warning
Large setup violation  
There is a large setup violation of -1.032 ns between nicmodule/cursor_y_reg[1]/C (clocked by sys_clk_pin) and nicmodule/matSub_reg[1][0][7]/CE (clocked by sys_clk_pin). Large setup violations at the end of those stages might be difficult to fix during the post-placement implementation flow and could be the result of non-optimal XDC constraints or non-optimal design architecture
Related violations: <none>

TIMING-16#25 Warning
Large setup violation  
There is a large setup violation of -1.039 ns between vetrimodule/plotmd/graph_mod/y2_offi_reg[14]/C (clocked by sys_clk_pin) and vetrimodule/plotmd/graph_mod/poly2_y_reg[74][6]/D (clocked by sys_clk_pin). Large setup violations at the end of those stages might be difficult to fix during the post-placement implementation flow and could be the result of non-optimal XDC constraints or non-optimal design architecture
Related violations: <none>

TIMING-16#26 Warning
Large setup violation  
There is a large setup violation of -1.043 ns between vetrimodule/plotmd/graph_mod/y2_offi_reg[14]/C (clocked by sys_clk_pin) and vetrimodule/plotmd/graph_mod/poly2_y_reg[3][14]/D (clocked by sys_clk_pin). Large setup violations at the end of those stages might be difficult to fix during the post-placement implementation flow and could be the result of non-optimal XDC constraints or non-optimal design architecture
Related violations: <none>

TIMING-16#27 Warning
Large setup violation  
There is a large setup violation of -1.044 ns between vetrimodule/plotmd/graph_mod/y2_offi_reg[14]/C (clocked by sys_clk_pin) and vetrimodule/plotmd/graph_mod/poly2_y_reg[38][2]/D (clocked by sys_clk_pin). Large setup violations at the end of those stages might be difficult to fix during the post-placement implementation flow and could be the result of non-optimal XDC constraints or non-optimal design architecture
Related violations: <none>

TIMING-16#28 Warning
Large setup violation  
There is a large setup violation of -1.045 ns between vetrimodule/plotmd/graph_mod/y2_offi_reg[14]/C (clocked by sys_clk_pin) and vetrimodule/plotmd/graph_mod/poly2_y_reg[46][2]/D (clocked by sys_clk_pin). Large setup violations at the end of those stages might be difficult to fix during the post-placement implementation flow and could be the result of non-optimal XDC constraints or non-optimal design architecture
Related violations: <none>

TIMING-16#29 Warning
Large setup violation  
There is a large setup violation of -1.048 ns between msemd/xpos_reg[6]/C (clocked by sys_clk_pin) and ryanmodule/coef_a_reg[0]/CE (clocked by sys_clk_pin). Large setup violations at the end of those stages might be difficult to fix during the post-placement implementation flow and could be the result of non-optimal XDC constraints or non-optimal design architecture
Related violations: <none>

TIMING-16#30 Warning
Large setup violation  
There is a large setup violation of -1.048 ns between msemd/xpos_reg[6]/C (clocked by sys_clk_pin) and ryanmodule/coef_a_reg[3]/CE (clocked by sys_clk_pin). Large setup violations at the end of those stages might be difficult to fix during the post-placement implementation flow and could be the result of non-optimal XDC constraints or non-optimal design architecture
Related violations: <none>

TIMING-16#31 Warning
Large setup violation  
There is a large setup violation of -1.048 ns between msemd/xpos_reg[6]/C (clocked by sys_clk_pin) and ryanmodule/coef_a_reg[4]/CE (clocked by sys_clk_pin). Large setup violations at the end of those stages might be difficult to fix during the post-placement implementation flow and could be the result of non-optimal XDC constraints or non-optimal design architecture
Related violations: <none>

TIMING-16#32 Warning
Large setup violation  
There is a large setup violation of -1.048 ns between vetrimodule/plotmd/graph_mod/y2_offi_reg[14]/C (clocked by sys_clk_pin) and vetrimodule/plotmd/graph_mod/poly2_y_reg[67][6]/D (clocked by sys_clk_pin). Large setup violations at the end of those stages might be difficult to fix during the post-placement implementation flow and could be the result of non-optimal XDC constraints or non-optimal design architecture
Related violations: <none>

TIMING-16#33 Warning
Large setup violation  
There is a large setup violation of -1.049 ns between vetrimodule/plotmd/graph_mod/y2_offi_reg[14]/C (clocked by sys_clk_pin) and vetrimodule/plotmd/graph_mod/poly2_y_reg[59][9]/D (clocked by sys_clk_pin). Large setup violations at the end of those stages might be difficult to fix during the post-placement implementation flow and could be the result of non-optimal XDC constraints or non-optimal design architecture
Related violations: <none>

TIMING-16#34 Warning
Large setup violation  
There is a large setup violation of -1.050 ns between vetrimodule/plotmd/graph_mod/y2_offi_reg[14]/C (clocked by sys_clk_pin) and vetrimodule/plotmd/graph_mod/poly2_y_reg[62][7]/D (clocked by sys_clk_pin). Large setup violations at the end of those stages might be difficult to fix during the post-placement implementation flow and could be the result of non-optimal XDC constraints or non-optimal design architecture
Related violations: <none>

TIMING-16#35 Warning
Large setup violation  
There is a large setup violation of -1.056 ns between vetrimodule/plotmd/graph_mod/y2_offi_reg[14]/C (clocked by sys_clk_pin) and vetrimodule/plotmd/graph_mod/poly2_y_reg[44][3]/D (clocked by sys_clk_pin). Large setup violations at the end of those stages might be difficult to fix during the post-placement implementation flow and could be the result of non-optimal XDC constraints or non-optimal design architecture
Related violations: <none>

TIMING-16#36 Warning
Large setup violation  
There is a large setup violation of -1.057 ns between msemd/ypos_reg[11]/C (clocked by sys_clk_pin) and main_menu_inst/box_y_reg[3][4]/D (clocked by sys_clk_pin). Large setup violations at the end of those stages might be difficult to fix during the post-placement implementation flow and could be the result of non-optimal XDC constraints or non-optimal design architecture
Related violations: <none>

TIMING-16#37 Warning
Large setup violation  
There is a large setup violation of -1.058 ns between msemd/right_reg/C (clocked by sys_clk_pin) and vetrimodule/plotmd/graph_mod/poly1_y_reg[58][11]/CE (clocked by sys_clk_pin). Large setup violations at the end of those stages might be difficult to fix during the post-placement implementation flow and could be the result of non-optimal XDC constraints or non-optimal design architecture
Related violations: <none>

TIMING-16#38 Warning
Large setup violation  
There is a large setup violation of -1.058 ns between msemd/right_reg/C (clocked by sys_clk_pin) and vetrimodule/plotmd/graph_mod/poly1_y_reg[58][7]/CE (clocked by sys_clk_pin). Large setup violations at the end of those stages might be difficult to fix during the post-placement implementation flow and could be the result of non-optimal XDC constraints or non-optimal design architecture
Related violations: <none>

TIMING-16#39 Warning
Large setup violation  
There is a large setup violation of -1.058 ns between msemd/right_reg/C (clocked by sys_clk_pin) and vetrimodule/plotmd/graph_mod/poly2_y_reg[58][8]/CE (clocked by sys_clk_pin). Large setup violations at the end of those stages might be difficult to fix during the post-placement implementation flow and could be the result of non-optimal XDC constraints or non-optimal design architecture
Related violations: <none>

TIMING-16#40 Warning
Large setup violation  
There is a large setup violation of -1.063 ns between vetrimodule/plotmd/graph_mod/z_num_reg[2]/C (clocked by sys_clk_pin) and vetrimodule/plotmd/graph_mod/k1_00/A[1] (clocked by sys_clk_pin). Large setup violations at the end of those stages might be difficult to fix during the post-placement implementation flow and could be the result of non-optimal XDC constraints or non-optimal design architecture
Related violations: <none>

TIMING-16#41 Warning
Large setup violation  
There is a large setup violation of -1.065 ns between vetrimodule/plotmd/graph_mod/y2_offi_reg[14]/C (clocked by sys_clk_pin) and vetrimodule/plotmd/graph_mod/poly2_y_reg[58][8]/D (clocked by sys_clk_pin). Large setup violations at the end of those stages might be difficult to fix during the post-placement implementation flow and could be the result of non-optimal XDC constraints or non-optimal design architecture
Related violations: <none>

TIMING-16#42 Warning
Large setup violation  
There is a large setup violation of -1.067 ns between vetrimodule/plotmd/graph_mod/z_num_reg[2]/C (clocked by sys_clk_pin) and vetrimodule/plotmd/graph_mod/k2_00/A[8] (clocked by sys_clk_pin). Large setup violations at the end of those stages might be difficult to fix during the post-placement implementation flow and could be the result of non-optimal XDC constraints or non-optimal design architecture
Related violations: <none>

TIMING-16#43 Warning
Large setup violation  
There is a large setup violation of -1.069 ns between msemd/right_reg/C (clocked by sys_clk_pin) and vetrimodule/plotmd/graph_mod/poly1_y_reg[41][5]/CE (clocked by sys_clk_pin). Large setup violations at the end of those stages might be difficult to fix during the post-placement implementation flow and could be the result of non-optimal XDC constraints or non-optimal design architecture
Related violations: <none>

TIMING-16#44 Warning
Large setup violation  
There is a large setup violation of -1.069 ns between msemd/right_reg/C (clocked by sys_clk_pin) and vetrimodule/plotmd/graph_mod/poly1_y_reg[41][7]/CE (clocked by sys_clk_pin). Large setup violations at the end of those stages might be difficult to fix during the post-placement implementation flow and could be the result of non-optimal XDC constraints or non-optimal design architecture
Related violations: <none>

TIMING-16#45 Warning
Large setup violation  
There is a large setup violation of -1.073 ns between vetrimodule/plotmd/graph_mod/z_num_reg[2]/C (clocked by sys_clk_pin) and vetrimodule/plotmd/graph_mod/k2_00/A[15] (clocked by sys_clk_pin). Large setup violations at the end of those stages might be difficult to fix during the post-placement implementation flow and could be the result of non-optimal XDC constraints or non-optimal design architecture
Related violations: <none>

TIMING-16#46 Warning
Large setup violation  
There is a large setup violation of -1.074 ns between nicmodule/cursor_y_reg[1]/C (clocked by sys_clk_pin) and nicmodule/matMul_reg[1][1][0]/CE (clocked by sys_clk_pin). Large setup violations at the end of those stages might be difficult to fix during the post-placement implementation flow and could be the result of non-optimal XDC constraints or non-optimal design architecture
Related violations: <none>

TIMING-16#47 Warning
Large setup violation  
There is a large setup violation of -1.074 ns between nicmodule/cursor_y_reg[1]/C (clocked by sys_clk_pin) and nicmodule/matMul_reg[1][1][1]/CE (clocked by sys_clk_pin). Large setup violations at the end of those stages might be difficult to fix during the post-placement implementation flow and could be the result of non-optimal XDC constraints or non-optimal design architecture
Related violations: <none>

TIMING-16#48 Warning
Large setup violation  
There is a large setup violation of -1.074 ns between nicmodule/cursor_y_reg[1]/C (clocked by sys_clk_pin) and nicmodule/matMul_reg[1][1][2]/CE (clocked by sys_clk_pin). Large setup violations at the end of those stages might be difficult to fix during the post-placement implementation flow and could be the result of non-optimal XDC constraints or non-optimal design architecture
Related violations: <none>

TIMING-16#49 Warning
Large setup violation  
There is a large setup violation of -1.074 ns between nicmodule/cursor_y_reg[1]/C (clocked by sys_clk_pin) and nicmodule/matMul_reg[1][1][3]/CE (clocked by sys_clk_pin). Large setup violations at the end of those stages might be difficult to fix during the post-placement implementation flow and could be the result of non-optimal XDC constraints or non-optimal design architecture
Related violations: <none>

TIMING-16#50 Warning
Large setup violation  
There is a large setup violation of -1.074 ns between vetrimodule/plotmd/graph_mod/y2_offi_reg[14]/C (clocked by sys_clk_pin) and vetrimodule/plotmd/graph_mod/poly2_y_reg[1][13]/D (clocked by sys_clk_pin). Large setup violations at the end of those stages might be difficult to fix during the post-placement implementation flow and could be the result of non-optimal XDC constraints or non-optimal design architecture
Related violations: <none>

TIMING-16#51 Warning
Large setup violation  
There is a large setup violation of -1.075 ns between vetrimodule/plotmd/graph_mod/y2_offi_reg[14]/C (clocked by sys_clk_pin) and vetrimodule/plotmd/graph_mod/poly2_y_reg[51][7]/D (clocked by sys_clk_pin). Large setup violations at the end of those stages might be difficult to fix during the post-placement implementation flow and could be the result of non-optimal XDC constraints or non-optimal design architecture
Related violations: <none>

TIMING-16#52 Warning
Large setup violation  
There is a large setup violation of -1.076 ns between nicmodule/cursor_y_reg[4]/C (clocked by sys_clk_pin) and nicmodule/matA_reg[1][0][3]/D (clocked by sys_clk_pin). Large setup violations at the end of those stages might be difficult to fix during the post-placement implementation flow and could be the result of non-optimal XDC constraints or non-optimal design architecture
Related violations: <none>

TIMING-16#53 Warning
Large setup violation  
There is a large setup violation of -1.076 ns between vetrimodule/plotmd/graph_mod/y2_offi_reg[14]/C (clocked by sys_clk_pin) and vetrimodule/plotmd/graph_mod/poly2_y_reg[11][8]/D (clocked by sys_clk_pin). Large setup violations at the end of those stages might be difficult to fix during the post-placement implementation flow and could be the result of non-optimal XDC constraints or non-optimal design architecture
Related violations: <none>

TIMING-16#54 Warning
Large setup violation  
There is a large setup violation of -1.077 ns between nicmodule/cursor_y_reg[1]/C (clocked by sys_clk_pin) and nicmodule/matMul_reg[0][1][4]/CE (clocked by sys_clk_pin). Large setup violations at the end of those stages might be difficult to fix during the post-placement implementation flow and could be the result of non-optimal XDC constraints or non-optimal design architecture
Related violations: <none>

TIMING-16#55 Warning
Large setup violation  
There is a large setup violation of -1.077 ns between nicmodule/cursor_y_reg[1]/C (clocked by sys_clk_pin) and nicmodule/matMul_reg[0][1][5]/CE (clocked by sys_clk_pin). Large setup violations at the end of those stages might be difficult to fix during the post-placement implementation flow and could be the result of non-optimal XDC constraints or non-optimal design architecture
Related violations: <none>

TIMING-16#56 Warning
Large setup violation  
There is a large setup violation of -1.077 ns between nicmodule/cursor_y_reg[1]/C (clocked by sys_clk_pin) and nicmodule/matMul_reg[0][1][6]/CE (clocked by sys_clk_pin). Large setup violations at the end of those stages might be difficult to fix during the post-placement implementation flow and could be the result of non-optimal XDC constraints or non-optimal design architecture
Related violations: <none>

TIMING-16#57 Warning
Large setup violation  
There is a large setup violation of -1.077 ns between nicmodule/cursor_y_reg[1]/C (clocked by sys_clk_pin) and nicmodule/matMul_reg[0][1][7]/CE (clocked by sys_clk_pin). Large setup violations at the end of those stages might be difficult to fix during the post-placement implementation flow and could be the result of non-optimal XDC constraints or non-optimal design architecture
Related violations: <none>

TIMING-16#58 Warning
Large setup violation  
There is a large setup violation of -1.081 ns between msemd/ypos_reg[11]/C (clocked by sys_clk_pin) and main_menu_inst/box_y_reg[3][1]/D (clocked by sys_clk_pin). Large setup violations at the end of those stages might be difficult to fix during the post-placement implementation flow and could be the result of non-optimal XDC constraints or non-optimal design architecture
Related violations: <none>

TIMING-16#59 Warning
Large setup violation  
There is a large setup violation of -1.081 ns between nicmodule/cursor_y_reg[5]/C (clocked by sys_clk_pin) and nicmodule/matB_reg[1][0][7]/D (clocked by sys_clk_pin). Large setup violations at the end of those stages might be difficult to fix during the post-placement implementation flow and could be the result of non-optimal XDC constraints or non-optimal design architecture
Related violations: <none>

TIMING-16#60 Warning
Large setup violation  
There is a large setup violation of -1.082 ns between nicmodule/cursor_y_reg[1]/C (clocked by sys_clk_pin) and nicmodule/matSub_reg[1][0][0]/CE (clocked by sys_clk_pin). Large setup violations at the end of those stages might be difficult to fix during the post-placement implementation flow and could be the result of non-optimal XDC constraints or non-optimal design architecture
Related violations: <none>

TIMING-16#61 Warning
Large setup violation  
There is a large setup violation of -1.082 ns between nicmodule/cursor_y_reg[1]/C (clocked by sys_clk_pin) and nicmodule/matSub_reg[1][0][1]/CE (clocked by sys_clk_pin). Large setup violations at the end of those stages might be difficult to fix during the post-placement implementation flow and could be the result of non-optimal XDC constraints or non-optimal design architecture
Related violations: <none>

TIMING-16#62 Warning
Large setup violation  
There is a large setup violation of -1.082 ns between nicmodule/cursor_y_reg[1]/C (clocked by sys_clk_pin) and nicmodule/matSub_reg[1][0][2]/CE (clocked by sys_clk_pin). Large setup violations at the end of those stages might be difficult to fix during the post-placement implementation flow and could be the result of non-optimal XDC constraints or non-optimal design architecture
Related violations: <none>

TIMING-16#63 Warning
Large setup violation  
There is a large setup violation of -1.082 ns between nicmodule/cursor_y_reg[1]/C (clocked by sys_clk_pin) and nicmodule/matSub_reg[1][0][3]/CE (clocked by sys_clk_pin). Large setup violations at the end of those stages might be difficult to fix during the post-placement implementation flow and could be the result of non-optimal XDC constraints or non-optimal design architecture
Related violations: <none>

TIMING-16#64 Warning
Large setup violation  
There is a large setup violation of -1.083 ns between vetrimodule/plotmd/graph_mod/y2_offi_reg[14]/C (clocked by sys_clk_pin) and vetrimodule/plotmd/graph_mod/poly2_y_reg[14][8]/D (clocked by sys_clk_pin). Large setup violations at the end of those stages might be difficult to fix during the post-placement implementation flow and could be the result of non-optimal XDC constraints or non-optimal design architecture
Related violations: <none>

TIMING-16#65 Warning
Large setup violation  
There is a large setup violation of -1.087 ns between nicmodule/cursor_y_reg[4]/C (clocked by sys_clk_pin) and nicmodule/matB_reg[1][0][6]/D (clocked by sys_clk_pin). Large setup violations at the end of those stages might be difficult to fix during the post-placement implementation flow and could be the result of non-optimal XDC constraints or non-optimal design architecture
Related violations: <none>

TIMING-16#66 Warning
Large setup violation  
There is a large setup violation of -1.090 ns between msemd/right_reg/C (clocked by sys_clk_pin) and vetrimodule/plotmd/graph_mod/poly2_y_reg[69][11]/CE (clocked by sys_clk_pin). Large setup violations at the end of those stages might be difficult to fix during the post-placement implementation flow and could be the result of non-optimal XDC constraints or non-optimal design architecture
Related violations: <none>

TIMING-16#67 Warning
Large setup violation  
There is a large setup violation of -1.091 ns between nicmodule/cursor_y_reg[1]/C (clocked by sys_clk_pin) and nicmodule/matMul_reg[1][0][4]/CE (clocked by sys_clk_pin). Large setup violations at the end of those stages might be difficult to fix during the post-placement implementation flow and could be the result of non-optimal XDC constraints or non-optimal design architecture
Related violations: <none>

TIMING-16#68 Warning
Large setup violation  
There is a large setup violation of -1.091 ns between nicmodule/cursor_y_reg[1]/C (clocked by sys_clk_pin) and nicmodule/matMul_reg[1][0][5]/CE (clocked by sys_clk_pin). Large setup violations at the end of those stages might be difficult to fix during the post-placement implementation flow and could be the result of non-optimal XDC constraints or non-optimal design architecture
Related violations: <none>

TIMING-16#69 Warning
Large setup violation  
There is a large setup violation of -1.091 ns between nicmodule/cursor_y_reg[1]/C (clocked by sys_clk_pin) and nicmodule/matMul_reg[1][0][6]/CE (clocked by sys_clk_pin). Large setup violations at the end of those stages might be difficult to fix during the post-placement implementation flow and could be the result of non-optimal XDC constraints or non-optimal design architecture
Related violations: <none>

TIMING-16#70 Warning
Large setup violation  
There is a large setup violation of -1.091 ns between nicmodule/cursor_y_reg[1]/C (clocked by sys_clk_pin) and nicmodule/matMul_reg[1][0][7]/CE (clocked by sys_clk_pin). Large setup violations at the end of those stages might be difficult to fix during the post-placement implementation flow and could be the result of non-optimal XDC constraints or non-optimal design architecture
Related violations: <none>

TIMING-16#71 Warning
Large setup violation  
There is a large setup violation of -1.091 ns between vetrimodule/plotmd/graph_mod/z_num_reg[2]/C (clocked by sys_clk_pin) and vetrimodule/plotmd/graph_mod/k1_00/A[3] (clocked by sys_clk_pin). Large setup violations at the end of those stages might be difficult to fix during the post-placement implementation flow and could be the result of non-optimal XDC constraints or non-optimal design architecture
Related violations: <none>

TIMING-16#72 Warning
Large setup violation  
There is a large setup violation of -1.092 ns between msemd/right_reg/C (clocked by sys_clk_pin) and vetrimodule/plotmd/graph_mod/poly1_y_reg[73][10]/CE (clocked by sys_clk_pin). Large setup violations at the end of those stages might be difficult to fix during the post-placement implementation flow and could be the result of non-optimal XDC constraints or non-optimal design architecture
Related violations: <none>

TIMING-16#73 Warning
Large setup violation  
There is a large setup violation of -1.092 ns between vetrimodule/plotmd/graph_mod/z_num_reg[2]/C (clocked by sys_clk_pin) and vetrimodule/plotmd/graph_mod/k1_00/A[11] (clocked by sys_clk_pin). Large setup violations at the end of those stages might be difficult to fix during the post-placement implementation flow and could be the result of non-optimal XDC constraints or non-optimal design architecture
Related violations: <none>

TIMING-16#74 Warning
Large setup violation  
There is a large setup violation of -1.093 ns between nicmodule/cursor_y_reg[5]/C (clocked by sys_clk_pin) and nicmodule/matB_reg[1][1][1]/D (clocked by sys_clk_pin). Large setup violations at the end of those stages might be difficult to fix during the post-placement implementation flow and could be the result of non-optimal XDC constraints or non-optimal design architecture
Related violations: <none>

TIMING-16#75 Warning
Large setup violation  
There is a large setup violation of -1.094 ns between nicmodule/cursor_y_reg[4]/C (clocked by sys_clk_pin) and nicmodule/matA_reg[0][0][7]/D (clocked by sys_clk_pin). Large setup violations at the end of those stages might be difficult to fix during the post-placement implementation flow and could be the result of non-optimal XDC constraints or non-optimal design architecture
Related violations: <none>

TIMING-16#76 Warning
Large setup violation  
There is a large setup violation of -1.096 ns between vetrimodule/plotmd/graph_mod/y2_offi_reg[14]/C (clocked by sys_clk_pin) and vetrimodule/plotmd/graph_mod/poly2_y_reg[24][3]/D (clocked by sys_clk_pin). Large setup violations at the end of those stages might be difficult to fix during the post-placement implementation flow and could be the result of non-optimal XDC constraints or non-optimal design architecture
Related violations: <none>

TIMING-16#77 Warning
Large setup violation  
There is a large setup violation of -1.098 ns between msemd/right_reg/C (clocked by sys_clk_pin) and vetrimodule/plotmd/graph_mod/poly1_y_reg[40][10]/CE (clocked by sys_clk_pin). Large setup violations at the end of those stages might be difficult to fix during the post-placement implementation flow and could be the result of non-optimal XDC constraints or non-optimal design architecture
Related violations: <none>

TIMING-16#78 Warning
Large setup violation  
There is a large setup violation of -1.098 ns between nicmodule/cursor_y_reg[4]/C (clocked by sys_clk_pin) and nicmodule/acc_mag_reg[3]/CE (clocked by sys_clk_pin). Large setup violations at the end of those stages might be difficult to fix during the post-placement implementation flow and could be the result of non-optimal XDC constraints or non-optimal design architecture
Related violations: <none>

TIMING-16#79 Warning
Large setup violation  
There is a large setup violation of -1.098 ns between nicmodule/cursor_y_reg[4]/C (clocked by sys_clk_pin) and nicmodule/acc_mag_reg[4]/CE (clocked by sys_clk_pin). Large setup violations at the end of those stages might be difficult to fix during the post-placement implementation flow and could be the result of non-optimal XDC constraints or non-optimal design architecture
Related violations: <none>

TIMING-16#80 Warning
Large setup violation  
There is a large setup violation of -1.100 ns between vetrimodule/plotmd/graph_mod/y2_offi_reg[14]/C (clocked by sys_clk_pin) and vetrimodule/plotmd/graph_mod/poly2_y_reg[23][13]/D (clocked by sys_clk_pin). Large setup violations at the end of those stages might be difficult to fix during the post-placement implementation flow and could be the result of non-optimal XDC constraints or non-optimal design architecture
Related violations: <none>

TIMING-16#81 Warning
Large setup violation  
There is a large setup violation of -1.101 ns between vetrimodule/plotmd/graph_mod/y2_offi_reg[14]/C (clocked by sys_clk_pin) and vetrimodule/plotmd/graph_mod/poly2_y_reg[40][1]/D (clocked by sys_clk_pin). Large setup violations at the end of those stages might be difficult to fix during the post-placement implementation flow and could be the result of non-optimal XDC constraints or non-optimal design architecture
Related violations: <none>

TIMING-16#82 Warning
Large setup violation  
There is a large setup violation of -1.105 ns between vetrimodule/plotmd/graph_mod/z_num_reg[2]/C (clocked by sys_clk_pin) and vetrimodule/plotmd/graph_mod/k1_00/A[6] (clocked by sys_clk_pin). Large setup violations at the end of those stages might be difficult to fix during the post-placement implementation flow and could be the result of non-optimal XDC constraints or non-optimal design architecture
Related violations: <none>

TIMING-16#83 Warning
Large setup violation  
There is a large setup violation of -1.106 ns between nicmodule/cursor_y_reg[4]/C (clocked by sys_clk_pin) and nicmodule/matB_reg[1][0][0]/D (clocked by sys_clk_pin). Large setup violations at the end of those stages might be difficult to fix during the post-placement implementation flow and could be the result of non-optimal XDC constraints or non-optimal design architecture
Related violations: <none>

TIMING-16#84 Warning
Large setup violation  
There is a large setup violation of -1.107 ns between nicmodule/cursor_y_reg[5]/C (clocked by sys_clk_pin) and nicmodule/adj_reg[1][1][6]/R (clocked by sys_clk_pin). Large setup violations at the end of those stages might be difficult to fix during the post-placement implementation flow and could be the result of non-optimal XDC constraints or non-optimal design architecture
Related violations: <none>

TIMING-16#85 Warning
Large setup violation  
There is a large setup violation of -1.107 ns between vetrimodule/plotmd/graph_mod/y2_offi_reg[14]/C (clocked by sys_clk_pin) and vetrimodule/plotmd/graph_mod/poly2_y_reg[22][13]/D (clocked by sys_clk_pin). Large setup violations at the end of those stages might be difficult to fix during the post-placement implementation flow and could be the result of non-optimal XDC constraints or non-optimal design architecture
Related violations: <none>

TIMING-16#86 Warning
Large setup violation  
There is a large setup violation of -1.110 ns between nicmodule/cursor_y_reg[5]/C (clocked by sys_clk_pin) and nicmodule/adj_reg[1][1][2]/R (clocked by sys_clk_pin). Large setup violations at the end of those stages might be difficult to fix during the post-placement implementation flow and could be the result of non-optimal XDC constraints or non-optimal design architecture
Related violations: <none>

TIMING-16#87 Warning
Large setup violation  
There is a large setup violation of -1.110 ns between nicmodule/cursor_y_reg[5]/C (clocked by sys_clk_pin) and nicmodule/adj_reg[1][1][5]/R (clocked by sys_clk_pin). Large setup violations at the end of those stages might be difficult to fix during the post-placement implementation flow and could be the result of non-optimal XDC constraints or non-optimal design architecture
Related violations: <none>

TIMING-16#88 Warning
Large setup violation  
There is a large setup violation of -1.112 ns between msemd/ypos_reg[11]/C (clocked by sys_clk_pin) and vetrimodule/approxmd/appx_oleddata_reg[9]/D (clocked by sys_clk_pin). Large setup violations at the end of those stages might be difficult to fix during the post-placement implementation flow and could be the result of non-optimal XDC constraints or non-optimal design architecture
Related violations: <none>

TIMING-16#89 Warning
Large setup violation  
There is a large setup violation of -1.117 ns between nicmodule/cursor_y_reg[4]/C (clocked by sys_clk_pin) and nicmodule/matB_reg[1][0][6]/CE (clocked by sys_clk_pin). Large setup violations at the end of those stages might be difficult to fix during the post-placement implementation flow and could be the result of non-optimal XDC constraints or non-optimal design architecture
Related violations: <none>

TIMING-16#90 Warning
Large setup violation  
There is a large setup violation of -1.121 ns between vetrimodule/plotmd/graph_mod/y2_offi_reg[14]/C (clocked by sys_clk_pin) and vetrimodule/plotmd/graph_mod/poly2_y_reg[36][8]/D (clocked by sys_clk_pin). Large setup violations at the end of those stages might be difficult to fix during the post-placement implementation flow and could be the result of non-optimal XDC constraints or non-optimal design architecture
Related violations: <none>

TIMING-16#91 Warning
Large setup violation  
There is a large setup violation of -1.123 ns between msemd/right_reg/C (clocked by sys_clk_pin) and vetrimodule/plotmd/graph_mod/poly1_y_reg[69][9]/CE (clocked by sys_clk_pin). Large setup violations at the end of those stages might be difficult to fix during the post-placement implementation flow and could be the result of non-optimal XDC constraints or non-optimal design architecture
Related violations: <none>

TIMING-16#92 Warning
Large setup violation  
There is a large setup violation of -1.123 ns between vetrimodule/plotmd/graph_mod/y2_offi_reg[14]/C (clocked by sys_clk_pin) and vetrimodule/plotmd/graph_mod/poly2_y_reg[50][1]/D (clocked by sys_clk_pin). Large setup violations at the end of those stages might be difficult to fix during the post-placement implementation flow and could be the result of non-optimal XDC constraints or non-optimal design architecture
Related violations: <none>

TIMING-16#93 Warning
Large setup violation  
There is a large setup violation of -1.124 ns between vetrimodule/plotmd/graph_mod/y2_offi_reg[14]/C (clocked by sys_clk_pin) and vetrimodule/plotmd/graph_mod/poly2_y_reg[59][8]/D (clocked by sys_clk_pin). Large setup violations at the end of those stages might be difficult to fix during the post-placement implementation flow and could be the result of non-optimal XDC constraints or non-optimal design architecture
Related violations: <none>

TIMING-16#94 Warning
Large setup violation  
There is a large setup violation of -1.126 ns between msemd/right_reg/C (clocked by sys_clk_pin) and vetrimodule/plotmd/graph_mod/poly1_y_reg[94][2]/CE (clocked by sys_clk_pin). Large setup violations at the end of those stages might be difficult to fix during the post-placement implementation flow and could be the result of non-optimal XDC constraints or non-optimal design architecture
Related violations: <none>

TIMING-16#95 Warning
Large setup violation  
There is a large setup violation of -1.127 ns between vetrimodule/plotmd/graph_mod/y2_offi_reg[14]/C (clocked by sys_clk_pin) and vetrimodule/plotmd/graph_mod/poly2_y_reg[48][1]/D (clocked by sys_clk_pin). Large setup violations at the end of those stages might be difficult to fix during the post-placement implementation flow and could be the result of non-optimal XDC constraints or non-optimal design architecture
Related violations: <none>

TIMING-16#96 Warning
Large setup violation  
There is a large setup violation of -1.139 ns between vetrimodule/plotmd/graph_mod/y2_offi_reg[14]/C (clocked by sys_clk_pin) and vetrimodule/plotmd/graph_mod/poly2_y_reg[33][14]/D (clocked by sys_clk_pin). Large setup violations at the end of those stages might be difficult to fix during the post-placement implementation flow and could be the result of non-optimal XDC constraints or non-optimal design architecture
Related violations: <none>

TIMING-16#97 Warning
Large setup violation  
There is a large setup violation of -1.139 ns between vetrimodule/plotmd/graph_mod/y2_offi_reg[14]/C (clocked by sys_clk_pin) and vetrimodule/plotmd/graph_mod/poly2_y_reg[67][7]/D (clocked by sys_clk_pin). Large setup violations at the end of those stages might be difficult to fix during the post-placement implementation flow and could be the result of non-optimal XDC constraints or non-optimal design architecture
Related violations: <none>

TIMING-16#98 Warning
Large setup violation  
There is a large setup violation of -1.141 ns between msemd/right_reg/C (clocked by sys_clk_pin) and vetrimodule/plotmd/graph_mod/poly1_y_reg[69][1]/CE (clocked by sys_clk_pin). Large setup violations at the end of those stages might be difficult to fix during the post-placement implementation flow and could be the result of non-optimal XDC constraints or non-optimal design architecture
Related violations: <none>

TIMING-16#99 Warning
Large setup violation  
There is a large setup violation of -1.147 ns between vetrimodule/plotmd/graph_mod/y2_offi_reg[14]/C (clocked by sys_clk_pin) and vetrimodule/plotmd/graph_mod/poly2_y_reg[18][1]/D (clocked by sys_clk_pin). Large setup violations at the end of those stages might be difficult to fix during the post-placement implementation flow and could be the result of non-optimal XDC constraints or non-optimal design architecture
Related violations: <none>

TIMING-16#100 Warning
Large setup violation  
There is a large setup violation of -1.147 ns between vetrimodule/plotmd/graph_mod/y2_offi_reg[14]/C (clocked by sys_clk_pin) and vetrimodule/plotmd/graph_mod/poly2_y_reg[49][14]/D (clocked by sys_clk_pin). Large setup violations at the end of those stages might be difficult to fix during the post-placement implementation flow and could be the result of non-optimal XDC constraints or non-optimal design architecture
Related violations: <none>

TIMING-16#101 Warning
Large setup violation  
There is a large setup violation of -1.148 ns between vetrimodule/plotmd/graph_mod/y2_offi_reg[14]/C (clocked by sys_clk_pin) and vetrimodule/plotmd/graph_mod/poly2_y_reg[60][7]/D (clocked by sys_clk_pin). Large setup violations at the end of those stages might be difficult to fix during the post-placement implementation flow and could be the result of non-optimal XDC constraints or non-optimal design architecture
Related violations: <none>

TIMING-16#102 Warning
Large setup violation  
There is a large setup violation of -1.153 ns between vetrimodule/plotmd/graph_mod/y2_offi_reg[14]/C (clocked by sys_clk_pin) and vetrimodule/plotmd/graph_mod/poly2_y_reg[54][14]/D (clocked by sys_clk_pin). Large setup violations at the end of those stages might be difficult to fix during the post-placement implementation flow and could be the result of non-optimal XDC constraints or non-optimal design architecture
Related violations: <none>

TIMING-16#103 Warning
Large setup violation  
There is a large setup violation of -1.157 ns between vetrimodule/plotmd/graph_mod/y2_offi_reg[14]/C (clocked by sys_clk_pin) and vetrimodule/plotmd/graph_mod/poly2_y_reg[28][8]/D (clocked by sys_clk_pin). Large setup violations at the end of those stages might be difficult to fix during the post-placement implementation flow and could be the result of non-optimal XDC constraints or non-optimal design architecture
Related violations: <none>

TIMING-16#104 Warning
Large setup violation  
There is a large setup violation of -1.157 ns between vetrimodule/plotmd/graph_mod/y2_offi_reg[14]/C (clocked by sys_clk_pin) and vetrimodule/plotmd/graph_mod/poly2_y_reg[42][9]/D (clocked by sys_clk_pin). Large setup violations at the end of those stages might be difficult to fix during the post-placement implementation flow and could be the result of non-optimal XDC constraints or non-optimal design architecture
Related violations: <none>

TIMING-16#105 Warning
Large setup violation  
There is a large setup violation of -1.158 ns between vetrimodule/plotmd/graph_mod/y2_offi_reg[14]/C (clocked by sys_clk_pin) and vetrimodule/plotmd/graph_mod/poly2_y_reg[13][2]/D (clocked by sys_clk_pin). Large setup violations at the end of those stages might be difficult to fix during the post-placement implementation flow and could be the result of non-optimal XDC constraints or non-optimal design architecture
Related violations: <none>

TIMING-16#106 Warning
Large setup violation  
There is a large setup violation of -1.160 ns between nicmodule/cursor_y_reg[5]/C (clocked by sys_clk_pin) and nicmodule/adj_reg[0][1][7]/R (clocked by sys_clk_pin). Large setup violations at the end of those stages might be difficult to fix during the post-placement implementation flow and could be the result of non-optimal XDC constraints or non-optimal design architecture
Related violations: <none>

TIMING-16#107 Warning
Large setup violation  
There is a large setup violation of -1.162 ns between vetrimodule/plotmd/graph_mod/y2_offi_reg[14]/C (clocked by sys_clk_pin) and vetrimodule/plotmd/graph_mod/poly2_y_reg[28][6]/D (clocked by sys_clk_pin). Large setup violations at the end of those stages might be difficult to fix during the post-placement implementation flow and could be the result of non-optimal XDC constraints or non-optimal design architecture
Related violations: <none>

TIMING-16#108 Warning
Large setup violation  
There is a large setup violation of -1.164 ns between msemd/right_reg/C (clocked by sys_clk_pin) and vetrimodule/plotmd/graph_mod/poly1_y_reg[44][15]/CE (clocked by sys_clk_pin). Large setup violations at the end of those stages might be difficult to fix during the post-placement implementation flow and could be the result of non-optimal XDC constraints or non-optimal design architecture
Related violations: <none>

TIMING-16#109 Warning
Large setup violation  
There is a large setup violation of -1.164 ns between msemd/right_reg/C (clocked by sys_clk_pin) and vetrimodule/plotmd/graph_mod/poly2_y_reg[44][2]/CE (clocked by sys_clk_pin). Large setup violations at the end of those stages might be difficult to fix during the post-placement implementation flow and could be the result of non-optimal XDC constraints or non-optimal design architecture
Related violations: <none>

TIMING-16#110 Warning
Large setup violation  
There is a large setup violation of -1.164 ns between msemd/right_reg/C (clocked by sys_clk_pin) and vetrimodule/plotmd/graph_mod/poly2_y_reg[44][7]/CE (clocked by sys_clk_pin). Large setup violations at the end of those stages might be difficult to fix during the post-placement implementation flow and could be the result of non-optimal XDC constraints or non-optimal design architecture
Related violations: <none>

TIMING-16#111 Warning
Large setup violation  
There is a large setup violation of -1.173 ns between vetrimodule/plotmd/graph_mod/y2_offi_reg[14]/C (clocked by sys_clk_pin) and vetrimodule/plotmd/graph_mod/poly2_y_reg[46][13]/D (clocked by sys_clk_pin). Large setup violations at the end of those stages might be difficult to fix during the post-placement implementation flow and could be the result of non-optimal XDC constraints or non-optimal design architecture
Related violations: <none>

TIMING-16#112 Warning
Large setup violation  
There is a large setup violation of -1.174 ns between vetrimodule/plotmd/graph_mod/y2_offi_reg[14]/C (clocked by sys_clk_pin) and vetrimodule/plotmd/graph_mod/poly2_y_reg[15][2]/D (clocked by sys_clk_pin). Large setup violations at the end of those stages might be difficult to fix during the post-placement implementation flow and could be the result of non-optimal XDC constraints or non-optimal design architecture
Related violations: <none>

TIMING-16#113 Warning
Large setup violation  
There is a large setup violation of -1.178 ns between nicmodule/cursor_y_reg[4]/C (clocked by sys_clk_pin) and nicmodule/matA_reg[0][1][7]/D (clocked by sys_clk_pin). Large setup violations at the end of those stages might be difficult to fix during the post-placement implementation flow and could be the result of non-optimal XDC constraints or non-optimal design architecture
Related violations: <none>

TIMING-16#114 Warning
Large setup violation  
There is a large setup violation of -1.179 ns between vetrimodule/plotmd/graph_mod/y2_offi_reg[14]/C (clocked by sys_clk_pin) and vetrimodule/plotmd/graph_mod/poly2_y_reg[12][13]/D (clocked by sys_clk_pin). Large setup violations at the end of those stages might be difficult to fix during the post-placement implementation flow and could be the result of non-optimal XDC constraints or non-optimal design architecture
Related violations: <none>

TIMING-16#115 Warning
Large setup violation  
There is a large setup violation of -1.183 ns between vetrimodule/plotmd/graph_mod/y2_offi_reg[14]/C (clocked by sys_clk_pin) and vetrimodule/plotmd/graph_mod/poly2_y_reg[39][1]/D (clocked by sys_clk_pin). Large setup violations at the end of those stages might be difficult to fix during the post-placement implementation flow and could be the result of non-optimal XDC constraints or non-optimal design architecture
Related violations: <none>

TIMING-16#116 Warning
Large setup violation  
There is a large setup violation of -1.184 ns between vetrimodule/plotmd/graph_mod/y2_offi_reg[14]/C (clocked by sys_clk_pin) and vetrimodule/plotmd/graph_mod/poly2_y_reg[40][7]/D (clocked by sys_clk_pin). Large setup violations at the end of those stages might be difficult to fix during the post-placement implementation flow and could be the result of non-optimal XDC constraints or non-optimal design architecture
Related violations: <none>

TIMING-16#117 Warning
Large setup violation  
There is a large setup violation of -1.185 ns between vetrimodule/plotmd/graph_mod/y2_offi_reg[14]/C (clocked by sys_clk_pin) and vetrimodule/plotmd/graph_mod/poly2_y_reg[40][3]/D (clocked by sys_clk_pin). Large setup violations at the end of those stages might be difficult to fix during the post-placement implementation flow and could be the result of non-optimal XDC constraints or non-optimal design architecture
Related violations: <none>

TIMING-16#118 Warning
Large setup violation  
There is a large setup violation of -1.185 ns between vetrimodule/plotmd/graph_mod/y2_offi_reg[14]/C (clocked by sys_clk_pin) and vetrimodule/plotmd/graph_mod/poly2_y_reg[68][6]/D (clocked by sys_clk_pin). Large setup violations at the end of those stages might be difficult to fix during the post-placement implementation flow and could be the result of non-optimal XDC constraints or non-optimal design architecture
Related violations: <none>

TIMING-16#119 Warning
Large setup violation  
There is a large setup violation of -1.187 ns between nicmodule/cursor_y_reg[1]/C (clocked by sys_clk_pin) and nicmodule/matMul_reg[1][1][4]/R (clocked by sys_clk_pin). Large setup violations at the end of those stages might be difficult to fix during the post-placement implementation flow and could be the result of non-optimal XDC constraints or non-optimal design architecture
Related violations: <none>

TIMING-16#120 Warning
Large setup violation  
There is a large setup violation of -1.187 ns between nicmodule/cursor_y_reg[1]/C (clocked by sys_clk_pin) and nicmodule/matMul_reg[1][1][5]/R (clocked by sys_clk_pin). Large setup violations at the end of those stages might be difficult to fix during the post-placement implementation flow and could be the result of non-optimal XDC constraints or non-optimal design architecture
Related violations: <none>

TIMING-16#121 Warning
Large setup violation  
There is a large setup violation of -1.187 ns between nicmodule/cursor_y_reg[1]/C (clocked by sys_clk_pin) and nicmodule/matMul_reg[1][1][6]/R (clocked by sys_clk_pin). Large setup violations at the end of those stages might be difficult to fix during the post-placement implementation flow and could be the result of non-optimal XDC constraints or non-optimal design architecture
Related violations: <none>

TIMING-16#122 Warning
Large setup violation  
There is a large setup violation of -1.187 ns between nicmodule/cursor_y_reg[1]/C (clocked by sys_clk_pin) and nicmodule/matMul_reg[1][1][7]/R (clocked by sys_clk_pin). Large setup violations at the end of those stages might be difficult to fix during the post-placement implementation flow and could be the result of non-optimal XDC constraints or non-optimal design architecture
Related violations: <none>

TIMING-16#123 Warning
Large setup violation  
There is a large setup violation of -1.188 ns between msemd/right_reg/C (clocked by sys_clk_pin) and vetrimodule/plotmd/graph_mod/poly1_y_reg[92][10]/CE (clocked by sys_clk_pin). Large setup violations at the end of those stages might be difficult to fix during the post-placement implementation flow and could be the result of non-optimal XDC constraints or non-optimal design architecture
Related violations: <none>

TIMING-16#124 Warning
Large setup violation  
There is a large setup violation of -1.188 ns between msemd/right_reg/C (clocked by sys_clk_pin) and vetrimodule/plotmd/graph_mod/poly2_y_reg[64][14]/CE (clocked by sys_clk_pin). Large setup violations at the end of those stages might be difficult to fix during the post-placement implementation flow and could be the result of non-optimal XDC constraints or non-optimal design architecture
Related violations: <none>

TIMING-16#125 Warning
Large setup violation  
There is a large setup violation of -1.188 ns between nicmodule/cursor_y_reg[4]/C (clocked by sys_clk_pin) and nicmodule/matA_reg[0][1][6]/D (clocked by sys_clk_pin). Large setup violations at the end of those stages might be difficult to fix during the post-placement implementation flow and could be the result of non-optimal XDC constraints or non-optimal design architecture
Related violations: <none>

TIMING-16#126 Warning
Large setup violation  
There is a large setup violation of -1.188 ns between vetrimodule/plotmd/graph_mod/y2_offi_reg[14]/C (clocked by sys_clk_pin) and vetrimodule/plotmd/graph_mod/poly2_y_reg[25][15]/D (clocked by sys_clk_pin). Large setup violations at the end of those stages might be difficult to fix during the post-placement implementation flow and could be the result of non-optimal XDC constraints or non-optimal design architecture
Related violations: <none>

TIMING-16#127 Warning
Large setup violation  
There is a large setup violation of -1.191 ns between vetrimodule/plotmd/graph_mod/y2_offi_reg[14]/C (clocked by sys_clk_pin) and vetrimodule/plotmd/graph_mod/poly2_y_reg[53][13]/D (clocked by sys_clk_pin). Large setup violations at the end of those stages might be difficult to fix during the post-placement implementation flow and could be the result of non-optimal XDC constraints or non-optimal design architecture
Related violations: <none>

TIMING-16#128 Warning
Large setup violation  
There is a large setup violation of -1.192 ns between msemd/right_reg/C (clocked by sys_clk_pin) and vetrimodule/plotmd/graph_mod/poly1_y_reg[25][14]/CE (clocked by sys_clk_pin). Large setup violations at the end of those stages might be difficult to fix during the post-placement implementation flow and could be the result of non-optimal XDC constraints or non-optimal design architecture
Related violations: <none>

TIMING-16#129 Warning
Large setup violation  
There is a large setup violation of -1.192 ns between msemd/right_reg/C (clocked by sys_clk_pin) and vetrimodule/plotmd/graph_mod/poly2_y_reg[25][6]/CE (clocked by sys_clk_pin). Large setup violations at the end of those stages might be difficult to fix during the post-placement implementation flow and could be the result of non-optimal XDC constraints or non-optimal design architecture
Related violations: <none>

TIMING-16#130 Warning
Large setup violation  
There is a large setup violation of -1.193 ns between msemd/xpos_reg[6]/C (clocked by sys_clk_pin) and ryanmodule/coef_a_reg[1]/CE (clocked by sys_clk_pin). Large setup violations at the end of those stages might be difficult to fix during the post-placement implementation flow and could be the result of non-optimal XDC constraints or non-optimal design architecture
Related violations: <none>

TIMING-16#131 Warning
Large setup violation  
There is a large setup violation of -1.193 ns between msemd/xpos_reg[6]/C (clocked by sys_clk_pin) and ryanmodule/coef_a_reg[2]/CE (clocked by sys_clk_pin). Large setup violations at the end of those stages might be difficult to fix during the post-placement implementation flow and could be the result of non-optimal XDC constraints or non-optimal design architecture
Related violations: <none>

TIMING-16#132 Warning
Large setup violation  
There is a large setup violation of -1.193 ns between msemd/xpos_reg[6]/C (clocked by sys_clk_pin) and ryanmodule/coef_a_reg[5]/CE (clocked by sys_clk_pin). Large setup violations at the end of those stages might be difficult to fix during the post-placement implementation flow and could be the result of non-optimal XDC constraints or non-optimal design architecture
Related violations: <none>

TIMING-16#133 Warning
Large setup violation  
There is a large setup violation of -1.195 ns between vetrimodule/plotmd/graph_mod/y2_offi_reg[14]/C (clocked by sys_clk_pin) and vetrimodule/plotmd/graph_mod/poly2_y_reg[37][15]/D (clocked by sys_clk_pin). Large setup violations at the end of those stages might be difficult to fix during the post-placement implementation flow and could be the result of non-optimal XDC constraints or non-optimal design architecture
Related violations: <none>

TIMING-16#134 Warning
Large setup violation  
There is a large setup violation of -1.196 ns between vetrimodule/plotmd/graph_mod/y2_offi_reg[14]/C (clocked by sys_clk_pin) and vetrimodule/plotmd/graph_mod/poly2_y_reg[63][7]/D (clocked by sys_clk_pin). Large setup violations at the end of those stages might be difficult to fix during the post-placement implementation flow and could be the result of non-optimal XDC constraints or non-optimal design architecture
Related violations: <none>

TIMING-16#135 Warning
Large setup violation  
There is a large setup violation of -1.198 ns between nicmodule/cursor_y_reg[1]/C (clocked by sys_clk_pin) and nicmodule/matSub_reg[0][1][4]/CE (clocked by sys_clk_pin). Large setup violations at the end of those stages might be difficult to fix during the post-placement implementation flow and could be the result of non-optimal XDC constraints or non-optimal design architecture
Related violations: <none>

TIMING-16#136 Warning
Large setup violation  
There is a large setup violation of -1.198 ns between nicmodule/cursor_y_reg[1]/C (clocked by sys_clk_pin) and nicmodule/matSub_reg[0][1][5]/CE (clocked by sys_clk_pin). Large setup violations at the end of those stages might be difficult to fix during the post-placement implementation flow and could be the result of non-optimal XDC constraints or non-optimal design architecture
Related violations: <none>

TIMING-16#137 Warning
Large setup violation  
There is a large setup violation of -1.198 ns between nicmodule/cursor_y_reg[1]/C (clocked by sys_clk_pin) and nicmodule/matSub_reg[0][1][6]/CE (clocked by sys_clk_pin). Large setup violations at the end of those stages might be difficult to fix during the post-placement implementation flow and could be the result of non-optimal XDC constraints or non-optimal design architecture
Related violations: <none>

TIMING-16#138 Warning
Large setup violation  
There is a large setup violation of -1.198 ns between nicmodule/cursor_y_reg[1]/C (clocked by sys_clk_pin) and nicmodule/matSub_reg[0][1][7]/CE (clocked by sys_clk_pin). Large setup violations at the end of those stages might be difficult to fix during the post-placement implementation flow and could be the result of non-optimal XDC constraints or non-optimal design architecture
Related violations: <none>

TIMING-16#139 Warning
Large setup violation  
There is a large setup violation of -1.199 ns between vetrimodule/plotmd/graph_mod/z_num_reg[2]/C (clocked by sys_clk_pin) and vetrimodule/plotmd/graph_mod/k2_00/A[1] (clocked by sys_clk_pin). Large setup violations at the end of those stages might be difficult to fix during the post-placement implementation flow and could be the result of non-optimal XDC constraints or non-optimal design architecture
Related violations: <none>

TIMING-16#140 Warning
Large setup violation  
There is a large setup violation of -1.204 ns between vetrimodule/plotmd/graph_mod/y2_offi_reg[14]/C (clocked by sys_clk_pin) and vetrimodule/plotmd/graph_mod/poly2_y_reg[45][14]/D (clocked by sys_clk_pin). Large setup violations at the end of those stages might be difficult to fix during the post-placement implementation flow and could be the result of non-optimal XDC constraints or non-optimal design architecture
Related violations: <none>

TIMING-16#141 Warning
Large setup violation  
There is a large setup violation of -1.205 ns between vetrimodule/plotmd/graph_mod/y2_offi_reg[14]/C (clocked by sys_clk_pin) and vetrimodule/plotmd/graph_mod/poly2_y_reg[34][2]/D (clocked by sys_clk_pin). Large setup violations at the end of those stages might be difficult to fix during the post-placement implementation flow and could be the result of non-optimal XDC constraints or non-optimal design architecture
Related violations: <none>

TIMING-16#142 Warning
Large setup violation  
There is a large setup violation of -1.205 ns between vetrimodule/plotmd/graph_mod/y2_offi_reg[14]/C (clocked by sys_clk_pin) and vetrimodule/plotmd/graph_mod/poly2_y_reg[56][7]/D (clocked by sys_clk_pin). Large setup violations at the end of those stages might be difficult to fix during the post-placement implementation flow and could be the result of non-optimal XDC constraints or non-optimal design architecture
Related violations: <none>

TIMING-16#143 Warning
Large setup violation  
There is a large setup violation of -1.207 ns between vetrimodule/plotmd/graph_mod/y2_offi_reg[14]/C (clocked by sys_clk_pin) and vetrimodule/plotmd/graph_mod/poly2_y_reg[10][13]/D (clocked by sys_clk_pin). Large setup violations at the end of those stages might be difficult to fix during the post-placement implementation flow and could be the result of non-optimal XDC constraints or non-optimal design architecture
Related violations: <none>

TIMING-16#144 Warning
Large setup violation  
There is a large setup violation of -1.208 ns between msemd/right_reg/C (clocked by sys_clk_pin) and vetrimodule/plotmd/graph_mod/poly2_y_reg[29][14]/CE (clocked by sys_clk_pin). Large setup violations at the end of those stages might be difficult to fix during the post-placement implementation flow and could be the result of non-optimal XDC constraints or non-optimal design architecture
Related violations: <none>

TIMING-16#145 Warning
Large setup violation  
There is a large setup violation of -1.208 ns between vetrimodule/plotmd/graph_mod/y2_offi_reg[14]/C (clocked by sys_clk_pin) and vetrimodule/plotmd/graph_mod/poly2_y_reg[57][9]/D (clocked by sys_clk_pin). Large setup violations at the end of those stages might be difficult to fix during the post-placement implementation flow and could be the result of non-optimal XDC constraints or non-optimal design architecture
Related violations: <none>

TIMING-16#146 Warning
Large setup violation  
There is a large setup violation of -1.218 ns between vetrimodule/plotmd/graph_mod/y2_offi_reg[14]/C (clocked by sys_clk_pin) and vetrimodule/plotmd/graph_mod/poly2_y_reg[26][8]/D (clocked by sys_clk_pin). Large setup violations at the end of those stages might be difficult to fix during the post-placement implementation flow and could be the result of non-optimal XDC constraints or non-optimal design architecture
Related violations: <none>

TIMING-16#147 Warning
Large setup violation  
There is a large setup violation of -1.218 ns between vetrimodule/plotmd/graph_mod/y2_offi_reg[14]/C (clocked by sys_clk_pin) and vetrimodule/plotmd/graph_mod/poly2_y_reg[41][3]/D (clocked by sys_clk_pin). Large setup violations at the end of those stages might be difficult to fix during the post-placement implementation flow and could be the result of non-optimal XDC constraints or non-optimal design architecture
Related violations: <none>

TIMING-16#148 Warning
Large setup violation  
There is a large setup violation of -1.218 ns between vetrimodule/plotmd/graph_mod/y2_offi_reg[14]/C (clocked by sys_clk_pin) and vetrimodule/plotmd/graph_mod/poly2_y_reg[43][3]/D (clocked by sys_clk_pin). Large setup violations at the end of those stages might be difficult to fix during the post-placement implementation flow and could be the result of non-optimal XDC constraints or non-optimal design architecture
Related violations: <none>

TIMING-16#149 Warning
Large setup violation  
There is a large setup violation of -1.220 ns between vetrimodule/plotmd/graph_mod/y2_offi_reg[14]/C (clocked by sys_clk_pin) and vetrimodule/plotmd/graph_mod/poly2_y_reg[2][10]/D (clocked by sys_clk_pin). Large setup violations at the end of those stages might be difficult to fix during the post-placement implementation flow and could be the result of non-optimal XDC constraints or non-optimal design architecture
Related violations: <none>

TIMING-16#150 Warning
Large setup violation  
There is a large setup violation of -1.222 ns between nicmodule/cursor_y_reg[5]/C (clocked by sys_clk_pin) and nicmodule/matB_reg[1][0][2]/D (clocked by sys_clk_pin). Large setup violations at the end of those stages might be difficult to fix during the post-placement implementation flow and could be the result of non-optimal XDC constraints or non-optimal design architecture
Related violations: <none>

TIMING-16#151 Warning
Large setup violation  
There is a large setup violation of -1.225 ns between msemd/right_reg/C (clocked by sys_clk_pin) and vetrimodule/plotmd/graph_mod/poly1_y_reg[58][10]/CE (clocked by sys_clk_pin). Large setup violations at the end of those stages might be difficult to fix during the post-placement implementation flow and could be the result of non-optimal XDC constraints or non-optimal design architecture
Related violations: <none>

TIMING-16#152 Warning
Large setup violation  
There is a large setup violation of -1.228 ns between nicmodule/cursor_y_reg[4]/C (clocked by sys_clk_pin) and nicmodule/matB_reg[1][1][1]/CE (clocked by sys_clk_pin). Large setup violations at the end of those stages might be difficult to fix during the post-placement implementation flow and could be the result of non-optimal XDC constraints or non-optimal design architecture
Related violations: <none>

TIMING-16#153 Warning
Large setup violation  
There is a large setup violation of -1.231 ns between nicmodule/cursor_y_reg[5]/C (clocked by sys_clk_pin) and nicmodule/adj_reg[1][1][0]/R (clocked by sys_clk_pin). Large setup violations at the end of those stages might be difficult to fix during the post-placement implementation flow and could be the result of non-optimal XDC constraints or non-optimal design architecture
Related violations: <none>

TIMING-16#154 Warning
Large setup violation  
There is a large setup violation of -1.231 ns between nicmodule/cursor_y_reg[5]/C (clocked by sys_clk_pin) and nicmodule/adj_reg[1][1][3]/R (clocked by sys_clk_pin). Large setup violations at the end of those stages might be difficult to fix during the post-placement implementation flow and could be the result of non-optimal XDC constraints or non-optimal design architecture
Related violations: <none>

TIMING-16#155 Warning
Large setup violation  
There is a large setup violation of -1.232 ns between msemd/right_reg/C (clocked by sys_clk_pin) and vetrimodule/plotmd/graph_mod/poly1_y_reg[43][2]/CE (clocked by sys_clk_pin). Large setup violations at the end of those stages might be difficult to fix during the post-placement implementation flow and could be the result of non-optimal XDC constraints or non-optimal design architecture
Related violations: <none>

TIMING-16#156 Warning
Large setup violation  
There is a large setup violation of -1.238 ns between msemd/right_reg/C (clocked by sys_clk_pin) and vetrimodule/approxmd/linreg_plot/py1_reg[1]/CE (clocked by sys_clk_pin). Large setup violations at the end of those stages might be difficult to fix during the post-placement implementation flow and could be the result of non-optimal XDC constraints or non-optimal design architecture
Related violations: <none>

TIMING-16#157 Warning
Large setup violation  
There is a large setup violation of -1.240 ns between vetrimodule/plotmd/graph_mod/z_num_reg[2]/C (clocked by sys_clk_pin) and vetrimodule/plotmd/graph_mod/k2_00/A[10] (clocked by sys_clk_pin). Large setup violations at the end of those stages might be difficult to fix during the post-placement implementation flow and could be the result of non-optimal XDC constraints or non-optimal design architecture
Related violations: <none>

TIMING-16#158 Warning
Large setup violation  
There is a large setup violation of -1.241 ns between nicmodule/cursor_y_reg[1]/C (clocked by sys_clk_pin) and nicmodule/matMul_reg[1][0][0]/CE (clocked by sys_clk_pin). Large setup violations at the end of those stages might be difficult to fix during the post-placement implementation flow and could be the result of non-optimal XDC constraints or non-optimal design architecture
Related violations: <none>

TIMING-16#159 Warning
Large setup violation  
There is a large setup violation of -1.241 ns between nicmodule/cursor_y_reg[1]/C (clocked by sys_clk_pin) and nicmodule/matMul_reg[1][0][1]/CE (clocked by sys_clk_pin). Large setup violations at the end of those stages might be difficult to fix during the post-placement implementation flow and could be the result of non-optimal XDC constraints or non-optimal design architecture
Related violations: <none>

TIMING-16#160 Warning
Large setup violation  
There is a large setup violation of -1.241 ns between nicmodule/cursor_y_reg[1]/C (clocked by sys_clk_pin) and nicmodule/matMul_reg[1][0][2]/CE (clocked by sys_clk_pin). Large setup violations at the end of those stages might be difficult to fix during the post-placement implementation flow and could be the result of non-optimal XDC constraints or non-optimal design architecture
Related violations: <none>

TIMING-16#161 Warning
Large setup violation  
There is a large setup violation of -1.241 ns between nicmodule/cursor_y_reg[1]/C (clocked by sys_clk_pin) and nicmodule/matMul_reg[1][0][3]/CE (clocked by sys_clk_pin). Large setup violations at the end of those stages might be difficult to fix during the post-placement implementation flow and could be the result of non-optimal XDC constraints or non-optimal design architecture
Related violations: <none>

TIMING-16#162 Warning
Large setup violation  
There is a large setup violation of -1.243 ns between vetrimodule/approxmd/linreg_plot/calc_state_reg[2]/C (clocked by sys_clk_pin) and vetrimodule/approxmd/linreg_plot/sum_xy_reg[5]/D (clocked by sys_clk_pin). Large setup violations at the end of those stages might be difficult to fix during the post-placement implementation flow and could be the result of non-optimal XDC constraints or non-optimal design architecture
Related violations: <none>

TIMING-16#163 Warning
Large setup violation  
There is a large setup violation of -1.243 ns between vetrimodule/plotmd/graph_mod/y2_offi_reg[14]/C (clocked by sys_clk_pin) and vetrimodule/plotmd/graph_mod/poly2_y_reg[26][3]/D (clocked by sys_clk_pin). Large setup violations at the end of those stages might be difficult to fix during the post-placement implementation flow and could be the result of non-optimal XDC constraints or non-optimal design architecture
Related violations: <none>

TIMING-16#164 Warning
Large setup violation  
There is a large setup violation of -1.243 ns between vetrimodule/plotmd/graph_mod/y2_offi_reg[14]/C (clocked by sys_clk_pin) and vetrimodule/plotmd/graph_mod/poly2_y_reg[56][8]/D (clocked by sys_clk_pin). Large setup violations at the end of those stages might be difficult to fix during the post-placement implementation flow and could be the result of non-optimal XDC constraints or non-optimal design architecture
Related violations: <none>

TIMING-16#165 Warning
Large setup violation  
There is a large setup violation of -1.244 ns between vetrimodule/plotmd/graph_mod/y2_offi_reg[14]/C (clocked by sys_clk_pin) and vetrimodule/plotmd/graph_mod/poly2_y_reg[57][7]/D (clocked by sys_clk_pin). Large setup violations at the end of those stages might be difficult to fix during the post-placement implementation flow and could be the result of non-optimal XDC constraints or non-optimal design architecture
Related violations: <none>

TIMING-16#166 Warning
Large setup violation  
There is a large setup violation of -1.245 ns between nicmodule/cursor_y_reg[4]/C (clocked by sys_clk_pin) and nicmodule/matA_reg[1][1][5]/D (clocked by sys_clk_pin). Large setup violations at the end of those stages might be difficult to fix during the post-placement implementation flow and could be the result of non-optimal XDC constraints or non-optimal design architecture
Related violations: <none>

TIMING-16#167 Warning
Large setup violation  
There is a large setup violation of -1.246 ns between msemd/right_reg/C (clocked by sys_clk_pin) and vetrimodule/plotmd/graph_mod/poly1_y_reg[12][11]/CE (clocked by sys_clk_pin). Large setup violations at the end of those stages might be difficult to fix during the post-placement implementation flow and could be the result of non-optimal XDC constraints or non-optimal design architecture
Related violations: <none>

TIMING-16#168 Warning
Large setup violation  
There is a large setup violation of -1.250 ns between msemd/right_reg/C (clocked by sys_clk_pin) and vetrimodule/plotmd/graph_mod/poly1_y_reg[66][9]/CE (clocked by sys_clk_pin). Large setup violations at the end of those stages might be difficult to fix during the post-placement implementation flow and could be the result of non-optimal XDC constraints or non-optimal design architecture
Related violations: <none>

TIMING-16#169 Warning
Large setup violation  
There is a large setup violation of -1.251 ns between vetrimodule/plotmd/graph_mod/z_num_reg[2]/C (clocked by sys_clk_pin) and vetrimodule/plotmd/graph_mod/k2_00/A[17] (clocked by sys_clk_pin). Large setup violations at the end of those stages might be difficult to fix during the post-placement implementation flow and could be the result of non-optimal XDC constraints or non-optimal design architecture
Related violations: <none>

TIMING-16#170 Warning
Large setup violation  
There is a large setup violation of -1.252 ns between vetrimodule/plotmd/graph_mod/z_num_reg[2]/C (clocked by sys_clk_pin) and vetrimodule/plotmd/graph_mod/k1_00/A[14] (clocked by sys_clk_pin). Large setup violations at the end of those stages might be difficult to fix during the post-placement implementation flow and could be the result of non-optimal XDC constraints or non-optimal design architecture
Related violations: <none>

TIMING-16#171 Warning
Large setup violation  
There is a large setup violation of -1.253 ns between nicmodule/acc_cnt_reg[1]/C (clocked by sys_clk_pin) and nicmodule/matMul_reg[1][0][3]/D (clocked by sys_clk_pin). Large setup violations at the end of those stages might be difficult to fix during the post-placement implementation flow and could be the result of non-optimal XDC constraints or non-optimal design architecture
Related violations: <none>

TIMING-16#172 Warning
Large setup violation  
There is a large setup violation of -1.253 ns between nicmodule/cursor_y_reg[5]/C (clocked by sys_clk_pin) and nicmodule/matB_reg[0][1][7]/D (clocked by sys_clk_pin). Large setup violations at the end of those stages might be difficult to fix during the post-placement implementation flow and could be the result of non-optimal XDC constraints or non-optimal design architecture
Related violations: <none>

TIMING-16#173 Warning
Large setup violation  
There is a large setup violation of -1.257 ns between vetrimodule/plotmd/graph_mod/y2_offi_reg[14]/C (clocked by sys_clk_pin) and vetrimodule/plotmd/graph_mod/poly2_y_reg[38][1]/D (clocked by sys_clk_pin). Large setup violations at the end of those stages might be difficult to fix during the post-placement implementation flow and could be the result of non-optimal XDC constraints or non-optimal design architecture
Related violations: <none>

TIMING-16#174 Warning
Large setup violation  
There is a large setup violation of -1.257 ns between vetrimodule/plotmd/graph_mod/y2_offi_reg[14]/C (clocked by sys_clk_pin) and vetrimodule/plotmd/graph_mod/poly2_y_reg[63][3]/D (clocked by sys_clk_pin). Large setup violations at the end of those stages might be difficult to fix during the post-placement implementation flow and could be the result of non-optimal XDC constraints or non-optimal design architecture
Related violations: <none>

TIMING-16#175 Warning
Large setup violation  
There is a large setup violation of -1.259 ns between vetrimodule/plotmd/graph_mod/y2_offi_reg[14]/C (clocked by sys_clk_pin) and vetrimodule/plotmd/graph_mod/poly2_y_reg[43][10]/D (clocked by sys_clk_pin). Large setup violations at the end of those stages might be difficult to fix during the post-placement implementation flow and could be the result of non-optimal XDC constraints or non-optimal design architecture
Related violations: <none>

TIMING-16#176 Warning
Large setup violation  
There is a large setup violation of -1.261 ns between vetrimodule/plotmd/graph_mod/y2_offi_reg[14]/C (clocked by sys_clk_pin) and vetrimodule/plotmd/graph_mod/poly2_y_reg[52][1]/D (clocked by sys_clk_pin). Large setup violations at the end of those stages might be difficult to fix during the post-placement implementation flow and could be the result of non-optimal XDC constraints or non-optimal design architecture
Related violations: <none>

TIMING-16#177 Warning
Large setup violation  
There is a large setup violation of -1.263 ns between msemd/right_reg/C (clocked by sys_clk_pin) and vetrimodule/plotmd/graph_mod/poly2_y_reg[68][11]/CE (clocked by sys_clk_pin). Large setup violations at the end of those stages might be difficult to fix during the post-placement implementation flow and could be the result of non-optimal XDC constraints or non-optimal design architecture
Related violations: <none>

TIMING-16#178 Warning
Large setup violation  
There is a large setup violation of -1.270 ns between vetrimodule/plotmd/graph_mod/y2_offi_reg[14]/C (clocked by sys_clk_pin) and vetrimodule/plotmd/graph_mod/poly2_y_reg[42][2]/D (clocked by sys_clk_pin). Large setup violations at the end of those stages might be difficult to fix during the post-placement implementation flow and could be the result of non-optimal XDC constraints or non-optimal design architecture
Related violations: <none>

TIMING-16#179 Warning
Large setup violation  
There is a large setup violation of -1.277 ns between nicmodule/cursor_y_reg[5]/C (clocked by sys_clk_pin) and nicmodule/matB_reg[1][0][4]/D (clocked by sys_clk_pin). Large setup violations at the end of those stages might be difficult to fix during the post-placement implementation flow and could be the result of non-optimal XDC constraints or non-optimal design architecture
Related violations: <none>

TIMING-16#180 Warning
Large setup violation  
There is a large setup violation of -1.278 ns between vetrimodule/plotmd/graph_mod/z_num_reg[2]/C (clocked by sys_clk_pin) and vetrimodule/plotmd/graph_mod/k2_00/A[11] (clocked by sys_clk_pin). Large setup violations at the end of those stages might be difficult to fix during the post-placement implementation flow and could be the result of non-optimal XDC constraints or non-optimal design architecture
Related violations: <none>

TIMING-16#181 Warning
Large setup violation  
There is a large setup violation of -1.279 ns between msemd/right_reg/C (clocked by sys_clk_pin) and vetrimodule/plotmd/graph_mod/poly1_y_reg[28][2]/CE (clocked by sys_clk_pin). Large setup violations at the end of those stages might be difficult to fix during the post-placement implementation flow and could be the result of non-optimal XDC constraints or non-optimal design architecture
Related violations: <none>

TIMING-16#182 Warning
Large setup violation  
There is a large setup violation of -1.279 ns between msemd/right_reg/C (clocked by sys_clk_pin) and vetrimodule/plotmd/graph_mod/poly1_y_reg[28][4]/CE (clocked by sys_clk_pin). Large setup violations at the end of those stages might be difficult to fix during the post-placement implementation flow and could be the result of non-optimal XDC constraints or non-optimal design architecture
Related violations: <none>

TIMING-16#183 Warning
Large setup violation  
There is a large setup violation of -1.279 ns between msemd/right_reg/C (clocked by sys_clk_pin) and vetrimodule/plotmd/graph_mod/poly2_y_reg[28][0]/CE (clocked by sys_clk_pin). Large setup violations at the end of those stages might be difficult to fix during the post-placement implementation flow and could be the result of non-optimal XDC constraints or non-optimal design architecture
Related violations: <none>

TIMING-16#184 Warning
Large setup violation  
There is a large setup violation of -1.279 ns between msemd/right_reg/C (clocked by sys_clk_pin) and vetrimodule/plotmd/graph_mod/poly2_y_reg[28][4]/CE (clocked by sys_clk_pin). Large setup violations at the end of those stages might be difficult to fix during the post-placement implementation flow and could be the result of non-optimal XDC constraints or non-optimal design architecture
Related violations: <none>

TIMING-16#185 Warning
Large setup violation  
There is a large setup violation of -1.281 ns between vetrimodule/plotmd/graph_mod/z_num_reg[2]/C (clocked by sys_clk_pin) and vetrimodule/plotmd/graph_mod/k2_00/A[16] (clocked by sys_clk_pin). Large setup violations at the end of those stages might be difficult to fix during the post-placement implementation flow and could be the result of non-optimal XDC constraints or non-optimal design architecture
Related violations: <none>

TIMING-16#186 Warning
Large setup violation  
There is a large setup violation of -1.289 ns between msemd/right_reg/C (clocked by sys_clk_pin) and vetrimodule/plotmd/graph_mod/poly2_y_reg[71][2]/CE (clocked by sys_clk_pin). Large setup violations at the end of those stages might be difficult to fix during the post-placement implementation flow and could be the result of non-optimal XDC constraints or non-optimal design architecture
Related violations: <none>

TIMING-16#187 Warning
Large setup violation  
There is a large setup violation of -1.289 ns between msemd/right_reg/C (clocked by sys_clk_pin) and vetrimodule/plotmd/graph_mod/poly2_y_reg[71][4]/CE (clocked by sys_clk_pin). Large setup violations at the end of those stages might be difficult to fix during the post-placement implementation flow and could be the result of non-optimal XDC constraints or non-optimal design architecture
Related violations: <none>

TIMING-16#188 Warning
Large setup violation  
There is a large setup violation of -1.291 ns between nicmodule/cursor_y_reg[5]/C (clocked by sys_clk_pin) and nicmodule/adj_reg[1][1][6]/CE (clocked by sys_clk_pin). Large setup violations at the end of those stages might be difficult to fix during the post-placement implementation flow and could be the result of non-optimal XDC constraints or non-optimal design architecture
Related violations: <none>

TIMING-16#189 Warning
Large setup violation  
There is a large setup violation of -1.296 ns between vetrimodule/plotmd/graph_mod/y2_offi_reg[14]/C (clocked by sys_clk_pin) and vetrimodule/plotmd/graph_mod/poly2_y_reg[51][14]/D (clocked by sys_clk_pin). Large setup violations at the end of those stages might be difficult to fix during the post-placement implementation flow and could be the result of non-optimal XDC constraints or non-optimal design architecture
Related violations: <none>

TIMING-16#190 Warning
Large setup violation  
There is a large setup violation of -1.296 ns between vetrimodule/plotmd/graph_mod/y2_offi_reg[14]/C (clocked by sys_clk_pin) and vetrimodule/plotmd/graph_mod/poly2_y_reg[53][14]/D (clocked by sys_clk_pin). Large setup violations at the end of those stages might be difficult to fix during the post-placement implementation flow and could be the result of non-optimal XDC constraints or non-optimal design architecture
Related violations: <none>

TIMING-16#191 Warning
Large setup violation  
There is a large setup violation of -1.297 ns between vetrimodule/plotmd/graph_mod/y2_offi_reg[14]/C (clocked by sys_clk_pin) and vetrimodule/plotmd/graph_mod/poly2_y_reg[35][13]/D (clocked by sys_clk_pin). Large setup violations at the end of those stages might be difficult to fix during the post-placement implementation flow and could be the result of non-optimal XDC constraints or non-optimal design architecture
Related violations: <none>

TIMING-16#192 Warning
Large setup violation  
There is a large setup violation of -1.298 ns between msemd/right_reg/C (clocked by sys_clk_pin) and vetrimodule/plotmd/graph_mod/poly1_y_reg[20][15]/CE (clocked by sys_clk_pin). Large setup violations at the end of those stages might be difficult to fix during the post-placement implementation flow and could be the result of non-optimal XDC constraints or non-optimal design architecture
Related violations: <none>

TIMING-16#193 Warning
Large setup violation  
There is a large setup violation of -1.298 ns between vetrimodule/plotmd/graph_mod/y2_offi_reg[14]/C (clocked by sys_clk_pin) and vetrimodule/plotmd/graph_mod/poly2_y_reg[70][7]/D (clocked by sys_clk_pin). Large setup violations at the end of those stages might be difficult to fix during the post-placement implementation flow and could be the result of non-optimal XDC constraints or non-optimal design architecture
Related violations: <none>

TIMING-16#194 Warning
Large setup violation  
There is a large setup violation of -1.299 ns between nicmodule/cursor_y_reg[4]/C (clocked by sys_clk_pin) and nicmodule/matB_reg[1][0][0]/CE (clocked by sys_clk_pin). Large setup violations at the end of those stages might be difficult to fix during the post-placement implementation flow and could be the result of non-optimal XDC constraints or non-optimal design architecture
Related violations: <none>

TIMING-16#195 Warning
Large setup violation  
There is a large setup violation of -1.300 ns between vetrimodule/plotmd/graph_mod/y2_offi_reg[14]/C (clocked by sys_clk_pin) and vetrimodule/plotmd/graph_mod/poly2_y_reg[63][1]/D (clocked by sys_clk_pin). Large setup violations at the end of those stages might be difficult to fix during the post-placement implementation flow and could be the result of non-optimal XDC constraints or non-optimal design architecture
Related violations: <none>

TIMING-16#196 Warning
Large setup violation  
There is a large setup violation of -1.301 ns between nicmodule/cursor_y_reg[1]/C (clocked by sys_clk_pin) and nicmodule/matA_reg[0][1][0]/D (clocked by sys_clk_pin). Large setup violations at the end of those stages might be difficult to fix during the post-placement implementation flow and could be the result of non-optimal XDC constraints or non-optimal design architecture
Related violations: <none>

TIMING-16#197 Warning
Large setup violation  
There is a large setup violation of -1.302 ns between msemd/right_reg/C (clocked by sys_clk_pin) and vetrimodule/plotmd/graph_mod/poly2_y_reg[71][7]/CE (clocked by sys_clk_pin). Large setup violations at the end of those stages might be difficult to fix during the post-placement implementation flow and could be the result of non-optimal XDC constraints or non-optimal design architecture
Related violations: <none>

TIMING-16#198 Warning
Large setup violation  
There is a large setup violation of -1.302 ns between vetrimodule/plotmd/graph_mod/y2_offi_reg[14]/C (clocked by sys_clk_pin) and vetrimodule/plotmd/graph_mod/poly2_y_reg[27][2]/D (clocked by sys_clk_pin). Large setup violations at the end of those stages might be difficult to fix during the post-placement implementation flow and could be the result of non-optimal XDC constraints or non-optimal design architecture
Related violations: <none>

TIMING-16#199 Warning
Large setup violation  
There is a large setup violation of -1.306 ns between vetrimodule/plotmd/graph_mod/y2_offi_reg[14]/C (clocked by sys_clk_pin) and vetrimodule/plotmd/graph_mod/poly2_y_reg[49][13]/D (clocked by sys_clk_pin). Large setup violations at the end of those stages might be difficult to fix during the post-placement implementation flow and could be the result of non-optimal XDC constraints or non-optimal design architecture
Related violations: <none>

TIMING-16#200 Warning
Large setup violation  
There is a large setup violation of -1.309 ns between vetrimodule/plotmd/graph_mod/y2_offi_reg[14]/C (clocked by sys_clk_pin) and vetrimodule/plotmd/graph_mod/poly2_y_reg[28][1]/D (clocked by sys_clk_pin). Large setup violations at the end of those stages might be difficult to fix during the post-placement implementation flow and could be the result of non-optimal XDC constraints or non-optimal design architecture
Related violations: <none>

TIMING-16#201 Warning
Large setup violation  
There is a large setup violation of -1.311 ns between nicmodule/cursor_y_reg[5]/C (clocked by sys_clk_pin) and nicmodule/matA_reg[1][0][1]/CE (clocked by sys_clk_pin). Large setup violations at the end of those stages might be difficult to fix during the post-placement implementation flow and could be the result of non-optimal XDC constraints or non-optimal design architecture
Related violations: <none>

TIMING-16#202 Warning
Large setup violation  
There is a large setup violation of -1.311 ns between vetrimodule/plotmd/graph_mod/y2_offi_reg[14]/C (clocked by sys_clk_pin) and vetrimodule/plotmd/graph_mod/poly2_y_reg[12][2]/D (clocked by sys_clk_pin). Large setup violations at the end of those stages might be difficult to fix during the post-placement implementation flow and could be the result of non-optimal XDC constraints or non-optimal design architecture
Related violations: <none>

TIMING-16#203 Warning
Large setup violation  
There is a large setup violation of -1.316 ns between vetrimodule/plotmd/graph_mod/y2_offi_reg[14]/C (clocked by sys_clk_pin) and vetrimodule/plotmd/graph_mod/poly2_y_reg[41][2]/D (clocked by sys_clk_pin). Large setup violations at the end of those stages might be difficult to fix during the post-placement implementation flow and could be the result of non-optimal XDC constraints or non-optimal design architecture
Related violations: <none>

TIMING-16#204 Warning
Large setup violation  
There is a large setup violation of -1.321 ns between vetrimodule/plotmd/graph_mod/y2_offi_reg[14]/C (clocked by sys_clk_pin) and vetrimodule/plotmd/graph_mod/poly2_y_reg[56][9]/D (clocked by sys_clk_pin). Large setup violations at the end of those stages might be difficult to fix during the post-placement implementation flow and could be the result of non-optimal XDC constraints or non-optimal design architecture
Related violations: <none>

TIMING-16#205 Warning
Large setup violation  
There is a large setup violation of -1.322 ns between vetrimodule/plotmd/graph_mod/y2_offi_reg[14]/C (clocked by sys_clk_pin) and vetrimodule/plotmd/graph_mod/poly2_y_reg[10][15]/D (clocked by sys_clk_pin). Large setup violations at the end of those stages might be difficult to fix during the post-placement implementation flow and could be the result of non-optimal XDC constraints or non-optimal design architecture
Related violations: <none>

TIMING-16#206 Warning
Large setup violation  
There is a large setup violation of -1.323 ns between vetrimodule/plotmd/graph_mod/y2_offi_reg[14]/C (clocked by sys_clk_pin) and vetrimodule/plotmd/graph_mod/poly2_y_reg[58][9]/D (clocked by sys_clk_pin). Large setup violations at the end of those stages might be difficult to fix during the post-placement implementation flow and could be the result of non-optimal XDC constraints or non-optimal design architecture
Related violations: <none>

TIMING-16#207 Warning
Large setup violation  
There is a large setup violation of -1.324 ns between vetrimodule/plotmd/graph_mod/y2_offi_reg[14]/C (clocked by sys_clk_pin) and vetrimodule/plotmd/graph_mod/poly2_y_reg[17][6]/D (clocked by sys_clk_pin). Large setup violations at the end of those stages might be difficult to fix during the post-placement implementation flow and could be the result of non-optimal XDC constraints or non-optimal design architecture
Related violations: <none>

TIMING-16#208 Warning
Large setup violation  
There is a large setup violation of -1.333 ns between vetrimodule/plotmd/graph_mod/y2_offi_reg[14]/C (clocked by sys_clk_pin) and vetrimodule/plotmd/graph_mod/poly2_y_reg[24][13]/D (clocked by sys_clk_pin). Large setup violations at the end of those stages might be difficult to fix during the post-placement implementation flow and could be the result of non-optimal XDC constraints or non-optimal design architecture
Related violations: <none>

TIMING-16#209 Warning
Large setup violation  
There is a large setup violation of -1.335 ns between vetrimodule/plotmd/graph_mod/y2_offi_reg[14]/C (clocked by sys_clk_pin) and vetrimodule/plotmd/graph_mod/poly2_y_reg[61][13]/D (clocked by sys_clk_pin). Large setup violations at the end of those stages might be difficult to fix during the post-placement implementation flow and could be the result of non-optimal XDC constraints or non-optimal design architecture
Related violations: <none>

TIMING-16#210 Warning
Large setup violation  
There is a large setup violation of -1.335 ns between vetrimodule/plotmd/graph_mod/y2_offi_reg[14]/C (clocked by sys_clk_pin) and vetrimodule/plotmd/graph_mod/poly2_y_reg[69][7]/D (clocked by sys_clk_pin). Large setup violations at the end of those stages might be difficult to fix during the post-placement implementation flow and could be the result of non-optimal XDC constraints or non-optimal design architecture
Related violations: <none>

TIMING-16#211 Warning
Large setup violation  
There is a large setup violation of -1.336 ns between vetrimodule/plotmd/graph_mod/y2_offi_reg[14]/C (clocked by sys_clk_pin) and vetrimodule/plotmd/graph_mod/poly2_y_reg[48][14]/D (clocked by sys_clk_pin). Large setup violations at the end of those stages might be difficult to fix during the post-placement implementation flow and could be the result of non-optimal XDC constraints or non-optimal design architecture
Related violations: <none>

TIMING-16#212 Warning
Large setup violation  
There is a large setup violation of -1.340 ns between vetrimodule/plotmd/graph_mod/y2_offi_reg[14]/C (clocked by sys_clk_pin) and vetrimodule/plotmd/graph_mod/poly2_y_reg[60][3]/D (clocked by sys_clk_pin). Large setup violations at the end of those stages might be difficult to fix during the post-placement implementation flow and could be the result of non-optimal XDC constraints or non-optimal design architecture
Related violations: <none>

TIMING-16#213 Warning
Large setup violation  
There is a large setup violation of -1.341 ns between vetrimodule/plotmd/graph_mod/y2_offi_reg[14]/C (clocked by sys_clk_pin) and vetrimodule/plotmd/graph_mod/poly2_y_reg[4][2]/D (clocked by sys_clk_pin). Large setup violations at the end of those stages might be difficult to fix during the post-placement implementation flow and could be the result of non-optimal XDC constraints or non-optimal design architecture
Related violations: <none>

TIMING-16#214 Warning
Large setup violation  
There is a large setup violation of -1.342 ns between vetrimodule/plotmd/graph_mod/y2_offi_reg[14]/C (clocked by sys_clk_pin) and vetrimodule/plotmd/graph_mod/poly2_y_reg[70][6]/D (clocked by sys_clk_pin). Large setup violations at the end of those stages might be difficult to fix during the post-placement implementation flow and could be the result of non-optimal XDC constraints or non-optimal design architecture
Related violations: <none>

TIMING-16#215 Warning
Large setup violation  
There is a large setup violation of -1.343 ns between msemd/right_reg/C (clocked by sys_clk_pin) and vetrimodule/approxmd/linreg_plot/py2_reg[1]/CE (clocked by sys_clk_pin). Large setup violations at the end of those stages might be difficult to fix during the post-placement implementation flow and could be the result of non-optimal XDC constraints or non-optimal design architecture
Related violations: <none>

TIMING-16#216 Warning
Large setup violation  
There is a large setup violation of -1.343 ns between msemd/right_reg/C (clocked by sys_clk_pin) and vetrimodule/approxmd/linreg_plot/py2_reg[2]/CE (clocked by sys_clk_pin). Large setup violations at the end of those stages might be difficult to fix during the post-placement implementation flow and could be the result of non-optimal XDC constraints or non-optimal design architecture
Related violations: <none>

TIMING-16#217 Warning
Large setup violation  
There is a large setup violation of -1.343 ns between msemd/right_reg/C (clocked by sys_clk_pin) and vetrimodule/approxmd/linreg_plot/py2_reg[3]/CE (clocked by sys_clk_pin). Large setup violations at the end of those stages might be difficult to fix during the post-placement implementation flow and could be the result of non-optimal XDC constraints or non-optimal design architecture
Related violations: <none>

TIMING-16#218 Warning
Large setup violation  
There is a large setup violation of -1.343 ns between msemd/right_reg/C (clocked by sys_clk_pin) and vetrimodule/approxmd/linreg_plot/py2_reg[5]/CE (clocked by sys_clk_pin). Large setup violations at the end of those stages might be difficult to fix during the post-placement implementation flow and could be the result of non-optimal XDC constraints or non-optimal design architecture
Related violations: <none>

TIMING-16#219 Warning
Large setup violation  
There is a large setup violation of -1.343 ns between vetrimodule/plotmd/graph_mod/y2_offi_reg[14]/C (clocked by sys_clk_pin) and vetrimodule/plotmd/graph_mod/poly2_y_reg[46][1]/D (clocked by sys_clk_pin). Large setup violations at the end of those stages might be difficult to fix during the post-placement implementation flow and could be the result of non-optimal XDC constraints or non-optimal design architecture
Related violations: <none>

TIMING-16#220 Warning
Large setup violation  
There is a large setup violation of -1.345 ns between msemd/right_reg/C (clocked by sys_clk_pin) and vetrimodule/approxmd/linreg_plot/py2_reg[4]/CE (clocked by sys_clk_pin). Large setup violations at the end of those stages might be difficult to fix during the post-placement implementation flow and could be the result of non-optimal XDC constraints or non-optimal design architecture
Related violations: <none>

TIMING-16#221 Warning
Large setup violation  
There is a large setup violation of -1.345 ns between msemd/right_reg/C (clocked by sys_clk_pin) and vetrimodule/approxmd/linreg_plot/py2_reg[6]/CE (clocked by sys_clk_pin). Large setup violations at the end of those stages might be difficult to fix during the post-placement implementation flow and could be the result of non-optimal XDC constraints or non-optimal design architecture
Related violations: <none>

TIMING-16#222 Warning
Large setup violation  
There is a large setup violation of -1.345 ns between vetrimodule/plotmd/graph_mod/y2_offi_reg[14]/C (clocked by sys_clk_pin) and vetrimodule/plotmd/graph_mod/poly2_y_reg[50][14]/D (clocked by sys_clk_pin). Large setup violations at the end of those stages might be difficult to fix during the post-placement implementation flow and could be the result of non-optimal XDC constraints or non-optimal design architecture
Related violations: <none>

TIMING-16#223 Warning
Large setup violation  
There is a large setup violation of -1.345 ns between vetrimodule/plotmd/graph_mod/y2_offi_reg[14]/C (clocked by sys_clk_pin) and vetrimodule/plotmd/graph_mod/poly2_y_reg[69][6]/D (clocked by sys_clk_pin). Large setup violations at the end of those stages might be difficult to fix during the post-placement implementation flow and could be the result of non-optimal XDC constraints or non-optimal design architecture
Related violations: <none>

TIMING-16#224 Warning
Large setup violation  
There is a large setup violation of -1.346 ns between vetrimodule/plotmd/graph_mod/y2_offi_reg[14]/C (clocked by sys_clk_pin) and vetrimodule/plotmd/graph_mod/poly2_y_reg[39][3]/D (clocked by sys_clk_pin). Large setup violations at the end of those stages might be difficult to fix during the post-placement implementation flow and could be the result of non-optimal XDC constraints or non-optimal design architecture
Related violations: <none>

TIMING-16#225 Warning
Large setup violation  
There is a large setup violation of -1.349 ns between msemd/right_reg/C (clocked by sys_clk_pin) and vetrimodule/plotmd/graph_mod/poly1_y_reg[83][5]/CE (clocked by sys_clk_pin). Large setup violations at the end of those stages might be difficult to fix during the post-placement implementation flow and could be the result of non-optimal XDC constraints or non-optimal design architecture
Related violations: <none>

TIMING-16#226 Warning
Large setup violation  
There is a large setup violation of -1.349 ns between msemd/right_reg/C (clocked by sys_clk_pin) and vetrimodule/plotmd/graph_mod/poly2_y_reg[21][12]/CE (clocked by sys_clk_pin). Large setup violations at the end of those stages might be difficult to fix during the post-placement implementation flow and could be the result of non-optimal XDC constraints or non-optimal design architecture
Related violations: <none>

TIMING-16#227 Warning
Large setup violation  
There is a large setup violation of -1.349 ns between msemd/right_reg/C (clocked by sys_clk_pin) and vetrimodule/plotmd/graph_mod/poly2_y_reg[64][10]/CE (clocked by sys_clk_pin). Large setup violations at the end of those stages might be difficult to fix during the post-placement implementation flow and could be the result of non-optimal XDC constraints or non-optimal design architecture
Related violations: <none>

TIMING-16#228 Warning
Large setup violation  
There is a large setup violation of -1.350 ns between nicmodule/cursor_y_reg[1]/C (clocked by sys_clk_pin) and nicmodule/matSub_reg[0][1][0]/CE (clocked by sys_clk_pin). Large setup violations at the end of those stages might be difficult to fix during the post-placement implementation flow and could be the result of non-optimal XDC constraints or non-optimal design architecture
Related violations: <none>

TIMING-16#229 Warning
Large setup violation  
There is a large setup violation of -1.350 ns between nicmodule/cursor_y_reg[1]/C (clocked by sys_clk_pin) and nicmodule/matSub_reg[0][1][1]/CE (clocked by sys_clk_pin). Large setup violations at the end of those stages might be difficult to fix during the post-placement implementation flow and could be the result of non-optimal XDC constraints or non-optimal design architecture
Related violations: <none>

TIMING-16#230 Warning
Large setup violation  
There is a large setup violation of -1.350 ns between nicmodule/cursor_y_reg[1]/C (clocked by sys_clk_pin) and nicmodule/matSub_reg[0][1][2]/CE (clocked by sys_clk_pin). Large setup violations at the end of those stages might be difficult to fix during the post-placement implementation flow and could be the result of non-optimal XDC constraints or non-optimal design architecture
Related violations: <none>

TIMING-16#231 Warning
Large setup violation  
There is a large setup violation of -1.350 ns between nicmodule/cursor_y_reg[1]/C (clocked by sys_clk_pin) and nicmodule/matSub_reg[0][1][3]/CE (clocked by sys_clk_pin). Large setup violations at the end of those stages might be difficult to fix during the post-placement implementation flow and could be the result of non-optimal XDC constraints or non-optimal design architecture
Related violations: <none>

TIMING-16#232 Warning
Large setup violation  
There is a large setup violation of -1.355 ns between msemd/right_reg/C (clocked by sys_clk_pin) and vetrimodule/plotmd/graph_mod/poly1_y_reg[32][13]/CE (clocked by sys_clk_pin). Large setup violations at the end of those stages might be difficult to fix during the post-placement implementation flow and could be the result of non-optimal XDC constraints or non-optimal design architecture
Related violations: <none>

TIMING-16#233 Warning
Large setup violation  
There is a large setup violation of -1.355 ns between msemd/right_reg/C (clocked by sys_clk_pin) and vetrimodule/plotmd/graph_mod/poly1_y_reg[32][8]/CE (clocked by sys_clk_pin). Large setup violations at the end of those stages might be difficult to fix during the post-placement implementation flow and could be the result of non-optimal XDC constraints or non-optimal design architecture
Related violations: <none>

TIMING-16#234 Warning
Large setup violation  
There is a large setup violation of -1.355 ns between msemd/right_reg/C (clocked by sys_clk_pin) and vetrimodule/plotmd/graph_mod/poly2_y_reg[32][6]/CE (clocked by sys_clk_pin). Large setup violations at the end of those stages might be difficult to fix during the post-placement implementation flow and could be the result of non-optimal XDC constraints or non-optimal design architecture
Related violations: <none>

TIMING-16#235 Warning
Large setup violation  
There is a large setup violation of -1.360 ns between nicmodule/cursor_y_reg[5]/C (clocked by sys_clk_pin) and nicmodule/adj_reg[0][1][1]/R (clocked by sys_clk_pin). Large setup violations at the end of those stages might be difficult to fix during the post-placement implementation flow and could be the result of non-optimal XDC constraints or non-optimal design architecture
Related violations: <none>

TIMING-16#236 Warning
Large setup violation  
There is a large setup violation of -1.362 ns between msemd/right_reg/C (clocked by sys_clk_pin) and vetrimodule/plotmd/graph_mod/poly1_y_reg[37][10]/CE (clocked by sys_clk_pin). Large setup violations at the end of those stages might be difficult to fix during the post-placement implementation flow and could be the result of non-optimal XDC constraints or non-optimal design architecture
Related violations: <none>

TIMING-16#237 Warning
Large setup violation  
There is a large setup violation of -1.363 ns between vetrimodule/plotmd/graph_mod/y2_offi_reg[14]/C (clocked by sys_clk_pin) and vetrimodule/plotmd/graph_mod/poly2_y_reg[42][3]/D (clocked by sys_clk_pin). Large setup violations at the end of those stages might be difficult to fix during the post-placement implementation flow and could be the result of non-optimal XDC constraints or non-optimal design architecture
Related violations: <none>

TIMING-16#238 Warning
Large setup violation  
There is a large setup violation of -1.363 ns between vetrimodule/plotmd/graph_mod/y2_offi_reg[14]/C (clocked by sys_clk_pin) and vetrimodule/plotmd/graph_mod/poly2_y_reg[45][3]/D (clocked by sys_clk_pin). Large setup violations at the end of those stages might be difficult to fix during the post-placement implementation flow and could be the result of non-optimal XDC constraints or non-optimal design architecture
Related violations: <none>

TIMING-16#239 Warning
Large setup violation  
There is a large setup violation of -1.364 ns between vetrimodule/plotmd/graph_mod/y2_offi_reg[14]/C (clocked by sys_clk_pin) and vetrimodule/plotmd/graph_mod/poly2_y_reg[68][7]/D (clocked by sys_clk_pin). Large setup violations at the end of those stages might be difficult to fix during the post-placement implementation flow and could be the result of non-optimal XDC constraints or non-optimal design architecture
Related violations: <none>

TIMING-16#240 Warning
Large setup violation  
There is a large setup violation of -1.366 ns between nicmodule/cursor_y_reg[1]/C (clocked by sys_clk_pin) and nicmodule/matA_saved_reg[1][1][1]/CE (clocked by sys_clk_pin). Large setup violations at the end of those stages might be difficult to fix during the post-placement implementation flow and could be the result of non-optimal XDC constraints or non-optimal design architecture
Related violations: <none>

TIMING-16#241 Warning
Large setup violation  
There is a large setup violation of -1.368 ns between nicmodule/cursor_y_reg[1]/C (clocked by sys_clk_pin) and nicmodule/row_reg[0]/D (clocked by sys_clk_pin). Large setup violations at the end of those stages might be difficult to fix during the post-placement implementation flow and could be the result of non-optimal XDC constraints or non-optimal design architecture
Related violations: <none>

TIMING-16#242 Warning
Large setup violation  
There is a large setup violation of -1.368 ns between vetrimodule/plotmd/graph_mod/y2_offi_reg[14]/C (clocked by sys_clk_pin) and vetrimodule/plotmd/graph_mod/poly2_y_reg[31][7]/D (clocked by sys_clk_pin). Large setup violations at the end of those stages might be difficult to fix during the post-placement implementation flow and could be the result of non-optimal XDC constraints or non-optimal design architecture
Related violations: <none>

TIMING-16#243 Warning
Large setup violation  
There is a large setup violation of -1.369 ns between vetrimodule/plotmd/graph_mod/y2_offi_reg[14]/C (clocked by sys_clk_pin) and vetrimodule/plotmd/graph_mod/poly2_y_reg[70][1]/D (clocked by sys_clk_pin). Large setup violations at the end of those stages might be difficult to fix during the post-placement implementation flow and could be the result of non-optimal XDC constraints or non-optimal design architecture
Related violations: <none>

TIMING-16#244 Warning
Large setup violation  
There is a large setup violation of -1.370 ns between msemd/xpos_reg[6]/C (clocked by sys_clk_pin) and main_menu_inst/selected_box_reg[0]/D (clocked by sys_clk_pin). Large setup violations at the end of those stages might be difficult to fix during the post-placement implementation flow and could be the result of non-optimal XDC constraints or non-optimal design architecture
Related violations: <none>

TIMING-16#245 Warning
Large setup violation  
There is a large setup violation of -1.375 ns between vetrimodule/plotmd/graph_mod/y2_offi_reg[14]/C (clocked by sys_clk_pin) and vetrimodule/plotmd/graph_mod/poly2_y_reg[73][8]/D (clocked by sys_clk_pin). Large setup violations at the end of those stages might be difficult to fix during the post-placement implementation flow and could be the result of non-optimal XDC constraints or non-optimal design architecture
Related violations: <none>

TIMING-16#246 Warning
Large setup violation  
There is a large setup violation of -1.382 ns between vetrimodule/plotmd/graph_mod/y2_offi_reg[14]/C (clocked by sys_clk_pin) and vetrimodule/plotmd/graph_mod/poly2_y_reg[72][9]/D (clocked by sys_clk_pin). Large setup violations at the end of those stages might be difficult to fix during the post-placement implementation flow and could be the result of non-optimal XDC constraints or non-optimal design architecture
Related violations: <none>

TIMING-16#247 Warning
Large setup violation  
There is a large setup violation of -1.388 ns between vetrimodule/plotmd/graph_mod/y2_offi_reg[14]/C (clocked by sys_clk_pin) and vetrimodule/plotmd/graph_mod/poly2_y_reg[33][2]/D (clocked by sys_clk_pin). Large setup violations at the end of those stages might be difficult to fix during the post-placement implementation flow and could be the result of non-optimal XDC constraints or non-optimal design architecture
Related violations: <none>

TIMING-16#248 Warning
Large setup violation  
There is a large setup violation of -1.390 ns between msemd/right_reg/C (clocked by sys_clk_pin) and vetrimodule/plotmd/graph_mod/poly1_y_reg[12][10]/CE (clocked by sys_clk_pin). Large setup violations at the end of those stages might be difficult to fix during the post-placement implementation flow and could be the result of non-optimal XDC constraints or non-optimal design architecture
Related violations: <none>

TIMING-16#249 Warning
Large setup violation  
There is a large setup violation of -1.390 ns between msemd/right_reg/C (clocked by sys_clk_pin) and vetrimodule/plotmd/graph_mod/poly1_y_reg[12][7]/CE (clocked by sys_clk_pin). Large setup violations at the end of those stages might be difficult to fix during the post-placement implementation flow and could be the result of non-optimal XDC constraints or non-optimal design architecture
Related violations: <none>

TIMING-16#250 Warning
Large setup violation  
There is a large setup violation of -1.390 ns between msemd/right_reg/C (clocked by sys_clk_pin) and vetrimodule/plotmd/graph_mod/poly2_y_reg[12][8]/CE (clocked by sys_clk_pin). Large setup violations at the end of those stages might be difficult to fix during the post-placement implementation flow and could be the result of non-optimal XDC constraints or non-optimal design architecture
Related violations: <none>

TIMING-16#251 Warning
Large setup violation  
There is a large setup violation of -1.390 ns between vetrimodule/plotmd/graph_mod/z_num_reg[2]/C (clocked by sys_clk_pin) and vetrimodule/plotmd/graph_mod/k2_00/A[6] (clocked by sys_clk_pin). Large setup violations at the end of those stages might be difficult to fix during the post-placement implementation flow and could be the result of non-optimal XDC constraints or non-optimal design architecture
Related violations: <none>

TIMING-16#252 Warning
Large setup violation  
There is a large setup violation of -1.392 ns between nicmodule/cursor_y_reg[4]/C (clocked by sys_clk_pin) and nicmodule/matB_reg[1][0][3]/CE (clocked by sys_clk_pin). Large setup violations at the end of those stages might be difficult to fix during the post-placement implementation flow and could be the result of non-optimal XDC constraints or non-optimal design architecture
Related violations: <none>

TIMING-16#253 Warning
Large setup violation  
There is a large setup violation of -1.392 ns between nicmodule/cursor_y_reg[4]/C (clocked by sys_clk_pin) and nicmodule/matB_reg[1][0][5]/CE (clocked by sys_clk_pin). Large setup violations at the end of those stages might be difficult to fix during the post-placement implementation flow and could be the result of non-optimal XDC constraints or non-optimal design architecture
Related violations: <none>

TIMING-16#254 Warning
Large setup violation  
There is a large setup violation of -1.392 ns between vetrimodule/plotmd/graph_mod/y2_offi_reg[14]/C (clocked by sys_clk_pin) and vetrimodule/plotmd/graph_mod/poly2_y_reg[68][9]/D (clocked by sys_clk_pin). Large setup violations at the end of those stages might be difficult to fix during the post-placement implementation flow and could be the result of non-optimal XDC constraints or non-optimal design architecture
Related violations: <none>

TIMING-16#255 Warning
Large setup violation  
There is a large setup violation of -1.393 ns between nicmodule/cursor_y_reg[1]/C (clocked by sys_clk_pin) and nicmodule/matMul_reg[0][1][0]/CE (clocked by sys_clk_pin). Large setup violations at the end of those stages might be difficult to fix during the post-placement implementation flow and could be the result of non-optimal XDC constraints or non-optimal design architecture
Related violations: <none>

TIMING-16#256 Warning
Large setup violation  
There is a large setup violation of -1.393 ns between nicmodule/cursor_y_reg[1]/C (clocked by sys_clk_pin) and nicmodule/matMul_reg[0][1][1]/CE (clocked by sys_clk_pin). Large setup violations at the end of those stages might be difficult to fix during the post-placement implementation flow and could be the result of non-optimal XDC constraints or non-optimal design architecture
Related violations: <none>

TIMING-16#257 Warning
Large setup violation  
There is a large setup violation of -1.393 ns between nicmodule/cursor_y_reg[1]/C (clocked by sys_clk_pin) and nicmodule/matMul_reg[0][1][2]/CE (clocked by sys_clk_pin). Large setup violations at the end of those stages might be difficult to fix during the post-placement implementation flow and could be the result of non-optimal XDC constraints or non-optimal design architecture
Related violations: <none>

TIMING-16#258 Warning
Large setup violation  
There is a large setup violation of -1.393 ns between nicmodule/cursor_y_reg[1]/C (clocked by sys_clk_pin) and nicmodule/matMul_reg[0][1][3]/CE (clocked by sys_clk_pin). Large setup violations at the end of those stages might be difficult to fix during the post-placement implementation flow and could be the result of non-optimal XDC constraints or non-optimal design architecture
Related violations: <none>

TIMING-16#259 Warning
Large setup violation  
There is a large setup violation of -1.404 ns between vetrimodule/plotmd/graph_mod/z_num_reg[2]/C (clocked by sys_clk_pin) and vetrimodule/plotmd/graph_mod/k2_00/A[18] (clocked by sys_clk_pin). Large setup violations at the end of those stages might be difficult to fix during the post-placement implementation flow and could be the result of non-optimal XDC constraints or non-optimal design architecture
Related violations: <none>

TIMING-16#260 Warning
Large setup violation  
There is a large setup violation of -1.411 ns between vetrimodule/plotmd/graph_mod/y2_offi_reg[14]/C (clocked by sys_clk_pin) and vetrimodule/plotmd/graph_mod/poly2_y_reg[64][3]/D (clocked by sys_clk_pin). Large setup violations at the end of those stages might be difficult to fix during the post-placement implementation flow and could be the result of non-optimal XDC constraints or non-optimal design architecture
Related violations: <none>

TIMING-16#261 Warning
Large setup violation  
There is a large setup violation of -1.415 ns between vetrimodule/plotmd/graph_mod/y2_offi_reg[14]/C (clocked by sys_clk_pin) and vetrimodule/plotmd/graph_mod/poly2_y_reg[45][13]/D (clocked by sys_clk_pin). Large setup violations at the end of those stages might be difficult to fix during the post-placement implementation flow and could be the result of non-optimal XDC constraints or non-optimal design architecture
Related violations: <none>

TIMING-16#262 Warning
Large setup violation  
There is a large setup violation of -1.417 ns between vetrimodule/plotmd/graph_mod/y2_offi_reg[14]/C (clocked by sys_clk_pin) and vetrimodule/plotmd/graph_mod/poly2_y_reg[53][1]/D (clocked by sys_clk_pin). Large setup violations at the end of those stages might be difficult to fix during the post-placement implementation flow and could be the result of non-optimal XDC constraints or non-optimal design architecture
Related violations: <none>

TIMING-16#263 Warning
Large setup violation  
There is a large setup violation of -1.423 ns between nicmodule/cursor_y_reg[5]/C (clocked by sys_clk_pin) and nicmodule/adj_reg[1][1][1]/R (clocked by sys_clk_pin). Large setup violations at the end of those stages might be difficult to fix during the post-placement implementation flow and could be the result of non-optimal XDC constraints or non-optimal design architecture
Related violations: <none>

TIMING-16#264 Warning
Large setup violation  
There is a large setup violation of -1.423 ns between nicmodule/cursor_y_reg[5]/C (clocked by sys_clk_pin) and nicmodule/adj_reg[1][1][4]/R (clocked by sys_clk_pin). Large setup violations at the end of those stages might be difficult to fix during the post-placement implementation flow and could be the result of non-optimal XDC constraints or non-optimal design architecture
Related violations: <none>

TIMING-16#265 Warning
Large setup violation  
There is a large setup violation of -1.424 ns between nicmodule/cursor_y_reg[1]/C (clocked by sys_clk_pin) and nicmodule/matMul_reg[1][1][0]/R (clocked by sys_clk_pin). Large setup violations at the end of those stages might be difficult to fix during the post-placement implementation flow and could be the result of non-optimal XDC constraints or non-optimal design architecture
Related violations: <none>

TIMING-16#266 Warning
Large setup violation  
There is a large setup violation of -1.424 ns between nicmodule/cursor_y_reg[1]/C (clocked by sys_clk_pin) and nicmodule/matMul_reg[1][1][1]/R (clocked by sys_clk_pin). Large setup violations at the end of those stages might be difficult to fix during the post-placement implementation flow and could be the result of non-optimal XDC constraints or non-optimal design architecture
Related violations: <none>

TIMING-16#267 Warning
Large setup violation  
There is a large setup violation of -1.424 ns between nicmodule/cursor_y_reg[1]/C (clocked by sys_clk_pin) and nicmodule/matMul_reg[1][1][2]/R (clocked by sys_clk_pin). Large setup violations at the end of those stages might be difficult to fix during the post-placement implementation flow and could be the result of non-optimal XDC constraints or non-optimal design architecture
Related violations: <none>

TIMING-16#268 Warning
Large setup violation  
There is a large setup violation of -1.424 ns between nicmodule/cursor_y_reg[1]/C (clocked by sys_clk_pin) and nicmodule/matMul_reg[1][1][3]/R (clocked by sys_clk_pin). Large setup violations at the end of those stages might be difficult to fix during the post-placement implementation flow and could be the result of non-optimal XDC constraints or non-optimal design architecture
Related violations: <none>

TIMING-16#269 Warning
Large setup violation  
There is a large setup violation of -1.428 ns between vetrimodule/plotmd/graph_mod/z_num_reg[2]/C (clocked by sys_clk_pin) and vetrimodule/plotmd/graph_mod/k2_00/A[7] (clocked by sys_clk_pin). Large setup violations at the end of those stages might be difficult to fix during the post-placement implementation flow and could be the result of non-optimal XDC constraints or non-optimal design architecture
Related violations: <none>

TIMING-16#270 Warning
Large setup violation  
There is a large setup violation of -1.430 ns between vetrimodule/plotmd/graph_mod/y2_offi_reg[14]/C (clocked by sys_clk_pin) and vetrimodule/plotmd/graph_mod/poly2_y_reg[18][10]/D (clocked by sys_clk_pin). Large setup violations at the end of those stages might be difficult to fix during the post-placement implementation flow and could be the result of non-optimal XDC constraints or non-optimal design architecture
Related violations: <none>

TIMING-16#271 Warning
Large setup violation  
There is a large setup violation of -1.439 ns between nicmodule/acc_mag_reg[0]/C (clocked by sys_clk_pin) and nicmodule/matMul_reg[1][1][3]/D (clocked by sys_clk_pin). Large setup violations at the end of those stages might be difficult to fix during the post-placement implementation flow and could be the result of non-optimal XDC constraints or non-optimal design architecture
Related violations: <none>

TIMING-16#272 Warning
Large setup violation  
There is a large setup violation of -1.439 ns between vetrimodule/plotmd/graph_mod/z_num_reg[2]/C (clocked by sys_clk_pin) and vetrimodule/plotmd/graph_mod/k2_00/A[0] (clocked by sys_clk_pin). Large setup violations at the end of those stages might be difficult to fix during the post-placement implementation flow and could be the result of non-optimal XDC constraints or non-optimal design architecture
Related violations: <none>

TIMING-16#273 Warning
Large setup violation  
There is a large setup violation of -1.443 ns between vetrimodule/plotmd/graph_mod/y2_offi_reg[14]/C (clocked by sys_clk_pin) and vetrimodule/plotmd/graph_mod/poly2_y_reg[5][2]/D (clocked by sys_clk_pin). Large setup violations at the end of those stages might be difficult to fix during the post-placement implementation flow and could be the result of non-optimal XDC constraints or non-optimal design architecture
Related violations: <none>

TIMING-16#274 Warning
Large setup violation  
There is a large setup violation of -1.444 ns between vetrimodule/plotmd/graph_mod/y2_offi_reg[14]/C (clocked by sys_clk_pin) and vetrimodule/plotmd/graph_mod/poly2_y_reg[43][1]/D (clocked by sys_clk_pin). Large setup violations at the end of those stages might be difficult to fix during the post-placement implementation flow and could be the result of non-optimal XDC constraints or non-optimal design architecture
Related violations: <none>

TIMING-16#275 Warning
Large setup violation  
There is a large setup violation of -1.444 ns between vetrimodule/plotmd/graph_mod/z_num_reg[2]/C (clocked by sys_clk_pin) and vetrimodule/plotmd/graph_mod/k1_00/A[10] (clocked by sys_clk_pin). Large setup violations at the end of those stages might be difficult to fix during the post-placement implementation flow and could be the result of non-optimal XDC constraints or non-optimal design architecture
Related violations: <none>

TIMING-16#276 Warning
Large setup violation  
There is a large setup violation of -1.445 ns between vetrimodule/plotmd/graph_mod/y2_offi_reg[14]/C (clocked by sys_clk_pin) and vetrimodule/plotmd/graph_mod/poly2_y_reg[34][1]/D (clocked by sys_clk_pin). Large setup violations at the end of those stages might be difficult to fix during the post-placement implementation flow and could be the result of non-optimal XDC constraints or non-optimal design architecture
Related violations: <none>

TIMING-16#277 Warning
Large setup violation  
There is a large setup violation of -1.449 ns between vetrimodule/plotmd/graph_mod/y2_offi_reg[14]/C (clocked by sys_clk_pin) and vetrimodule/plotmd/graph_mod/poly2_y_reg[23][15]/D (clocked by sys_clk_pin). Large setup violations at the end of those stages might be difficult to fix during the post-placement implementation flow and could be the result of non-optimal XDC constraints or non-optimal design architecture
Related violations: <none>

TIMING-16#278 Warning
Large setup violation  
There is a large setup violation of -1.452 ns between nicmodule/cursor_y_reg[5]/C (clocked by sys_clk_pin) and nicmodule/matA_reg[1][0][0]/CE (clocked by sys_clk_pin). Large setup violations at the end of those stages might be difficult to fix during the post-placement implementation flow and could be the result of non-optimal XDC constraints or non-optimal design architecture
Related violations: <none>

TIMING-16#279 Warning
Large setup violation  
There is a large setup violation of -1.452 ns between vetrimodule/plotmd/graph_mod/y2_offi_reg[14]/C (clocked by sys_clk_pin) and vetrimodule/plotmd/graph_mod/poly2_y_reg[37][1]/D (clocked by sys_clk_pin). Large setup violations at the end of those stages might be difficult to fix during the post-placement implementation flow and could be the result of non-optimal XDC constraints or non-optimal design architecture
Related violations: <none>

TIMING-16#280 Warning
Large setup violation  
There is a large setup violation of -1.453 ns between nicmodule/cursor_y_reg[4]/C (clocked by sys_clk_pin) and nicmodule/matA_reg[0][0][1]/D (clocked by sys_clk_pin). Large setup violations at the end of those stages might be difficult to fix during the post-placement implementation flow and could be the result of non-optimal XDC constraints or non-optimal design architecture
Related violations: <none>

TIMING-16#281 Warning
Large setup violation  
There is a large setup violation of -1.459 ns between vetrimodule/plotmd/graph_mod/y2_offi_reg[14]/C (clocked by sys_clk_pin) and vetrimodule/plotmd/graph_mod/poly2_y_reg[47][15]/D (clocked by sys_clk_pin). Large setup violations at the end of those stages might be difficult to fix during the post-placement implementation flow and could be the result of non-optimal XDC constraints or non-optimal design architecture
Related violations: <none>

TIMING-16#282 Warning
Large setup violation  
There is a large setup violation of -1.461 ns between vetrimodule/plotmd/graph_mod/y2_offi_reg[14]/C (clocked by sys_clk_pin) and vetrimodule/plotmd/graph_mod/poly2_y_reg[66][7]/D (clocked by sys_clk_pin). Large setup violations at the end of those stages might be difficult to fix during the post-placement implementation flow and could be the result of non-optimal XDC constraints or non-optimal design architecture
Related violations: <none>

TIMING-16#283 Warning
Large setup violation  
There is a large setup violation of -1.463 ns between nicmodule/acc_cnt_reg[1]/C (clocked by sys_clk_pin) and nicmodule/det_val_reg[4]/D (clocked by sys_clk_pin). Large setup violations at the end of those stages might be difficult to fix during the post-placement implementation flow and could be the result of non-optimal XDC constraints or non-optimal design architecture
Related violations: <none>

TIMING-16#284 Warning
Large setup violation  
There is a large setup violation of -1.468 ns between vetrimodule/plotmd/graph_mod/y2_offi_reg[14]/C (clocked by sys_clk_pin) and vetrimodule/plotmd/graph_mod/poly2_y_reg[24][6]/D (clocked by sys_clk_pin). Large setup violations at the end of those stages might be difficult to fix during the post-placement implementation flow and could be the result of non-optimal XDC constraints or non-optimal design architecture
Related violations: <none>

TIMING-16#285 Warning
Large setup violation  
There is a large setup violation of -1.469 ns between vetrimodule/plotmd/graph_mod/y2_offi_reg[14]/C (clocked by sys_clk_pin) and vetrimodule/plotmd/graph_mod/poly2_y_reg[25][2]/D (clocked by sys_clk_pin). Large setup violations at the end of those stages might be difficult to fix during the post-placement implementation flow and could be the result of non-optimal XDC constraints or non-optimal design architecture
Related violations: <none>

TIMING-16#286 Warning
Large setup violation  
There is a large setup violation of -1.471 ns between nicmodule/cursor_y_reg[5]/C (clocked by sys_clk_pin) and nicmodule/matA_reg[1][0][2]/CE (clocked by sys_clk_pin). Large setup violations at the end of those stages might be difficult to fix during the post-placement implementation flow and could be the result of non-optimal XDC constraints or non-optimal design architecture
Related violations: <none>

TIMING-16#287 Warning
Large setup violation  
There is a large setup violation of -1.471 ns between nicmodule/cursor_y_reg[5]/C (clocked by sys_clk_pin) and nicmodule/matA_reg[1][0][3]/CE (clocked by sys_clk_pin). Large setup violations at the end of those stages might be difficult to fix during the post-placement implementation flow and could be the result of non-optimal XDC constraints or non-optimal design architecture
Related violations: <none>

TIMING-16#288 Warning
Large setup violation  
There is a large setup violation of -1.472 ns between nicmodule/cursor_y_reg[5]/C (clocked by sys_clk_pin) and nicmodule/matB_reg[0][1][5]/D (clocked by sys_clk_pin). Large setup violations at the end of those stages might be difficult to fix during the post-placement implementation flow and could be the result of non-optimal XDC constraints or non-optimal design architecture
Related violations: <none>

TIMING-16#289 Warning
Large setup violation  
There is a large setup violation of -1.472 ns between vetrimodule/plotmd/graph_mod/y2_offi_reg[14]/C (clocked by sys_clk_pin) and vetrimodule/plotmd/graph_mod/poly2_y_reg[25][6]/D (clocked by sys_clk_pin). Large setup violations at the end of those stages might be difficult to fix during the post-placement implementation flow and could be the result of non-optimal XDC constraints or non-optimal design architecture
Related violations: <none>

TIMING-16#290 Warning
Large setup violation  
There is a large setup violation of -1.474 ns between nicmodule/cursor_y_reg[5]/C (clocked by sys_clk_pin) and nicmodule/matB_reg[0][1][2]/D (clocked by sys_clk_pin). Large setup violations at the end of those stages might be difficult to fix during the post-placement implementation flow and could be the result of non-optimal XDC constraints or non-optimal design architecture
Related violations: <none>

TIMING-16#291 Warning
Large setup violation  
There is a large setup violation of -1.475 ns between vetrimodule/plotmd/graph_mod/y2_offi_reg[14]/C (clocked by sys_clk_pin) and vetrimodule/plotmd/graph_mod/poly2_y_reg[32][6]/D (clocked by sys_clk_pin). Large setup violations at the end of those stages might be difficult to fix during the post-placement implementation flow and could be the result of non-optimal XDC constraints or non-optimal design architecture
Related violations: <none>

TIMING-16#292 Warning
Large setup violation  
There is a large setup violation of -1.478 ns between nicmodule/cursor_y_reg[4]/C (clocked by sys_clk_pin) and nicmodule/acc_cnt_reg[1]/D (clocked by sys_clk_pin). Large setup violations at the end of those stages might be difficult to fix during the post-placement implementation flow and could be the result of non-optimal XDC constraints or non-optimal design architecture
Related violations: <none>

TIMING-16#293 Warning
Large setup violation  
There is a large setup violation of -1.479 ns between vetrimodule/plotmd/graph_mod/y2_offi_reg[14]/C (clocked by sys_clk_pin) and vetrimodule/plotmd/graph_mod/poly2_y_reg[73][7]/D (clocked by sys_clk_pin). Large setup violations at the end of those stages might be difficult to fix during the post-placement implementation flow and could be the result of non-optimal XDC constraints or non-optimal design architecture
Related violations: <none>

TIMING-16#294 Warning
Large setup violation  
There is a large setup violation of -1.479 ns between vetrimodule/plotmd/graph_mod/y2_offi_reg[14]/C (clocked by sys_clk_pin) and vetrimodule/plotmd/graph_mod/poly2_y_reg[74][7]/D (clocked by sys_clk_pin). Large setup violations at the end of those stages might be difficult to fix during the post-placement implementation flow and could be the result of non-optimal XDC constraints or non-optimal design architecture
Related violations: <none>

TIMING-16#295 Warning
Large setup violation  
There is a large setup violation of -1.484 ns between vetrimodule/plotmd/graph_mod/y2_offi_reg[14]/C (clocked by sys_clk_pin) and vetrimodule/plotmd/graph_mod/poly2_y_reg[20][2]/D (clocked by sys_clk_pin). Large setup violations at the end of those stages might be difficult to fix during the post-placement implementation flow and could be the result of non-optimal XDC constraints or non-optimal design architecture
Related violations: <none>

TIMING-16#296 Warning
Large setup violation  
There is a large setup violation of -1.486 ns between vetrimodule/plotmd/graph_mod/y2_offi_reg[14]/C (clocked by sys_clk_pin) and vetrimodule/plotmd/graph_mod/poly2_y_reg[20][6]/D (clocked by sys_clk_pin). Large setup violations at the end of those stages might be difficult to fix during the post-placement implementation flow and could be the result of non-optimal XDC constraints or non-optimal design architecture
Related violations: <none>

TIMING-16#297 Warning
Large setup violation  
There is a large setup violation of -1.489 ns between msemd/right_reg/C (clocked by sys_clk_pin) and vetrimodule/plotmd/graph_mod/poly1_y_reg[20][4]/CE (clocked by sys_clk_pin). Large setup violations at the end of those stages might be difficult to fix during the post-placement implementation flow and could be the result of non-optimal XDC constraints or non-optimal design architecture
Related violations: <none>

TIMING-16#298 Warning
Large setup violation  
There is a large setup violation of -1.489 ns between msemd/right_reg/C (clocked by sys_clk_pin) and vetrimodule/plotmd/graph_mod/poly2_y_reg[20][0]/CE (clocked by sys_clk_pin). Large setup violations at the end of those stages might be difficult to fix during the post-placement implementation flow and could be the result of non-optimal XDC constraints or non-optimal design architecture
Related violations: <none>

TIMING-16#299 Warning
Large setup violation  
There is a large setup violation of -1.489 ns between msemd/right_reg/C (clocked by sys_clk_pin) and vetrimodule/plotmd/graph_mod/poly2_y_reg[20][4]/CE (clocked by sys_clk_pin). Large setup violations at the end of those stages might be difficult to fix during the post-placement implementation flow and could be the result of non-optimal XDC constraints or non-optimal design architecture
Related violations: <none>

TIMING-16#300 Warning
Large setup violation  
There is a large setup violation of -1.489 ns between vetrimodule/plotmd/graph_mod/y2_offi_reg[14]/C (clocked by sys_clk_pin) and vetrimodule/plotmd/graph_mod/poly2_y_reg[64][7]/D (clocked by sys_clk_pin). Large setup violations at the end of those stages might be difficult to fix during the post-placement implementation flow and could be the result of non-optimal XDC constraints or non-optimal design architecture
Related violations: <none>

TIMING-16#301 Warning
Large setup violation  
There is a large setup violation of -1.495 ns between vetrimodule/plotmd/graph_mod/y2_offi_reg[14]/C (clocked by sys_clk_pin) and vetrimodule/plotmd/graph_mod/poly2_y_reg[48][3]/D (clocked by sys_clk_pin). Large setup violations at the end of those stages might be difficult to fix during the post-placement implementation flow and could be the result of non-optimal XDC constraints or non-optimal design architecture
Related violations: <none>

TIMING-16#302 Warning
Large setup violation  
There is a large setup violation of -1.496 ns between vetrimodule/plotmd/graph_mod/y2_offi_reg[14]/C (clocked by sys_clk_pin) and vetrimodule/plotmd/graph_mod/poly2_y_reg[2][2]/D (clocked by sys_clk_pin). Large setup violations at the end of those stages might be difficult to fix during the post-placement implementation flow and could be the result of non-optimal XDC constraints or non-optimal design architecture
Related violations: <none>

TIMING-16#303 Warning
Large setup violation  
There is a large setup violation of -1.498 ns between nicmodule/cursor_y_reg[4]/C (clocked by sys_clk_pin) and nicmodule/acc_cnt_reg[0]/D (clocked by sys_clk_pin). Large setup violations at the end of those stages might be difficult to fix during the post-placement implementation flow and could be the result of non-optimal XDC constraints or non-optimal design architecture
Related violations: <none>

TIMING-16#304 Warning
Large setup violation  
There is a large setup violation of -1.499 ns between vetrimodule/plotmd/graph_mod/y2_offi_reg[14]/C (clocked by sys_clk_pin) and vetrimodule/plotmd/graph_mod/poly2_y_reg[55][8]/D (clocked by sys_clk_pin). Large setup violations at the end of those stages might be difficult to fix during the post-placement implementation flow and could be the result of non-optimal XDC constraints or non-optimal design architecture
Related violations: <none>

TIMING-16#305 Warning
Large setup violation  
There is a large setup violation of -1.500 ns between msemd/right_reg/C (clocked by sys_clk_pin) and vetrimodule/approxmd/linreg_plot/py1_reg[0]/CE (clocked by sys_clk_pin). Large setup violations at the end of those stages might be difficult to fix during the post-placement implementation flow and could be the result of non-optimal XDC constraints or non-optimal design architecture
Related violations: <none>

TIMING-16#306 Warning
Large setup violation  
There is a large setup violation of -1.502 ns between vetrimodule/approxmd/linreg_plot/sum_x_reg[1]/C (clocked by sys_clk_pin) and vetrimodule/approxmd/linreg_plot/temp1_reg[9]/D (clocked by sys_clk_pin). Large setup violations at the end of those stages might be difficult to fix during the post-placement implementation flow and could be the result of non-optimal XDC constraints or non-optimal design architecture
Related violations: <none>

TIMING-16#307 Warning
Large setup violation  
There is a large setup violation of -1.503 ns between vetrimodule/plotmd/graph_mod/y2_offi_reg[14]/C (clocked by sys_clk_pin) and vetrimodule/plotmd/graph_mod/poly2_y_reg[30][7]/D (clocked by sys_clk_pin). Large setup violations at the end of those stages might be difficult to fix during the post-placement implementation flow and could be the result of non-optimal XDC constraints or non-optimal design architecture
Related violations: <none>

TIMING-16#308 Warning
Large setup violation  
There is a large setup violation of -1.503 ns between vetrimodule/plotmd/graph_mod/y2_offi_reg[14]/C (clocked by sys_clk_pin) and vetrimodule/plotmd/graph_mod/poly2_y_reg[59][1]/D (clocked by sys_clk_pin). Large setup violations at the end of those stages might be difficult to fix during the post-placement implementation flow and could be the result of non-optimal XDC constraints or non-optimal design architecture
Related violations: <none>

TIMING-16#309 Warning
Large setup violation  
There is a large setup violation of -1.504 ns between vetrimodule/plotmd/graph_mod/y2_offi_reg[14]/C (clocked by sys_clk_pin) and vetrimodule/plotmd/graph_mod/poly2_y_reg[32][9]/D (clocked by sys_clk_pin). Large setup violations at the end of those stages might be difficult to fix during the post-placement implementation flow and could be the result of non-optimal XDC constraints or non-optimal design architecture
Related violations: <none>

TIMING-16#310 Warning
Large setup violation  
There is a large setup violation of -1.511 ns between nicmodule/cursor_y_reg[4]/C (clocked by sys_clk_pin) and nicmodule/matB_reg[0][0][2]/D (clocked by sys_clk_pin). Large setup violations at the end of those stages might be difficult to fix during the post-placement implementation flow and could be the result of non-optimal XDC constraints or non-optimal design architecture
Related violations: <none>

TIMING-16#311 Warning
Large setup violation  
There is a large setup violation of -1.515 ns between nicmodule/cursor_y_reg[5]/C (clocked by sys_clk_pin) and nicmodule/matA_reg[0][0][2]/D (clocked by sys_clk_pin). Large setup violations at the end of those stages might be difficult to fix during the post-placement implementation flow and could be the result of non-optimal XDC constraints or non-optimal design architecture
Related violations: <none>

TIMING-16#312 Warning
Large setup violation  
There is a large setup violation of -1.515 ns between vetrimodule/plotmd/graph_mod/y2_offi_reg[14]/C (clocked by sys_clk_pin) and vetrimodule/plotmd/graph_mod/poly2_y_reg[34][3]/D (clocked by sys_clk_pin). Large setup violations at the end of those stages might be difficult to fix during the post-placement implementation flow and could be the result of non-optimal XDC constraints or non-optimal design architecture
Related violations: <none>

TIMING-16#313 Warning
Large setup violation  
There is a large setup violation of -1.516 ns between msemd/right_reg/C (clocked by sys_clk_pin) and vetrimodule/plotmd/graph_mod/poly1_y_reg[76][10]/CE (clocked by sys_clk_pin). Large setup violations at the end of those stages might be difficult to fix during the post-placement implementation flow and could be the result of non-optimal XDC constraints or non-optimal design architecture
Related violations: <none>

TIMING-16#314 Warning
Large setup violation  
There is a large setup violation of -1.518 ns between msemd/right_reg/C (clocked by sys_clk_pin) and vetrimodule/plotmd/graph_mod/poly2_y_reg[65][11]/CE (clocked by sys_clk_pin). Large setup violations at the end of those stages might be difficult to fix during the post-placement implementation flow and could be the result of non-optimal XDC constraints or non-optimal design architecture
Related violations: <none>

TIMING-16#315 Warning
Large setup violation  
There is a large setup violation of -1.518 ns between nicmodule/cursor_y_reg[5]/C (clocked by sys_clk_pin) and nicmodule/adj_reg[1][1][10]/R (clocked by sys_clk_pin). Large setup violations at the end of those stages might be difficult to fix during the post-placement implementation flow and could be the result of non-optimal XDC constraints or non-optimal design architecture
Related violations: <none>

TIMING-16#316 Warning
Large setup violation  
There is a large setup violation of -1.524 ns between vetrimodule/plotmd/graph_mod/y2_offi_reg[14]/C (clocked by sys_clk_pin) and vetrimodule/plotmd/graph_mod/poly2_y_reg[35][3]/D (clocked by sys_clk_pin). Large setup violations at the end of those stages might be difficult to fix during the post-placement implementation flow and could be the result of non-optimal XDC constraints or non-optimal design architecture
Related violations: <none>

TIMING-16#317 Warning
Large setup violation  
There is a large setup violation of -1.524 ns between vetrimodule/plotmd/graph_mod/y2_offi_reg[14]/C (clocked by sys_clk_pin) and vetrimodule/plotmd/graph_mod/poly2_y_reg[69][9]/D (clocked by sys_clk_pin). Large setup violations at the end of those stages might be difficult to fix during the post-placement implementation flow and could be the result of non-optimal XDC constraints or non-optimal design architecture
Related violations: <none>

TIMING-16#318 Warning
Large setup violation  
There is a large setup violation of -1.528 ns between vetrimodule/plotmd/graph_mod/y2_offi_reg[14]/C (clocked by sys_clk_pin) and vetrimodule/plotmd/graph_mod/poly2_y_reg[52][3]/D (clocked by sys_clk_pin). Large setup violations at the end of those stages might be difficult to fix during the post-placement implementation flow and could be the result of non-optimal XDC constraints or non-optimal design architecture
Related violations: <none>

TIMING-16#319 Warning
Large setup violation  
There is a large setup violation of -1.531 ns between vetrimodule/plotmd/graph_mod/y2_offi_reg[14]/C (clocked by sys_clk_pin) and vetrimodule/plotmd/graph_mod/poly2_y_reg[17][2]/D (clocked by sys_clk_pin). Large setup violations at the end of those stages might be difficult to fix during the post-placement implementation flow and could be the result of non-optimal XDC constraints or non-optimal design architecture
Related violations: <none>

TIMING-16#320 Warning
Large setup violation  
There is a large setup violation of -1.531 ns between vetrimodule/plotmd/graph_mod/z_num_reg[2]/C (clocked by sys_clk_pin) and vetrimodule/plotmd/graph_mod/k2_00/A[2] (clocked by sys_clk_pin). Large setup violations at the end of those stages might be difficult to fix during the post-placement implementation flow and could be the result of non-optimal XDC constraints or non-optimal design architecture
Related violations: <none>

TIMING-16#321 Warning
Large setup violation  
There is a large setup violation of -1.532 ns between vetrimodule/plotmd/graph_mod/y2_offi_reg[14]/C (clocked by sys_clk_pin) and vetrimodule/plotmd/graph_mod/poly2_y_reg[65][9]/D (clocked by sys_clk_pin). Large setup violations at the end of those stages might be difficult to fix during the post-placement implementation flow and could be the result of non-optimal XDC constraints or non-optimal design architecture
Related violations: <none>

TIMING-16#322 Warning
Large setup violation  
There is a large setup violation of -1.534 ns between msemd/right_reg/C (clocked by sys_clk_pin) and vetrimodule/plotmd/graph_mod/poly1_y_reg[91][10]/CE (clocked by sys_clk_pin). Large setup violations at the end of those stages might be difficult to fix during the post-placement implementation flow and could be the result of non-optimal XDC constraints or non-optimal design architecture
Related violations: <none>

TIMING-16#323 Warning
Large setup violation  
There is a large setup violation of -1.534 ns between msemd/right_reg/C (clocked by sys_clk_pin) and vetrimodule/plotmd/graph_mod/poly1_y_reg[91][5]/CE (clocked by sys_clk_pin). Large setup violations at the end of those stages might be difficult to fix during the post-placement implementation flow and could be the result of non-optimal XDC constraints or non-optimal design architecture
Related violations: <none>

TIMING-16#324 Warning
Large setup violation  
There is a large setup violation of -1.535 ns between vetrimodule/plotmd/graph_mod/y2_offi_reg[14]/C (clocked by sys_clk_pin) and vetrimodule/plotmd/graph_mod/poly2_y_reg[2][8]/D (clocked by sys_clk_pin). Large setup violations at the end of those stages might be difficult to fix during the post-placement implementation flow and could be the result of non-optimal XDC constraints or non-optimal design architecture
Related violations: <none>

TIMING-16#325 Warning
Large setup violation  
There is a large setup violation of -1.538 ns between msemd/right_reg/C (clocked by sys_clk_pin) and vetrimodule/plotmd/graph_mod/poly1_y_reg[69][13]/CE (clocked by sys_clk_pin). Large setup violations at the end of those stages might be difficult to fix during the post-placement implementation flow and could be the result of non-optimal XDC constraints or non-optimal design architecture
Related violations: <none>

TIMING-16#326 Warning
Large setup violation  
There is a large setup violation of -1.538 ns between msemd/right_reg/C (clocked by sys_clk_pin) and vetrimodule/plotmd/graph_mod/poly1_y_reg[69][14]/CE (clocked by sys_clk_pin). Large setup violations at the end of those stages might be difficult to fix during the post-placement implementation flow and could be the result of non-optimal XDC constraints or non-optimal design architecture
Related violations: <none>

TIMING-16#327 Warning
Large setup violation  
There is a large setup violation of -1.538 ns between msemd/right_reg/C (clocked by sys_clk_pin) and vetrimodule/plotmd/graph_mod/poly2_y_reg[69][3]/CE (clocked by sys_clk_pin). Large setup violations at the end of those stages might be difficult to fix during the post-placement implementation flow and could be the result of non-optimal XDC constraints or non-optimal design architecture
Related violations: <none>

TIMING-16#328 Warning
Large setup violation  
There is a large setup violation of -1.538 ns between msemd/right_reg/C (clocked by sys_clk_pin) and vetrimodule/plotmd/graph_mod/poly2_y_reg[69][6]/CE (clocked by sys_clk_pin). Large setup violations at the end of those stages might be difficult to fix during the post-placement implementation flow and could be the result of non-optimal XDC constraints or non-optimal design architecture
Related violations: <none>

TIMING-16#329 Warning
Large setup violation  
There is a large setup violation of -1.542 ns between msemd/right_reg/C (clocked by sys_clk_pin) and vetrimodule/plotmd/graph_mod/poly1_y_reg[86][12]/CE (clocked by sys_clk_pin). Large setup violations at the end of those stages might be difficult to fix during the post-placement implementation flow and could be the result of non-optimal XDC constraints or non-optimal design architecture
Related violations: <none>

TIMING-16#330 Warning
Large setup violation  
There is a large setup violation of -1.543 ns between vetrimodule/plotmd/graph_mod/y2_offi_reg[14]/C (clocked by sys_clk_pin) and vetrimodule/plotmd/graph_mod/poly2_y_reg[67][9]/D (clocked by sys_clk_pin). Large setup violations at the end of those stages might be difficult to fix during the post-placement implementation flow and could be the result of non-optimal XDC constraints or non-optimal design architecture
Related violations: <none>

TIMING-16#331 Warning
Large setup violation  
There is a large setup violation of -1.544 ns between vetrimodule/plotmd/graph_mod/y2_offi_reg[14]/C (clocked by sys_clk_pin) and vetrimodule/plotmd/graph_mod/poly2_y_reg[29][7]/D (clocked by sys_clk_pin). Large setup violations at the end of those stages might be difficult to fix during the post-placement implementation flow and could be the result of non-optimal XDC constraints or non-optimal design architecture
Related violations: <none>

TIMING-16#332 Warning
Large setup violation  
There is a large setup violation of -1.544 ns between vetrimodule/plotmd/graph_mod/y2_offi_reg[14]/C (clocked by sys_clk_pin) and vetrimodule/plotmd/graph_mod/poly2_y_reg[3][8]/D (clocked by sys_clk_pin). Large setup violations at the end of those stages might be difficult to fix during the post-placement implementation flow and could be the result of non-optimal XDC constraints or non-optimal design architecture
Related violations: <none>

TIMING-16#333 Warning
Large setup violation  
There is a large setup violation of -1.552 ns between vetrimodule/plotmd/graph_mod/y2_offi_reg[14]/C (clocked by sys_clk_pin) and vetrimodule/plotmd/graph_mod/poly2_y_reg[22][10]/D (clocked by sys_clk_pin). Large setup violations at the end of those stages might be difficult to fix during the post-placement implementation flow and could be the result of non-optimal XDC constraints or non-optimal design architecture
Related violations: <none>

TIMING-16#334 Warning
Large setup violation  
There is a large setup violation of -1.554 ns between vetrimodule/plotmd/graph_mod/y2_offi_reg[14]/C (clocked by sys_clk_pin) and vetrimodule/plotmd/graph_mod/poly2_y_reg[36][1]/D (clocked by sys_clk_pin). Large setup violations at the end of those stages might be difficult to fix during the post-placement implementation flow and could be the result of non-optimal XDC constraints or non-optimal design architecture
Related violations: <none>

TIMING-16#335 Warning
Large setup violation  
There is a large setup violation of -1.561 ns between msemd/right_reg/C (clocked by sys_clk_pin) and vetrimodule/plotmd/graph_mod/poly2_y_reg[21][5]/CE (clocked by sys_clk_pin). Large setup violations at the end of those stages might be difficult to fix during the post-placement implementation flow and could be the result of non-optimal XDC constraints or non-optimal design architecture
Related violations: <none>

TIMING-16#336 Warning
Large setup violation  
There is a large setup violation of -1.561 ns between vetrimodule/plotmd/graph_mod/y2_offi_reg[14]/C (clocked by sys_clk_pin) and vetrimodule/plotmd/graph_mod/poly2_y_reg[28][3]/D (clocked by sys_clk_pin). Large setup violations at the end of those stages might be difficult to fix during the post-placement implementation flow and could be the result of non-optimal XDC constraints or non-optimal design architecture
Related violations: <none>

TIMING-16#337 Warning
Large setup violation  
There is a large setup violation of -1.561 ns between vetrimodule/plotmd/graph_mod/y2_offi_reg[14]/C (clocked by sys_clk_pin) and vetrimodule/plotmd/graph_mod/poly2_y_reg[36][3]/D (clocked by sys_clk_pin). Large setup violations at the end of those stages might be difficult to fix during the post-placement implementation flow and could be the result of non-optimal XDC constraints or non-optimal design architecture
Related violations: <none>

TIMING-16#338 Warning
Large setup violation  
There is a large setup violation of -1.561 ns between vetrimodule/plotmd/graph_mod/y2_offi_reg[14]/C (clocked by sys_clk_pin) and vetrimodule/plotmd/graph_mod/poly2_y_reg[46][3]/D (clocked by sys_clk_pin). Large setup violations at the end of those stages might be difficult to fix during the post-placement implementation flow and could be the result of non-optimal XDC constraints or non-optimal design architecture
Related violations: <none>

TIMING-16#339 Warning
Large setup violation  
There is a large setup violation of -1.561 ns between vetrimodule/plotmd/graph_mod/y2_offi_reg[14]/C (clocked by sys_clk_pin) and vetrimodule/plotmd/graph_mod/poly2_y_reg[62][13]/D (clocked by sys_clk_pin). Large setup violations at the end of those stages might be difficult to fix during the post-placement implementation flow and could be the result of non-optimal XDC constraints or non-optimal design architecture
Related violations: <none>

TIMING-16#340 Warning
Large setup violation  
There is a large setup violation of -1.562 ns between msemd/right_reg/C (clocked by sys_clk_pin) and vetrimodule/plotmd/graph_mod/poly1_y_reg[20][6]/CE (clocked by sys_clk_pin). Large setup violations at the end of those stages might be difficult to fix during the post-placement implementation flow and could be the result of non-optimal XDC constraints or non-optimal design architecture
Related violations: <none>

TIMING-16#341 Warning
Large setup violation  
There is a large setup violation of -1.564 ns between vetrimodule/plotmd/graph_mod/y2_offi_reg[14]/C (clocked by sys_clk_pin) and vetrimodule/plotmd/graph_mod/poly2_y_reg[37][3]/D (clocked by sys_clk_pin). Large setup violations at the end of those stages might be difficult to fix during the post-placement implementation flow and could be the result of non-optimal XDC constraints or non-optimal design architecture
Related violations: <none>

TIMING-16#342 Warning
Large setup violation  
There is a large setup violation of -1.564 ns between vetrimodule/plotmd/graph_mod/y2_offi_reg[14]/C (clocked by sys_clk_pin) and vetrimodule/plotmd/graph_mod/poly2_y_reg[63][9]/D (clocked by sys_clk_pin). Large setup violations at the end of those stages might be difficult to fix during the post-placement implementation flow and could be the result of non-optimal XDC constraints or non-optimal design architecture
Related violations: <none>

TIMING-16#343 Warning
Large setup violation  
There is a large setup violation of -1.568 ns between nicmodule/cursor_y_reg[5]/C (clocked by sys_clk_pin) and nicmodule/matB_reg[0][0][6]/D (clocked by sys_clk_pin). Large setup violations at the end of those stages might be difficult to fix during the post-placement implementation flow and could be the result of non-optimal XDC constraints or non-optimal design architecture
Related violations: <none>

TIMING-16#344 Warning
Large setup violation  
There is a large setup violation of -1.568 ns between vetrimodule/plotmd/graph_mod/z_num_reg[2]/C (clocked by sys_clk_pin) and vetrimodule/plotmd/graph_mod/k2_00/A[3] (clocked by sys_clk_pin). Large setup violations at the end of those stages might be difficult to fix during the post-placement implementation flow and could be the result of non-optimal XDC constraints or non-optimal design architecture
Related violations: <none>

TIMING-16#345 Warning
Large setup violation  
There is a large setup violation of -1.570 ns between nicmodule/cursor_y_reg[1]/C (clocked by sys_clk_pin) and nicmodule/col_reg[0]/D (clocked by sys_clk_pin). Large setup violations at the end of those stages might be difficult to fix during the post-placement implementation flow and could be the result of non-optimal XDC constraints or non-optimal design architecture
Related violations: <none>

TIMING-16#346 Warning
Large setup violation  
There is a large setup violation of -1.572 ns between msemd/right_reg/C (clocked by sys_clk_pin) and vetrimodule/plotmd/graph_mod/poly2_y_reg[16][11]/CE (clocked by sys_clk_pin). Large setup violations at the end of those stages might be difficult to fix during the post-placement implementation flow and could be the result of non-optimal XDC constraints or non-optimal design architecture
Related violations: <none>

TIMING-16#347 Warning
Large setup violation  
There is a large setup violation of -1.572 ns between msemd/right_reg/C (clocked by sys_clk_pin) and vetrimodule/plotmd/graph_mod/poly2_y_reg[16][12]/CE (clocked by sys_clk_pin). Large setup violations at the end of those stages might be difficult to fix during the post-placement implementation flow and could be the result of non-optimal XDC constraints or non-optimal design architecture
Related violations: <none>

TIMING-16#348 Warning
Large setup violation  
There is a large setup violation of -1.572 ns between msemd/right_reg/C (clocked by sys_clk_pin) and vetrimodule/plotmd/graph_mod/poly2_y_reg[16][5]/CE (clocked by sys_clk_pin). Large setup violations at the end of those stages might be difficult to fix during the post-placement implementation flow and could be the result of non-optimal XDC constraints or non-optimal design architecture
Related violations: <none>

TIMING-16#349 Warning
Large setup violation  
There is a large setup violation of -1.573 ns between nicmodule/cursor_y_reg[1]/C (clocked by sys_clk_pin) and nicmodule/matSub_reg[1][0][4]/R (clocked by sys_clk_pin). Large setup violations at the end of those stages might be difficult to fix during the post-placement implementation flow and could be the result of non-optimal XDC constraints or non-optimal design architecture
Related violations: <none>

TIMING-16#350 Warning
Large setup violation  
There is a large setup violation of -1.573 ns between nicmodule/cursor_y_reg[1]/C (clocked by sys_clk_pin) and nicmodule/matSub_reg[1][0][5]/R (clocked by sys_clk_pin). Large setup violations at the end of those stages might be difficult to fix during the post-placement implementation flow and could be the result of non-optimal XDC constraints or non-optimal design architecture
Related violations: <none>

TIMING-16#351 Warning
Large setup violation  
There is a large setup violation of -1.573 ns between nicmodule/cursor_y_reg[1]/C (clocked by sys_clk_pin) and nicmodule/matSub_reg[1][0][6]/R (clocked by sys_clk_pin). Large setup violations at the end of those stages might be difficult to fix during the post-placement implementation flow and could be the result of non-optimal XDC constraints or non-optimal design architecture
Related violations: <none>

TIMING-16#352 Warning
Large setup violation  
There is a large setup violation of -1.573 ns between nicmodule/cursor_y_reg[1]/C (clocked by sys_clk_pin) and nicmodule/matSub_reg[1][0][7]/R (clocked by sys_clk_pin). Large setup violations at the end of those stages might be difficult to fix during the post-placement implementation flow and could be the result of non-optimal XDC constraints or non-optimal design architecture
Related violations: <none>

TIMING-16#353 Warning
Large setup violation  
There is a large setup violation of -1.575 ns between nicmodule/cursor_y_reg[1]/C (clocked by sys_clk_pin) and nicmodule/matSub_reg[0][0][4]/CE (clocked by sys_clk_pin). Large setup violations at the end of those stages might be difficult to fix during the post-placement implementation flow and could be the result of non-optimal XDC constraints or non-optimal design architecture
Related violations: <none>

TIMING-16#354 Warning
Large setup violation  
There is a large setup violation of -1.575 ns between nicmodule/cursor_y_reg[1]/C (clocked by sys_clk_pin) and nicmodule/matSub_reg[0][0][5]/CE (clocked by sys_clk_pin). Large setup violations at the end of those stages might be difficult to fix during the post-placement implementation flow and could be the result of non-optimal XDC constraints or non-optimal design architecture
Related violations: <none>

TIMING-16#355 Warning
Large setup violation  
There is a large setup violation of -1.575 ns between nicmodule/cursor_y_reg[1]/C (clocked by sys_clk_pin) and nicmodule/matSub_reg[0][0][6]/CE (clocked by sys_clk_pin). Large setup violations at the end of those stages might be difficult to fix during the post-placement implementation flow and could be the result of non-optimal XDC constraints or non-optimal design architecture
Related violations: <none>

TIMING-16#356 Warning
Large setup violation  
There is a large setup violation of -1.575 ns between nicmodule/cursor_y_reg[1]/C (clocked by sys_clk_pin) and nicmodule/matSub_reg[0][0][7]/CE (clocked by sys_clk_pin). Large setup violations at the end of those stages might be difficult to fix during the post-placement implementation flow and could be the result of non-optimal XDC constraints or non-optimal design architecture
Related violations: <none>

TIMING-16#357 Warning
Large setup violation  
There is a large setup violation of -1.579 ns between vetrimodule/plotmd/graph_mod/y2_offi_reg[14]/C (clocked by sys_clk_pin) and vetrimodule/plotmd/graph_mod/poly2_y_reg[16][7]/D (clocked by sys_clk_pin). Large setup violations at the end of those stages might be difficult to fix during the post-placement implementation flow and could be the result of non-optimal XDC constraints or non-optimal design architecture
Related violations: <none>

TIMING-16#358 Warning
Large setup violation  
There is a large setup violation of -1.585 ns between msemd/right_reg/C (clocked by sys_clk_pin) and vetrimodule/plotmd/graph_mod/poly1_y_reg[41][10]/CE (clocked by sys_clk_pin). Large setup violations at the end of those stages might be difficult to fix during the post-placement implementation flow and could be the result of non-optimal XDC constraints or non-optimal design architecture
Related violations: <none>

TIMING-16#359 Warning
Large setup violation  
There is a large setup violation of -1.585 ns between msemd/right_reg/C (clocked by sys_clk_pin) and vetrimodule/plotmd/graph_mod/poly2_y_reg[41][8]/CE (clocked by sys_clk_pin). Large setup violations at the end of those stages might be difficult to fix during the post-placement implementation flow and could be the result of non-optimal XDC constraints or non-optimal design architecture
Related violations: <none>

TIMING-16#360 Warning
Large setup violation  
There is a large setup violation of -1.585 ns between vetrimodule/plotmd/graph_mod/y2_offi_reg[14]/C (clocked by sys_clk_pin) and vetrimodule/plotmd/graph_mod/poly2_y_reg[51][1]/D (clocked by sys_clk_pin). Large setup violations at the end of those stages might be difficult to fix during the post-placement implementation flow and could be the result of non-optimal XDC constraints or non-optimal design architecture
Related violations: <none>

TIMING-16#361 Warning
Large setup violation  
There is a large setup violation of -1.585 ns between vetrimodule/plotmd/graph_mod/z_num_reg[2]/C (clocked by sys_clk_pin) and vetrimodule/plotmd/graph_mod/k1_00/A[2] (clocked by sys_clk_pin). Large setup violations at the end of those stages might be difficult to fix during the post-placement implementation flow and could be the result of non-optimal XDC constraints or non-optimal design architecture
Related violations: <none>

TIMING-16#362 Warning
Large setup violation  
There is a large setup violation of -1.591 ns between msemd/right_reg/C (clocked by sys_clk_pin) and vetrimodule/plotmd/graph_mod/poly2_y_reg[29][10]/CE (clocked by sys_clk_pin). Large setup violations at the end of those stages might be difficult to fix during the post-placement implementation flow and could be the result of non-optimal XDC constraints or non-optimal design architecture
Related violations: <none>

TIMING-16#363 Warning
Large setup violation  
There is a large setup violation of -1.591 ns between msemd/right_reg/C (clocked by sys_clk_pin) and vetrimodule/plotmd/graph_mod/poly2_y_reg[29][2]/CE (clocked by sys_clk_pin). Large setup violations at the end of those stages might be difficult to fix during the post-placement implementation flow and could be the result of non-optimal XDC constraints or non-optimal design architecture
Related violations: <none>

TIMING-16#364 Warning
Large setup violation  
There is a large setup violation of -1.592 ns between nicmodule/cursor_y_reg[4]/C (clocked by sys_clk_pin) and nicmodule/matB_reg[1][1][4]/CE (clocked by sys_clk_pin). Large setup violations at the end of those stages might be difficult to fix during the post-placement implementation flow and could be the result of non-optimal XDC constraints or non-optimal design architecture
Related violations: <none>

TIMING-16#365 Warning
Large setup violation  
There is a large setup violation of -1.603 ns between msemd/right_reg/C (clocked by sys_clk_pin) and vetrimodule/plotmd/graph_mod/poly1_y_reg[75][2]/CE (clocked by sys_clk_pin). Large setup violations at the end of those stages might be difficult to fix during the post-placement implementation flow and could be the result of non-optimal XDC constraints or non-optimal design architecture
Related violations: <none>

TIMING-16#366 Warning
Large setup violation  
There is a large setup violation of -1.603 ns between nicmodule/cursor_y_reg[1]/C (clocked by sys_clk_pin) and nicmodule/matMul_reg[1][0][4]/R (clocked by sys_clk_pin). Large setup violations at the end of those stages might be difficult to fix during the post-placement implementation flow and could be the result of non-optimal XDC constraints or non-optimal design architecture
Related violations: <none>

TIMING-16#367 Warning
Large setup violation  
There is a large setup violation of -1.603 ns between nicmodule/cursor_y_reg[1]/C (clocked by sys_clk_pin) and nicmodule/matMul_reg[1][0][5]/R (clocked by sys_clk_pin). Large setup violations at the end of those stages might be difficult to fix during the post-placement implementation flow and could be the result of non-optimal XDC constraints or non-optimal design architecture
Related violations: <none>

TIMING-16#368 Warning
Large setup violation  
There is a large setup violation of -1.603 ns between nicmodule/cursor_y_reg[1]/C (clocked by sys_clk_pin) and nicmodule/matMul_reg[1][0][6]/R (clocked by sys_clk_pin). Large setup violations at the end of those stages might be difficult to fix during the post-placement implementation flow and could be the result of non-optimal XDC constraints or non-optimal design architecture
Related violations: <none>

TIMING-16#369 Warning
Large setup violation  
There is a large setup violation of -1.603 ns between nicmodule/cursor_y_reg[1]/C (clocked by sys_clk_pin) and nicmodule/matMul_reg[1][0][7]/R (clocked by sys_clk_pin). Large setup violations at the end of those stages might be difficult to fix during the post-placement implementation flow and could be the result of non-optimal XDC constraints or non-optimal design architecture
Related violations: <none>

TIMING-16#370 Warning
Large setup violation  
There is a large setup violation of -1.604 ns between vetrimodule/plotmd/graph_mod/y2_offi_reg[14]/C (clocked by sys_clk_pin) and vetrimodule/plotmd/graph_mod/poly2_y_reg[33][10]/D (clocked by sys_clk_pin). Large setup violations at the end of those stages might be difficult to fix during the post-placement implementation flow and could be the result of non-optimal XDC constraints or non-optimal design architecture
Related violations: <none>

TIMING-16#371 Warning
Large setup violation  
There is a large setup violation of -1.605 ns between nicmodule/cursor_y_reg[4]/C (clocked by sys_clk_pin) and nicmodule/matA_reg[1][0][6]/D (clocked by sys_clk_pin). Large setup violations at the end of those stages might be difficult to fix during the post-placement implementation flow and could be the result of non-optimal XDC constraints or non-optimal design architecture
Related violations: <none>

TIMING-16#372 Warning
Large setup violation  
There is a large setup violation of -1.605 ns between nicmodule/cursor_y_reg[4]/C (clocked by sys_clk_pin) and nicmodule/matA_reg[1][0][7]/D (clocked by sys_clk_pin). Large setup violations at the end of those stages might be difficult to fix during the post-placement implementation flow and could be the result of non-optimal XDC constraints or non-optimal design architecture
Related violations: <none>

TIMING-16#373 Warning
Large setup violation  
There is a large setup violation of -1.605 ns between vetrimodule/plotmd/graph_mod/z_num_reg[2]/C (clocked by sys_clk_pin) and vetrimodule/plotmd/graph_mod/k1_00/A[17] (clocked by sys_clk_pin). Large setup violations at the end of those stages might be difficult to fix during the post-placement implementation flow and could be the result of non-optimal XDC constraints or non-optimal design architecture
Related violations: <none>

TIMING-16#374 Warning
Large setup violation  
There is a large setup violation of -1.608 ns between vetrimodule/plotmd/graph_mod/y2_offi_reg[14]/C (clocked by sys_clk_pin) and vetrimodule/plotmd/graph_mod/poly2_y_reg[30][15]/D (clocked by sys_clk_pin). Large setup violations at the end of those stages might be difficult to fix during the post-placement implementation flow and could be the result of non-optimal XDC constraints or non-optimal design architecture
Related violations: <none>

TIMING-16#375 Warning
Large setup violation  
There is a large setup violation of -1.611 ns between nicmodule/cursor_y_reg[4]/C (clocked by sys_clk_pin) and nicmodule/matA_reg[0][0][2]/CE (clocked by sys_clk_pin). Large setup violations at the end of those stages might be difficult to fix during the post-placement implementation flow and could be the result of non-optimal XDC constraints or non-optimal design architecture
Related violations: <none>

TIMING-16#376 Warning
Large setup violation  
There is a large setup violation of -1.616 ns between vetrimodule/plotmd/graph_mod/y2_offi_reg[14]/C (clocked by sys_clk_pin) and vetrimodule/plotmd/graph_mod/poly2_y_reg[38][8]/D (clocked by sys_clk_pin). Large setup violations at the end of those stages might be difficult to fix during the post-placement implementation flow and could be the result of non-optimal XDC constraints or non-optimal design architecture
Related violations: <none>

TIMING-16#377 Warning
Large setup violation  
There is a large setup violation of -1.616 ns between vetrimodule/plotmd/graph_mod/y2_offi_reg[14]/C (clocked by sys_clk_pin) and vetrimodule/plotmd/graph_mod/poly2_y_reg[57][1]/D (clocked by sys_clk_pin). Large setup violations at the end of those stages might be difficult to fix during the post-placement implementation flow and could be the result of non-optimal XDC constraints or non-optimal design architecture
Related violations: <none>

TIMING-16#378 Warning
Large setup violation  
There is a large setup violation of -1.621 ns between vetrimodule/plotmd/graph_mod/y2_offi_reg[14]/C (clocked by sys_clk_pin) and vetrimodule/plotmd/graph_mod/poly2_y_reg[72][7]/D (clocked by sys_clk_pin). Large setup violations at the end of those stages might be difficult to fix during the post-placement implementation flow and could be the result of non-optimal XDC constraints or non-optimal design architecture
Related violations: <none>

TIMING-16#379 Warning
Large setup violation  
There is a large setup violation of -1.622 ns between vetrimodule/plotmd/graph_mod/y2_offi_reg[14]/C (clocked by sys_clk_pin) and vetrimodule/plotmd/graph_mod/poly2_y_reg[10][2]/D (clocked by sys_clk_pin). Large setup violations at the end of those stages might be difficult to fix during the post-placement implementation flow and could be the result of non-optimal XDC constraints or non-optimal design architecture
Related violations: <none>

TIMING-16#380 Warning
Large setup violation  
There is a large setup violation of -1.624 ns between vetrimodule/plotmd/graph_mod/y2_offi_reg[14]/C (clocked by sys_clk_pin) and vetrimodule/plotmd/graph_mod/poly2_y_reg[30][6]/D (clocked by sys_clk_pin). Large setup violations at the end of those stages might be difficult to fix during the post-placement implementation flow and could be the result of non-optimal XDC constraints or non-optimal design architecture
Related violations: <none>

TIMING-16#381 Warning
Large setup violation  
There is a large setup violation of -1.629 ns between nicmodule/acc_cnt_reg[1]/C (clocked by sys_clk_pin) and nicmodule/matMul_reg[1][0][4]/D (clocked by sys_clk_pin). Large setup violations at the end of those stages might be difficult to fix during the post-placement implementation flow and could be the result of non-optimal XDC constraints or non-optimal design architecture
Related violations: <none>

TIMING-16#382 Warning
Large setup violation  
There is a large setup violation of -1.629 ns between vetrimodule/plotmd/graph_mod/y2_offi_reg[14]/C (clocked by sys_clk_pin) and vetrimodule/plotmd/graph_mod/poly2_y_reg[73][6]/D (clocked by sys_clk_pin). Large setup violations at the end of those stages might be difficult to fix during the post-placement implementation flow and could be the result of non-optimal XDC constraints or non-optimal design architecture
Related violations: <none>

TIMING-16#383 Warning
Large setup violation  
There is a large setup violation of -1.631 ns between vetrimodule/plotmd/graph_mod/y2_offi_reg[14]/C (clocked by sys_clk_pin) and vetrimodule/plotmd/graph_mod/poly2_y_reg[73][1]/D (clocked by sys_clk_pin). Large setup violations at the end of those stages might be difficult to fix during the post-placement implementation flow and could be the result of non-optimal XDC constraints or non-optimal design architecture
Related violations: <none>

TIMING-16#384 Warning
Large setup violation  
There is a large setup violation of -1.633 ns between nicmodule/cursor_y_reg[1]/C (clocked by sys_clk_pin) and nicmodule/matA_saved_reg[1][0][7]/R (clocked by sys_clk_pin). Large setup violations at the end of those stages might be difficult to fix during the post-placement implementation flow and could be the result of non-optimal XDC constraints or non-optimal design architecture
Related violations: <none>

TIMING-16#385 Warning
Large setup violation  
There is a large setup violation of -1.633 ns between nicmodule/cursor_y_reg[1]/C (clocked by sys_clk_pin) and nicmodule/matA_saved_reg[1][1][5]/R (clocked by sys_clk_pin). Large setup violations at the end of those stages might be difficult to fix during the post-placement implementation flow and could be the result of non-optimal XDC constraints or non-optimal design architecture
Related violations: <none>

TIMING-16#386 Warning
Large setup violation  
There is a large setup violation of -1.637 ns between nicmodule/cursor_y_reg[4]/C (clocked by sys_clk_pin) and nicmodule/matA_reg[0][0][0]/D (clocked by sys_clk_pin). Large setup violations at the end of those stages might be difficult to fix during the post-placement implementation flow and could be the result of non-optimal XDC constraints or non-optimal design architecture
Related violations: <none>

TIMING-16#387 Warning
Large setup violation  
There is a large setup violation of -1.641 ns between nicmodule/cursor_y_reg[4]/C (clocked by sys_clk_pin) and nicmodule/matB_reg[0][0][3]/CE (clocked by sys_clk_pin). Large setup violations at the end of those stages might be difficult to fix during the post-placement implementation flow and could be the result of non-optimal XDC constraints or non-optimal design architecture
Related violations: <none>

TIMING-16#388 Warning
Large setup violation  
There is a large setup violation of -1.648 ns between msemd/right_reg/C (clocked by sys_clk_pin) and vetrimodule/plotmd/graph_mod/poly1_y_reg[71][15]/CE (clocked by sys_clk_pin). Large setup violations at the end of those stages might be difficult to fix during the post-placement implementation flow and could be the result of non-optimal XDC constraints or non-optimal design architecture
Related violations: <none>

TIMING-16#389 Warning
Large setup violation  
There is a large setup violation of -1.649 ns between vetrimodule/plotmd/graph_mod/y2_offi_reg[14]/C (clocked by sys_clk_pin) and vetrimodule/plotmd/graph_mod/poly2_y_reg[73][13]/D (clocked by sys_clk_pin). Large setup violations at the end of those stages might be difficult to fix during the post-placement implementation flow and could be the result of non-optimal XDC constraints or non-optimal design architecture
Related violations: <none>

TIMING-16#390 Warning
Large setup violation  
There is a large setup violation of -1.653 ns between vetrimodule/plotmd/graph_mod/y2_offi_reg[14]/C (clocked by sys_clk_pin) and vetrimodule/plotmd/graph_mod/poly2_y_reg[29][2]/D (clocked by sys_clk_pin). Large setup violations at the end of those stages might be difficult to fix during the post-placement implementation flow and could be the result of non-optimal XDC constraints or non-optimal design architecture
Related violations: <none>

TIMING-16#391 Warning
Large setup violation  
There is a large setup violation of -1.655 ns between nicmodule/cursor_y_reg[5]/C (clocked by sys_clk_pin) and nicmodule/matB_reg[0][0][3]/D (clocked by sys_clk_pin). Large setup violations at the end of those stages might be difficult to fix during the post-placement implementation flow and could be the result of non-optimal XDC constraints or non-optimal design architecture
Related violations: <none>

TIMING-16#392 Warning
Large setup violation  
There is a large setup violation of -1.657 ns between vetrimodule/plotmd/graph_mod/y2_offi_reg[14]/C (clocked by sys_clk_pin) and vetrimodule/plotmd/graph_mod/poly2_y_reg[19][2]/D (clocked by sys_clk_pin). Large setup violations at the end of those stages might be difficult to fix during the post-placement implementation flow and could be the result of non-optimal XDC constraints or non-optimal design architecture
Related violations: <none>

TIMING-16#393 Warning
Large setup violation  
There is a large setup violation of -1.662 ns between nicmodule/cursor_y_reg[1]/C (clocked by sys_clk_pin) and nicmodule/matSub_reg[0][0][0]/R (clocked by sys_clk_pin). Large setup violations at the end of those stages might be difficult to fix during the post-placement implementation flow and could be the result of non-optimal XDC constraints or non-optimal design architecture
Related violations: <none>

TIMING-16#394 Warning
Large setup violation  
There is a large setup violation of -1.662 ns between nicmodule/cursor_y_reg[1]/C (clocked by sys_clk_pin) and nicmodule/matSub_reg[0][0][1]/R (clocked by sys_clk_pin). Large setup violations at the end of those stages might be difficult to fix during the post-placement implementation flow and could be the result of non-optimal XDC constraints or non-optimal design architecture
Related violations: <none>

TIMING-16#395 Warning
Large setup violation  
There is a large setup violation of -1.662 ns between nicmodule/cursor_y_reg[1]/C (clocked by sys_clk_pin) and nicmodule/matSub_reg[0][0][2]/R (clocked by sys_clk_pin). Large setup violations at the end of those stages might be difficult to fix during the post-placement implementation flow and could be the result of non-optimal XDC constraints or non-optimal design architecture
Related violations: <none>

TIMING-16#396 Warning
Large setup violation  
There is a large setup violation of -1.662 ns between nicmodule/cursor_y_reg[1]/C (clocked by sys_clk_pin) and nicmodule/matSub_reg[0][0][3]/R (clocked by sys_clk_pin). Large setup violations at the end of those stages might be difficult to fix during the post-placement implementation flow and could be the result of non-optimal XDC constraints or non-optimal design architecture
Related violations: <none>

TIMING-16#397 Warning
Large setup violation  
There is a large setup violation of -1.664 ns between vetrimodule/plotmd/graph_mod/z_num_reg[2]/C (clocked by sys_clk_pin) and vetrimodule/plotmd/graph_mod/k1_00/A[16] (clocked by sys_clk_pin). Large setup violations at the end of those stages might be difficult to fix during the post-placement implementation flow and could be the result of non-optimal XDC constraints or non-optimal design architecture
Related violations: <none>

TIMING-16#398 Warning
Large setup violation  
There is a large setup violation of -1.667 ns between msemd/right_reg/C (clocked by sys_clk_pin) and vetrimodule/plotmd/graph_mod/poly1_y_reg[83][10]/CE (clocked by sys_clk_pin). Large setup violations at the end of those stages might be difficult to fix during the post-placement implementation flow and could be the result of non-optimal XDC constraints or non-optimal design architecture
Related violations: <none>

TIMING-16#399 Warning
Large setup violation  
There is a large setup violation of -1.668 ns between nicmodule/cursor_y_reg[5]/C (clocked by sys_clk_pin) and nicmodule/adj_reg[1][1][10]/CE (clocked by sys_clk_pin). Large setup violations at the end of those stages might be difficult to fix during the post-placement implementation flow and could be the result of non-optimal XDC constraints or non-optimal design architecture
Related violations: <none>

TIMING-16#400 Warning
Large setup violation  
There is a large setup violation of -1.669 ns between vetrimodule/plotmd/graph_mod/y2_offi_reg[14]/C (clocked by sys_clk_pin) and vetrimodule/plotmd/graph_mod/poly2_y_reg[38][3]/D (clocked by sys_clk_pin). Large setup violations at the end of those stages might be difficult to fix during the post-placement implementation flow and could be the result of non-optimal XDC constraints or non-optimal design architecture
Related violations: <none>

TIMING-16#401 Warning
Large setup violation  
There is a large setup violation of -1.676 ns between nicmodule/cursor_y_reg[5]/C (clocked by sys_clk_pin) and nicmodule/matA_reg[1][0][4]/CE (clocked by sys_clk_pin). Large setup violations at the end of those stages might be difficult to fix during the post-placement implementation flow and could be the result of non-optimal XDC constraints or non-optimal design architecture
Related violations: <none>

TIMING-16#402 Warning
Large setup violation  
There is a large setup violation of -1.678 ns between vetrimodule/plotmd/graph_mod/y2_offi_reg[14]/C (clocked by sys_clk_pin) and vetrimodule/plotmd/graph_mod/poly2_y_reg[26][2]/D (clocked by sys_clk_pin). Large setup violations at the end of those stages might be difficult to fix during the post-placement implementation flow and could be the result of non-optimal XDC constraints or non-optimal design architecture
Related violations: <none>

TIMING-16#403 Warning
Large setup violation  
There is a large setup violation of -1.681 ns between vetrimodule/plotmd/graph_mod/y2_offi_reg[14]/C (clocked by sys_clk_pin) and vetrimodule/plotmd/graph_mod/poly2_y_reg[38][6]/D (clocked by sys_clk_pin). Large setup violations at the end of those stages might be difficult to fix during the post-placement implementation flow and could be the result of non-optimal XDC constraints or non-optimal design architecture
Related violations: <none>

TIMING-16#404 Warning
Large setup violation  
There is a large setup violation of -1.684 ns between vetrimodule/plotmd/graph_mod/y2_offi_reg[14]/C (clocked by sys_clk_pin) and vetrimodule/plotmd/graph_mod/poly2_y_reg[22][2]/D (clocked by sys_clk_pin). Large setup violations at the end of those stages might be difficult to fix during the post-placement implementation flow and could be the result of non-optimal XDC constraints or non-optimal design architecture
Related violations: <none>

TIMING-16#405 Warning
Large setup violation  
There is a large setup violation of -1.685 ns between vetrimodule/plotmd/graph_mod/y2_offi_reg[14]/C (clocked by sys_clk_pin) and vetrimodule/plotmd/graph_mod/poly2_y_reg[45][9]/D (clocked by sys_clk_pin). Large setup violations at the end of those stages might be difficult to fix during the post-placement implementation flow and could be the result of non-optimal XDC constraints or non-optimal design architecture
Related violations: <none>

TIMING-16#406 Warning
Large setup violation  
There is a large setup violation of -1.689 ns between nicmodule/cursor_y_reg[1]/C (clocked by sys_clk_pin) and nicmodule/matMul_reg[0][0][0]/CE (clocked by sys_clk_pin). Large setup violations at the end of those stages might be difficult to fix during the post-placement implementation flow and could be the result of non-optimal XDC constraints or non-optimal design architecture
Related violations: <none>

TIMING-16#407 Warning
Large setup violation  
There is a large setup violation of -1.689 ns between nicmodule/cursor_y_reg[1]/C (clocked by sys_clk_pin) and nicmodule/matMul_reg[0][0][1]/CE (clocked by sys_clk_pin). Large setup violations at the end of those stages might be difficult to fix during the post-placement implementation flow and could be the result of non-optimal XDC constraints or non-optimal design architecture
Related violations: <none>

TIMING-16#408 Warning
Large setup violation  
There is a large setup violation of -1.689 ns between nicmodule/cursor_y_reg[1]/C (clocked by sys_clk_pin) and nicmodule/matMul_reg[0][0][2]/CE (clocked by sys_clk_pin). Large setup violations at the end of those stages might be difficult to fix during the post-placement implementation flow and could be the result of non-optimal XDC constraints or non-optimal design architecture
Related violations: <none>

TIMING-16#409 Warning
Large setup violation  
There is a large setup violation of -1.689 ns between nicmodule/cursor_y_reg[1]/C (clocked by sys_clk_pin) and nicmodule/matMul_reg[0][0][3]/CE (clocked by sys_clk_pin). Large setup violations at the end of those stages might be difficult to fix during the post-placement implementation flow and could be the result of non-optimal XDC constraints or non-optimal design architecture
Related violations: <none>

TIMING-16#410 Warning
Large setup violation  
There is a large setup violation of -1.691 ns between msemd/right_reg/C (clocked by sys_clk_pin) and vetrimodule/approxmd/linreg_plot/px1_reg[0]/CE (clocked by sys_clk_pin). Large setup violations at the end of those stages might be difficult to fix during the post-placement implementation flow and could be the result of non-optimal XDC constraints or non-optimal design architecture
Related violations: <none>

TIMING-16#411 Warning
Large setup violation  
There is a large setup violation of -1.691 ns between msemd/right_reg/C (clocked by sys_clk_pin) and vetrimodule/approxmd/linreg_plot/px1_reg[1]/CE (clocked by sys_clk_pin). Large setup violations at the end of those stages might be difficult to fix during the post-placement implementation flow and could be the result of non-optimal XDC constraints or non-optimal design architecture
Related violations: <none>

TIMING-16#412 Warning
Large setup violation  
There is a large setup violation of -1.691 ns between msemd/right_reg/C (clocked by sys_clk_pin) and vetrimodule/approxmd/linreg_plot/px1_reg[2]/CE (clocked by sys_clk_pin). Large setup violations at the end of those stages might be difficult to fix during the post-placement implementation flow and could be the result of non-optimal XDC constraints or non-optimal design architecture
Related violations: <none>

TIMING-16#413 Warning
Large setup violation  
There is a large setup violation of -1.691 ns between msemd/right_reg/C (clocked by sys_clk_pin) and vetrimodule/approxmd/linreg_plot/px1_reg[3]/CE (clocked by sys_clk_pin). Large setup violations at the end of those stages might be difficult to fix during the post-placement implementation flow and could be the result of non-optimal XDC constraints or non-optimal design architecture
Related violations: <none>

TIMING-16#414 Warning
Large setup violation  
There is a large setup violation of -1.692 ns between vetrimodule/plotmd/graph_mod/y2_offi_reg[14]/C (clocked by sys_clk_pin) and vetrimodule/plotmd/graph_mod/poly2_y_reg[28][9]/D (clocked by sys_clk_pin). Large setup violations at the end of those stages might be difficult to fix during the post-placement implementation flow and could be the result of non-optimal XDC constraints or non-optimal design architecture
Related violations: <none>

TIMING-16#415 Warning
Large setup violation  
There is a large setup violation of -1.693 ns between vetrimodule/plotmd/graph_mod/y2_offi_reg[14]/C (clocked by sys_clk_pin) and vetrimodule/plotmd/graph_mod/poly2_y_reg[62][3]/D (clocked by sys_clk_pin). Large setup violations at the end of those stages might be difficult to fix during the post-placement implementation flow and could be the result of non-optimal XDC constraints or non-optimal design architecture
Related violations: <none>

TIMING-16#416 Warning
Large setup violation  
There is a large setup violation of -1.695 ns between nicmodule/cursor_y_reg[4]/C (clocked by sys_clk_pin) and nicmodule/matA_reg[0][0][0]/CE (clocked by sys_clk_pin). Large setup violations at the end of those stages might be difficult to fix during the post-placement implementation flow and could be the result of non-optimal XDC constraints or non-optimal design architecture
Related violations: <none>

TIMING-16#417 Warning
Large setup violation  
There is a large setup violation of -1.698 ns between vetrimodule/plotmd/graph_mod/y2_offi_reg[14]/C (clocked by sys_clk_pin) and vetrimodule/plotmd/graph_mod/poly2_y_reg[28][7]/D (clocked by sys_clk_pin). Large setup violations at the end of those stages might be difficult to fix during the post-placement implementation flow and could be the result of non-optimal XDC constraints or non-optimal design architecture
Related violations: <none>

TIMING-16#418 Warning
Large setup violation  
There is a large setup violation of -1.704 ns between nicmodule/cursor_y_reg[5]/C (clocked by sys_clk_pin) and nicmodule/adj_reg[1][1][1]/CE (clocked by sys_clk_pin). Large setup violations at the end of those stages might be difficult to fix during the post-placement implementation flow and could be the result of non-optimal XDC constraints or non-optimal design architecture
Related violations: <none>

TIMING-16#419 Warning
Large setup violation  
There is a large setup violation of -1.704 ns between nicmodule/cursor_y_reg[5]/C (clocked by sys_clk_pin) and nicmodule/adj_reg[1][1][4]/CE (clocked by sys_clk_pin). Large setup violations at the end of those stages might be difficult to fix during the post-placement implementation flow and could be the result of non-optimal XDC constraints or non-optimal design architecture
Related violations: <none>

TIMING-16#420 Warning
Large setup violation  
There is a large setup violation of -1.705 ns between vetrimodule/plotmd/graph_mod/y2_offi_reg[14]/C (clocked by sys_clk_pin) and vetrimodule/plotmd/graph_mod/poly2_y_reg[32][1]/D (clocked by sys_clk_pin). Large setup violations at the end of those stages might be difficult to fix during the post-placement implementation flow and could be the result of non-optimal XDC constraints or non-optimal design architecture
Related violations: <none>

TIMING-16#421 Warning
Large setup violation  
There is a large setup violation of -1.708 ns between nicmodule/cursor_y_reg[4]/C (clocked by sys_clk_pin) and nicmodule/matB_reg[0][1][6]/D (clocked by sys_clk_pin). Large setup violations at the end of those stages might be difficult to fix during the post-placement implementation flow and could be the result of non-optimal XDC constraints or non-optimal design architecture
Related violations: <none>

TIMING-16#422 Warning
Large setup violation  
There is a large setup violation of -1.709 ns between msemd/right_reg/C (clocked by sys_clk_pin) and vetrimodule/approxmd/linreg_plot/px1_reg[5]/CE (clocked by sys_clk_pin). Large setup violations at the end of those stages might be difficult to fix during the post-placement implementation flow and could be the result of non-optimal XDC constraints or non-optimal design architecture
Related violations: <none>

TIMING-16#423 Warning
Large setup violation  
There is a large setup violation of -1.709 ns between msemd/right_reg/C (clocked by sys_clk_pin) and vetrimodule/approxmd/linreg_plot/px1_reg[6]/CE (clocked by sys_clk_pin). Large setup violations at the end of those stages might be difficult to fix during the post-placement implementation flow and could be the result of non-optimal XDC constraints or non-optimal design architecture
Related violations: <none>

TIMING-16#424 Warning
Large setup violation  
There is a large setup violation of -1.709 ns between msemd/right_reg/C (clocked by sys_clk_pin) and vetrimodule/approxmd/linreg_plot/py1_reg[6]/CE (clocked by sys_clk_pin). Large setup violations at the end of those stages might be difficult to fix during the post-placement implementation flow and could be the result of non-optimal XDC constraints or non-optimal design architecture
Related violations: <none>

TIMING-16#425 Warning
Large setup violation  
There is a large setup violation of -1.711 ns between vetrimodule/plotmd/graph_mod/y2_offi_reg[14]/C (clocked by sys_clk_pin) and vetrimodule/plotmd/graph_mod/poly2_y_reg[42][1]/D (clocked by sys_clk_pin). Large setup violations at the end of those stages might be difficult to fix during the post-placement implementation flow and could be the result of non-optimal XDC constraints or non-optimal design architecture
Related violations: <none>

TIMING-16#426 Warning
Large setup violation  
There is a large setup violation of -1.716 ns between nicmodule/cursor_y_reg[1]/C (clocked by sys_clk_pin) and nicmodule/matB_reg[0][1][6]/CE (clocked by sys_clk_pin). Large setup violations at the end of those stages might be difficult to fix during the post-placement implementation flow and could be the result of non-optimal XDC constraints or non-optimal design architecture
Related violations: <none>

TIMING-16#427 Warning
Large setup violation  
There is a large setup violation of -1.721 ns between vetrimodule/plotmd/graph_mod/y2_offi_reg[14]/C (clocked by sys_clk_pin) and vetrimodule/plotmd/graph_mod/poly2_y_reg[35][8]/D (clocked by sys_clk_pin). Large setup violations at the end of those stages might be difficult to fix during the post-placement implementation flow and could be the result of non-optimal XDC constraints or non-optimal design architecture
Related violations: <none>

TIMING-16#428 Warning
Large setup violation  
There is a large setup violation of -1.723 ns between nicmodule/cursor_y_reg[1]/C (clocked by sys_clk_pin) and nicmodule/matA_reg[1][1][0]/D (clocked by sys_clk_pin). Large setup violations at the end of those stages might be difficult to fix during the post-placement implementation flow and could be the result of non-optimal XDC constraints or non-optimal design architecture
Related violations: <none>

TIMING-16#429 Warning
Large setup violation  
There is a large setup violation of -1.723 ns between nicmodule/cursor_y_reg[1]/C (clocked by sys_clk_pin) and nicmodule/matSub_reg[0][0][0]/CE (clocked by sys_clk_pin). Large setup violations at the end of those stages might be difficult to fix during the post-placement implementation flow and could be the result of non-optimal XDC constraints or non-optimal design architecture
Related violations: <none>

TIMING-16#430 Warning
Large setup violation  
There is a large setup violation of -1.723 ns between nicmodule/cursor_y_reg[1]/C (clocked by sys_clk_pin) and nicmodule/matSub_reg[0][0][1]/CE (clocked by sys_clk_pin). Large setup violations at the end of those stages might be difficult to fix during the post-placement implementation flow and could be the result of non-optimal XDC constraints or non-optimal design architecture
Related violations: <none>

TIMING-16#431 Warning
Large setup violation  
There is a large setup violation of -1.723 ns between nicmodule/cursor_y_reg[1]/C (clocked by sys_clk_pin) and nicmodule/matSub_reg[0][0][2]/CE (clocked by sys_clk_pin). Large setup violations at the end of those stages might be difficult to fix during the post-placement implementation flow and could be the result of non-optimal XDC constraints or non-optimal design architecture
Related violations: <none>

TIMING-16#432 Warning
Large setup violation  
There is a large setup violation of -1.723 ns between nicmodule/cursor_y_reg[1]/C (clocked by sys_clk_pin) and nicmodule/matSub_reg[0][0][3]/CE (clocked by sys_clk_pin). Large setup violations at the end of those stages might be difficult to fix during the post-placement implementation flow and could be the result of non-optimal XDC constraints or non-optimal design architecture
Related violations: <none>

TIMING-16#433 Warning
Large setup violation  
There is a large setup violation of -1.724 ns between vetrimodule/plotmd/graph_mod/y2_offi_reg[14]/C (clocked by sys_clk_pin) and vetrimodule/plotmd/graph_mod/poly2_y_reg[6][8]/D (clocked by sys_clk_pin). Large setup violations at the end of those stages might be difficult to fix during the post-placement implementation flow and could be the result of non-optimal XDC constraints or non-optimal design architecture
Related violations: <none>

TIMING-16#434 Warning
Large setup violation  
There is a large setup violation of -1.728 ns between vetrimodule/plotmd/graph_mod/y2_offi_reg[14]/C (clocked by sys_clk_pin) and vetrimodule/plotmd/graph_mod/poly2_y_reg[44][9]/D (clocked by sys_clk_pin). Large setup violations at the end of those stages might be difficult to fix during the post-placement implementation flow and could be the result of non-optimal XDC constraints or non-optimal design architecture
Related violations: <none>

TIMING-16#435 Warning
Large setup violation  
There is a large setup violation of -1.734 ns between nicmodule/cursor_y_reg[1]/C (clocked by sys_clk_pin) and nicmodule/matA_saved_reg[1][1][3]/R (clocked by sys_clk_pin). Large setup violations at the end of those stages might be difficult to fix during the post-placement implementation flow and could be the result of non-optimal XDC constraints or non-optimal design architecture
Related violations: <none>

TIMING-16#436 Warning
Large setup violation  
There is a large setup violation of -1.735 ns between vetrimodule/plotmd/graph_mod/y2_offi_reg[14]/C (clocked by sys_clk_pin) and vetrimodule/plotmd/graph_mod/poly2_y_reg[18][15]/D (clocked by sys_clk_pin). Large setup violations at the end of those stages might be difficult to fix during the post-placement implementation flow and could be the result of non-optimal XDC constraints or non-optimal design architecture
Related violations: <none>

TIMING-16#437 Warning
Large setup violation  
There is a large setup violation of -1.737 ns between nicmodule/cursor_y_reg[4]/C (clocked by sys_clk_pin) and nicmodule/matB_reg[1][1][6]/CE (clocked by sys_clk_pin). Large setup violations at the end of those stages might be difficult to fix during the post-placement implementation flow and could be the result of non-optimal XDC constraints or non-optimal design architecture
Related violations: <none>

TIMING-16#438 Warning
Large setup violation  
There is a large setup violation of -1.737 ns between vetrimodule/plotmd/graph_mod/y2_offi_reg[14]/C (clocked by sys_clk_pin) and vetrimodule/plotmd/graph_mod/poly2_y_reg[39][8]/D (clocked by sys_clk_pin). Large setup violations at the end of those stages might be difficult to fix during the post-placement implementation flow and could be the result of non-optimal XDC constraints or non-optimal design architecture
Related violations: <none>

TIMING-16#439 Warning
Large setup violation  
There is a large setup violation of -1.740 ns between nicmodule/acc_cnt_reg[1]/C (clocked by sys_clk_pin) and nicmodule/matMul_reg[1][0][5]/D (clocked by sys_clk_pin). Large setup violations at the end of those stages might be difficult to fix during the post-placement implementation flow and could be the result of non-optimal XDC constraints or non-optimal design architecture
Related violations: <none>

TIMING-16#440 Warning
Large setup violation  
There is a large setup violation of -1.740 ns between vetrimodule/plotmd/graph_mod/y2_offi_reg[14]/C (clocked by sys_clk_pin) and vetrimodule/plotmd/graph_mod/poly2_y_reg[33][1]/D (clocked by sys_clk_pin). Large setup violations at the end of those stages might be difficult to fix during the post-placement implementation flow and could be the result of non-optimal XDC constraints or non-optimal design architecture
Related violations: <none>

TIMING-16#441 Warning
Large setup violation  
There is a large setup violation of -1.741 ns between msemd/right_reg/C (clocked by sys_clk_pin) and vetrimodule/plotmd/graph_mod/poly2_y_reg[58][11]/CE (clocked by sys_clk_pin). Large setup violations at the end of those stages might be difficult to fix during the post-placement implementation flow and could be the result of non-optimal XDC constraints or non-optimal design architecture
Related violations: <none>

TIMING-16#442 Warning
Large setup violation  
There is a large setup violation of -1.741 ns between vetrimodule/plotmd/graph_mod/y2_offi_reg[14]/C (clocked by sys_clk_pin) and vetrimodule/plotmd/graph_mod/poly2_y_reg[44][1]/D (clocked by sys_clk_pin). Large setup violations at the end of those stages might be difficult to fix during the post-placement implementation flow and could be the result of non-optimal XDC constraints or non-optimal design architecture
Related violations: <none>

TIMING-16#443 Warning
Large setup violation  
There is a large setup violation of -1.744 ns between vetrimodule/plotmd/graph_mod/y2_offi_reg[14]/C (clocked by sys_clk_pin) and vetrimodule/plotmd/graph_mod/poly2_y_reg[29][15]/D (clocked by sys_clk_pin). Large setup violations at the end of those stages might be difficult to fix during the post-placement implementation flow and could be the result of non-optimal XDC constraints or non-optimal design architecture
Related violations: <none>

TIMING-16#444 Warning
Large setup violation  
There is a large setup violation of -1.746 ns between nicmodule/cursor_y_reg[1]/C (clocked by sys_clk_pin) and nicmodule/matMul_reg[0][1][4]/R (clocked by sys_clk_pin). Large setup violations at the end of those stages might be difficult to fix during the post-placement implementation flow and could be the result of non-optimal XDC constraints or non-optimal design architecture
Related violations: <none>

TIMING-16#445 Warning
Large setup violation  
There is a large setup violation of -1.746 ns between nicmodule/cursor_y_reg[1]/C (clocked by sys_clk_pin) and nicmodule/matMul_reg[0][1][5]/R (clocked by sys_clk_pin). Large setup violations at the end of those stages might be difficult to fix during the post-placement implementation flow and could be the result of non-optimal XDC constraints or non-optimal design architecture
Related violations: <none>

TIMING-16#446 Warning
Large setup violation  
There is a large setup violation of -1.746 ns between nicmodule/cursor_y_reg[1]/C (clocked by sys_clk_pin) and nicmodule/matMul_reg[0][1][6]/R (clocked by sys_clk_pin). Large setup violations at the end of those stages might be difficult to fix during the post-placement implementation flow and could be the result of non-optimal XDC constraints or non-optimal design architecture
Related violations: <none>

TIMING-16#447 Warning
Large setup violation  
There is a large setup violation of -1.746 ns between nicmodule/cursor_y_reg[1]/C (clocked by sys_clk_pin) and nicmodule/matMul_reg[0][1][7]/R (clocked by sys_clk_pin). Large setup violations at the end of those stages might be difficult to fix during the post-placement implementation flow and could be the result of non-optimal XDC constraints or non-optimal design architecture
Related violations: <none>

TIMING-16#448 Warning
Large setup violation  
There is a large setup violation of -1.753 ns between nicmodule/cursor_y_reg[1]/C (clocked by sys_clk_pin) and nicmodule/matA_saved_reg[1][0][0]/R (clocked by sys_clk_pin). Large setup violations at the end of those stages might be difficult to fix during the post-placement implementation flow and could be the result of non-optimal XDC constraints or non-optimal design architecture
Related violations: <none>

TIMING-16#449 Warning
Large setup violation  
There is a large setup violation of -1.753 ns between nicmodule/cursor_y_reg[1]/C (clocked by sys_clk_pin) and nicmodule/matA_saved_reg[1][1][2]/R (clocked by sys_clk_pin). Large setup violations at the end of those stages might be difficult to fix during the post-placement implementation flow and could be the result of non-optimal XDC constraints or non-optimal design architecture
Related violations: <none>

TIMING-16#450 Warning
Large setup violation  
There is a large setup violation of -1.754 ns between vetrimodule/plotmd/graph_mod/y2_offi_reg[14]/C (clocked by sys_clk_pin) and vetrimodule/plotmd/graph_mod/poly2_y_reg[28][2]/D (clocked by sys_clk_pin). Large setup violations at the end of those stages might be difficult to fix during the post-placement implementation flow and could be the result of non-optimal XDC constraints or non-optimal design architecture
Related violations: <none>

TIMING-16#451 Warning
Large setup violation  
There is a large setup violation of -1.757 ns between vetrimodule/plotmd/graph_mod/y2_offi_reg[14]/C (clocked by sys_clk_pin) and vetrimodule/plotmd/graph_mod/poly2_y_reg[24][10]/D (clocked by sys_clk_pin). Large setup violations at the end of those stages might be difficult to fix during the post-placement implementation flow and could be the result of non-optimal XDC constraints or non-optimal design architecture
Related violations: <none>

TIMING-16#452 Warning
Large setup violation  
There is a large setup violation of -1.758 ns between nicmodule/cursor_y_reg[1]/C (clocked by sys_clk_pin) and nicmodule/matAdd_reg[0][1][0]/CE (clocked by sys_clk_pin). Large setup violations at the end of those stages might be difficult to fix during the post-placement implementation flow and could be the result of non-optimal XDC constraints or non-optimal design architecture
Related violations: <none>

TIMING-16#453 Warning
Large setup violation  
There is a large setup violation of -1.758 ns between nicmodule/cursor_y_reg[1]/C (clocked by sys_clk_pin) and nicmodule/matAdd_reg[0][1][1]/CE (clocked by sys_clk_pin). Large setup violations at the end of those stages might be difficult to fix during the post-placement implementation flow and could be the result of non-optimal XDC constraints or non-optimal design architecture
Related violations: <none>

TIMING-16#454 Warning
Large setup violation  
There is a large setup violation of -1.758 ns between nicmodule/cursor_y_reg[1]/C (clocked by sys_clk_pin) and nicmodule/matAdd_reg[0][1][2]/CE (clocked by sys_clk_pin). Large setup violations at the end of those stages might be difficult to fix during the post-placement implementation flow and could be the result of non-optimal XDC constraints or non-optimal design architecture
Related violations: <none>

TIMING-16#455 Warning
Large setup violation  
There is a large setup violation of -1.758 ns between nicmodule/cursor_y_reg[1]/C (clocked by sys_clk_pin) and nicmodule/matAdd_reg[0][1][3]/CE (clocked by sys_clk_pin). Large setup violations at the end of those stages might be difficult to fix during the post-placement implementation flow and could be the result of non-optimal XDC constraints or non-optimal design architecture
Related violations: <none>

TIMING-16#456 Warning
Large setup violation  
There is a large setup violation of -1.762 ns between vetrimodule/plotmd/graph_mod/y2_offi_reg[14]/C (clocked by sys_clk_pin) and vetrimodule/plotmd/graph_mod/poly2_y_reg[64][6]/D (clocked by sys_clk_pin). Large setup violations at the end of those stages might be difficult to fix during the post-placement implementation flow and could be the result of non-optimal XDC constraints or non-optimal design architecture
Related violations: <none>

TIMING-16#457 Warning
Large setup violation  
There is a large setup violation of -1.763 ns between nicmodule/cursor_y_reg[4]/C (clocked by sys_clk_pin) and nicmodule/matA_reg[0][0][3]/D (clocked by sys_clk_pin). Large setup violations at the end of those stages might be difficult to fix during the post-placement implementation flow and could be the result of non-optimal XDC constraints or non-optimal design architecture
Related violations: <none>

TIMING-16#458 Warning
Large setup violation  
There is a large setup violation of -1.764 ns between nicmodule/cursor_y_reg[1]/C (clocked by sys_clk_pin) and nicmodule/matAdd_reg[0][0][4]/CE (clocked by sys_clk_pin). Large setup violations at the end of those stages might be difficult to fix during the post-placement implementation flow and could be the result of non-optimal XDC constraints or non-optimal design architecture
Related violations: <none>

TIMING-16#459 Warning
Large setup violation  
There is a large setup violation of -1.764 ns between nicmodule/cursor_y_reg[1]/C (clocked by sys_clk_pin) and nicmodule/matAdd_reg[0][0][5]/CE (clocked by sys_clk_pin). Large setup violations at the end of those stages might be difficult to fix during the post-placement implementation flow and could be the result of non-optimal XDC constraints or non-optimal design architecture
Related violations: <none>

TIMING-16#460 Warning
Large setup violation  
There is a large setup violation of -1.764 ns between nicmodule/cursor_y_reg[1]/C (clocked by sys_clk_pin) and nicmodule/matAdd_reg[0][0][6]/CE (clocked by sys_clk_pin). Large setup violations at the end of those stages might be difficult to fix during the post-placement implementation flow and could be the result of non-optimal XDC constraints or non-optimal design architecture
Related violations: <none>

TIMING-16#461 Warning
Large setup violation  
There is a large setup violation of -1.764 ns between nicmodule/cursor_y_reg[1]/C (clocked by sys_clk_pin) and nicmodule/matAdd_reg[0][0][7]/CE (clocked by sys_clk_pin). Large setup violations at the end of those stages might be difficult to fix during the post-placement implementation flow and could be the result of non-optimal XDC constraints or non-optimal design architecture
Related violations: <none>

TIMING-16#462 Warning
Large setup violation  
There is a large setup violation of -1.764 ns between nicmodule/cursor_y_reg[4]/C (clocked by sys_clk_pin) and nicmodule/matA_reg[0][0][4]/CE (clocked by sys_clk_pin). Large setup violations at the end of those stages might be difficult to fix during the post-placement implementation flow and could be the result of non-optimal XDC constraints or non-optimal design architecture
Related violations: <none>

TIMING-16#463 Warning
Large setup violation  
There is a large setup violation of -1.764 ns between nicmodule/cursor_y_reg[4]/C (clocked by sys_clk_pin) and nicmodule/matA_reg[0][0][5]/CE (clocked by sys_clk_pin). Large setup violations at the end of those stages might be difficult to fix during the post-placement implementation flow and could be the result of non-optimal XDC constraints or non-optimal design architecture
Related violations: <none>

TIMING-16#464 Warning
Large setup violation  
There is a large setup violation of -1.766 ns between vetrimodule/plotmd/graph_mod/y2_offi_reg[14]/C (clocked by sys_clk_pin) and vetrimodule/plotmd/graph_mod/poly2_y_reg[58][1]/D (clocked by sys_clk_pin). Large setup violations at the end of those stages might be difficult to fix during the post-placement implementation flow and could be the result of non-optimal XDC constraints or non-optimal design architecture
Related violations: <none>

TIMING-16#465 Warning
Large setup violation  
There is a large setup violation of -1.770 ns between vetrimodule/approxmd/linreg_plot/calc_state_reg[2]/C (clocked by sys_clk_pin) and vetrimodule/approxmd/linreg_plot/sum_xy_reg[6]/D (clocked by sys_clk_pin). Large setup violations at the end of those stages might be difficult to fix during the post-placement implementation flow and could be the result of non-optimal XDC constraints or non-optimal design architecture
Related violations: <none>

TIMING-16#466 Warning
Large setup violation  
There is a large setup violation of -1.771 ns between nicmodule/cursor_y_reg[4]/C (clocked by sys_clk_pin) and nicmodule/matA_reg[1][0][2]/D (clocked by sys_clk_pin). Large setup violations at the end of those stages might be difficult to fix during the post-placement implementation flow and could be the result of non-optimal XDC constraints or non-optimal design architecture
Related violations: <none>

TIMING-16#467 Warning
Large setup violation  
There is a large setup violation of -1.772 ns between nicmodule/cursor_y_reg[1]/C (clocked by sys_clk_pin) and nicmodule/matA_saved_reg[1][1][6]/R (clocked by sys_clk_pin). Large setup violations at the end of those stages might be difficult to fix during the post-placement implementation flow and could be the result of non-optimal XDC constraints or non-optimal design architecture
Related violations: <none>

TIMING-16#468 Warning
Large setup violation  
There is a large setup violation of -1.773 ns between vetrimodule/plotmd/graph_mod/y2_offi_reg[14]/C (clocked by sys_clk_pin) and vetrimodule/plotmd/graph_mod/poly2_y_reg[55][1]/D (clocked by sys_clk_pin). Large setup violations at the end of those stages might be difficult to fix during the post-placement implementation flow and could be the result of non-optimal XDC constraints or non-optimal design architecture
Related violations: <none>

TIMING-16#469 Warning
Large setup violation  
There is a large setup violation of -1.775 ns between vetrimodule/plotmd/graph_mod/y2_offi_reg[14]/C (clocked by sys_clk_pin) and vetrimodule/plotmd/graph_mod/poly2_y_reg[16][15]/D (clocked by sys_clk_pin). Large setup violations at the end of those stages might be difficult to fix during the post-placement implementation flow and could be the result of non-optimal XDC constraints or non-optimal design architecture
Related violations: <none>

TIMING-16#470 Warning
Large setup violation  
There is a large setup violation of -1.777 ns between vetrimodule/plotmd/graph_mod/y2_offi_reg[14]/C (clocked by sys_clk_pin) and vetrimodule/plotmd/graph_mod/poly2_y_reg[17][10]/D (clocked by sys_clk_pin). Large setup violations at the end of those stages might be difficult to fix during the post-placement implementation flow and could be the result of non-optimal XDC constraints or non-optimal design architecture
Related violations: <none>

TIMING-16#471 Warning
Large setup violation  
There is a large setup violation of -1.778 ns between vetrimodule/plotmd/graph_mod/y2_offi_reg[14]/C (clocked by sys_clk_pin) and vetrimodule/plotmd/graph_mod/poly2_y_reg[6][2]/D (clocked by sys_clk_pin). Large setup violations at the end of those stages might be difficult to fix during the post-placement implementation flow and could be the result of non-optimal XDC constraints or non-optimal design architecture
Related violations: <none>

TIMING-16#472 Warning
Large setup violation  
There is a large setup violation of -1.781 ns between nicmodule/cursor_y_reg[4]/C (clocked by sys_clk_pin) and nicmodule/matB_reg[0][0][6]/CE (clocked by sys_clk_pin). Large setup violations at the end of those stages might be difficult to fix during the post-placement implementation flow and could be the result of non-optimal XDC constraints or non-optimal design architecture
Related violations: <none>

TIMING-16#473 Warning
Large setup violation  
There is a large setup violation of -1.781 ns between vetrimodule/plotmd/graph_mod/y2_offi_reg[14]/C (clocked by sys_clk_pin) and vetrimodule/plotmd/graph_mod/poly2_y_reg[56][1]/D (clocked by sys_clk_pin). Large setup violations at the end of those stages might be difficult to fix during the post-placement implementation flow and could be the result of non-optimal XDC constraints or non-optimal design architecture
Related violations: <none>

TIMING-16#474 Warning
Large setup violation  
There is a large setup violation of -1.782 ns between nicmodule/cursor_y_reg[4]/C (clocked by sys_clk_pin) and nicmodule/matB_reg[1][1][0]/CE (clocked by sys_clk_pin). Large setup violations at the end of those stages might be difficult to fix during the post-placement implementation flow and could be the result of non-optimal XDC constraints or non-optimal design architecture
Related violations: <none>

TIMING-16#475 Warning
Large setup violation  
There is a large setup violation of -1.782 ns between nicmodule/cursor_y_reg[4]/C (clocked by sys_clk_pin) and nicmodule/matB_reg[1][1][3]/CE (clocked by sys_clk_pin). Large setup violations at the end of those stages might be difficult to fix during the post-placement implementation flow and could be the result of non-optimal XDC constraints or non-optimal design architecture
Related violations: <none>

TIMING-16#476 Warning
Large setup violation  
There is a large setup violation of -1.782 ns between nicmodule/cursor_y_reg[4]/C (clocked by sys_clk_pin) and nicmodule/matB_reg[1][1][7]/CE (clocked by sys_clk_pin). Large setup violations at the end of those stages might be difficult to fix during the post-placement implementation flow and could be the result of non-optimal XDC constraints or non-optimal design architecture
Related violations: <none>

TIMING-16#477 Warning
Large setup violation  
There is a large setup violation of -1.783 ns between vetrimodule/plotmd/graph_mod/y2_offi_reg[14]/C (clocked by sys_clk_pin) and vetrimodule/plotmd/graph_mod/poly2_y_reg[19][1]/D (clocked by sys_clk_pin). Large setup violations at the end of those stages might be difficult to fix during the post-placement implementation flow and could be the result of non-optimal XDC constraints or non-optimal design architecture
Related violations: <none>

TIMING-16#478 Warning
Large setup violation  
There is a large setup violation of -1.795 ns between nicmodule/cursor_y_reg[5]/C (clocked by sys_clk_pin) and nicmodule/matB_reg[0][0][4]/D (clocked by sys_clk_pin). Large setup violations at the end of those stages might be difficult to fix during the post-placement implementation flow and could be the result of non-optimal XDC constraints or non-optimal design architecture
Related violations: <none>

TIMING-16#479 Warning
Large setup violation  
There is a large setup violation of -1.797 ns between vetrimodule/plotmd/graph_mod/y2_offi_reg[14]/C (clocked by sys_clk_pin) and vetrimodule/plotmd/graph_mod/poly2_y_reg[67][3]/D (clocked by sys_clk_pin). Large setup violations at the end of those stages might be difficult to fix during the post-placement implementation flow and could be the result of non-optimal XDC constraints or non-optimal design architecture
Related violations: <none>

TIMING-16#480 Warning
Large setup violation  
There is a large setup violation of -1.799 ns between nicmodule/cursor_y_reg[1]/C (clocked by sys_clk_pin) and nicmodule/matSub_reg[1][1][4]/R (clocked by sys_clk_pin). Large setup violations at the end of those stages might be difficult to fix during the post-placement implementation flow and could be the result of non-optimal XDC constraints or non-optimal design architecture
Related violations: <none>

TIMING-16#481 Warning
Large setup violation  
There is a large setup violation of -1.799 ns between nicmodule/cursor_y_reg[1]/C (clocked by sys_clk_pin) and nicmodule/matSub_reg[1][1][5]/R (clocked by sys_clk_pin). Large setup violations at the end of those stages might be difficult to fix during the post-placement implementation flow and could be the result of non-optimal XDC constraints or non-optimal design architecture
Related violations: <none>

TIMING-16#482 Warning
Large setup violation  
There is a large setup violation of -1.799 ns between nicmodule/cursor_y_reg[1]/C (clocked by sys_clk_pin) and nicmodule/matSub_reg[1][1][6]/R (clocked by sys_clk_pin). Large setup violations at the end of those stages might be difficult to fix during the post-placement implementation flow and could be the result of non-optimal XDC constraints or non-optimal design architecture
Related violations: <none>

TIMING-16#483 Warning
Large setup violation  
There is a large setup violation of -1.799 ns between nicmodule/cursor_y_reg[1]/C (clocked by sys_clk_pin) and nicmodule/matSub_reg[1][1][7]/R (clocked by sys_clk_pin). Large setup violations at the end of those stages might be difficult to fix during the post-placement implementation flow and could be the result of non-optimal XDC constraints or non-optimal design architecture
Related violations: <none>

TIMING-16#484 Warning
Large setup violation  
There is a large setup violation of -1.802 ns between nicmodule/cursor_y_reg[1]/C (clocked by sys_clk_pin) and nicmodule/matAdd_reg[0][1][0]/R (clocked by sys_clk_pin). Large setup violations at the end of those stages might be difficult to fix during the post-placement implementation flow and could be the result of non-optimal XDC constraints or non-optimal design architecture
Related violations: <none>

TIMING-16#485 Warning
Large setup violation  
There is a large setup violation of -1.802 ns between nicmodule/cursor_y_reg[1]/C (clocked by sys_clk_pin) and nicmodule/matAdd_reg[0][1][1]/R (clocked by sys_clk_pin). Large setup violations at the end of those stages might be difficult to fix during the post-placement implementation flow and could be the result of non-optimal XDC constraints or non-optimal design architecture
Related violations: <none>

TIMING-16#486 Warning
Large setup violation  
There is a large setup violation of -1.802 ns between nicmodule/cursor_y_reg[1]/C (clocked by sys_clk_pin) and nicmodule/matAdd_reg[0][1][2]/R (clocked by sys_clk_pin). Large setup violations at the end of those stages might be difficult to fix during the post-placement implementation flow and could be the result of non-optimal XDC constraints or non-optimal design architecture
Related violations: <none>

TIMING-16#487 Warning
Large setup violation  
There is a large setup violation of -1.802 ns between nicmodule/cursor_y_reg[1]/C (clocked by sys_clk_pin) and nicmodule/matAdd_reg[0][1][3]/R (clocked by sys_clk_pin). Large setup violations at the end of those stages might be difficult to fix during the post-placement implementation flow and could be the result of non-optimal XDC constraints or non-optimal design architecture
Related violations: <none>

TIMING-16#488 Warning
Large setup violation  
There is a large setup violation of -1.803 ns between vetrimodule/plotmd/graph_mod/y2_offi_reg[14]/C (clocked by sys_clk_pin) and vetrimodule/plotmd/graph_mod/poly2_y_reg[30][2]/D (clocked by sys_clk_pin). Large setup violations at the end of those stages might be difficult to fix during the post-placement implementation flow and could be the result of non-optimal XDC constraints or non-optimal design architecture
Related violations: <none>

TIMING-16#489 Warning
Large setup violation  
There is a large setup violation of -1.803 ns between vetrimodule/plotmd/graph_mod/y2_offi_reg[14]/C (clocked by sys_clk_pin) and vetrimodule/plotmd/graph_mod/poly2_y_reg[31][2]/D (clocked by sys_clk_pin). Large setup violations at the end of those stages might be difficult to fix during the post-placement implementation flow and could be the result of non-optimal XDC constraints or non-optimal design architecture
Related violations: <none>

TIMING-16#490 Warning
Large setup violation  
There is a large setup violation of -1.805 ns between vetrimodule/plotmd/graph_mod/y2_offi_reg[14]/C (clocked by sys_clk_pin) and vetrimodule/plotmd/graph_mod/poly2_y_reg[39][7]/D (clocked by sys_clk_pin). Large setup violations at the end of those stages might be difficult to fix during the post-placement implementation flow and could be the result of non-optimal XDC constraints or non-optimal design architecture
Related violations: <none>

TIMING-16#491 Warning
Large setup violation  
There is a large setup violation of -1.808 ns between nicmodule/cursor_y_reg[4]/C (clocked by sys_clk_pin) and nicmodule/matA_reg[0][1][5]/D (clocked by sys_clk_pin). Large setup violations at the end of those stages might be difficult to fix during the post-placement implementation flow and could be the result of non-optimal XDC constraints or non-optimal design architecture
Related violations: <none>

TIMING-16#492 Warning
Large setup violation  
There is a large setup violation of -1.818 ns between msemd/right_reg/C (clocked by sys_clk_pin) and vetrimodule/plotmd/graph_mod/poly2_y_reg[28][11]/CE (clocked by sys_clk_pin). Large setup violations at the end of those stages might be difficult to fix during the post-placement implementation flow and could be the result of non-optimal XDC constraints or non-optimal design architecture
Related violations: <none>

TIMING-16#493 Warning
Large setup violation  
There is a large setup violation of -1.818 ns between msemd/right_reg/C (clocked by sys_clk_pin) and vetrimodule/plotmd/graph_mod/poly2_y_reg[28][12]/CE (clocked by sys_clk_pin). Large setup violations at the end of those stages might be difficult to fix during the post-placement implementation flow and could be the result of non-optimal XDC constraints or non-optimal design architecture
Related violations: <none>

TIMING-16#494 Warning
Large setup violation  
There is a large setup violation of -1.818 ns between msemd/right_reg/C (clocked by sys_clk_pin) and vetrimodule/plotmd/graph_mod/poly2_y_reg[28][5]/CE (clocked by sys_clk_pin). Large setup violations at the end of those stages might be difficult to fix during the post-placement implementation flow and could be the result of non-optimal XDC constraints or non-optimal design architecture
Related violations: <none>

TIMING-16#495 Warning
Large setup violation  
There is a large setup violation of -1.818 ns between vetrimodule/plotmd/graph_mod/y2_offi_reg[14]/C (clocked by sys_clk_pin) and vetrimodule/plotmd/graph_mod/poly2_y_reg[41][13]/D (clocked by sys_clk_pin). Large setup violations at the end of those stages might be difficult to fix during the post-placement implementation flow and could be the result of non-optimal XDC constraints or non-optimal design architecture
Related violations: <none>

TIMING-16#496 Warning
Large setup violation  
There is a large setup violation of -1.820 ns between nicmodule/cursor_y_reg[1]/C (clocked by sys_clk_pin) and nicmodule/matAdd_reg[0][0][4]/R (clocked by sys_clk_pin). Large setup violations at the end of those stages might be difficult to fix during the post-placement implementation flow and could be the result of non-optimal XDC constraints or non-optimal design architecture
Related violations: <none>

TIMING-16#497 Warning
Large setup violation  
There is a large setup violation of -1.820 ns between nicmodule/cursor_y_reg[1]/C (clocked by sys_clk_pin) and nicmodule/matAdd_reg[0][0][5]/R (clocked by sys_clk_pin). Large setup violations at the end of those stages might be difficult to fix during the post-placement implementation flow and could be the result of non-optimal XDC constraints or non-optimal design architecture
Related violations: <none>

TIMING-16#498 Warning
Large setup violation  
There is a large setup violation of -1.820 ns between nicmodule/cursor_y_reg[1]/C (clocked by sys_clk_pin) and nicmodule/matAdd_reg[0][0][6]/R (clocked by sys_clk_pin). Large setup violations at the end of those stages might be difficult to fix during the post-placement implementation flow and could be the result of non-optimal XDC constraints or non-optimal design architecture
Related violations: <none>

TIMING-16#499 Warning
Large setup violation  
There is a large setup violation of -1.820 ns between nicmodule/cursor_y_reg[1]/C (clocked by sys_clk_pin) and nicmodule/matAdd_reg[0][0][7]/R (clocked by sys_clk_pin). Large setup violations at the end of those stages might be difficult to fix during the post-placement implementation flow and could be the result of non-optimal XDC constraints or non-optimal design architecture
Related violations: <none>

TIMING-16#500 Warning
Large setup violation  
There is a large setup violation of -1.825 ns between nicmodule/cursor_y_reg[1]/C (clocked by sys_clk_pin) and nicmodule/matAdd_reg[0][0][0]/R (clocked by sys_clk_pin). Large setup violations at the end of those stages might be difficult to fix during the post-placement implementation flow and could be the result of non-optimal XDC constraints or non-optimal design architecture
Related violations: <none>

TIMING-16#501 Warning
Large setup violation  
There is a large setup violation of -1.825 ns between nicmodule/cursor_y_reg[1]/C (clocked by sys_clk_pin) and nicmodule/matAdd_reg[0][0][1]/R (clocked by sys_clk_pin). Large setup violations at the end of those stages might be difficult to fix during the post-placement implementation flow and could be the result of non-optimal XDC constraints or non-optimal design architecture
Related violations: <none>

TIMING-16#502 Warning
Large setup violation  
There is a large setup violation of -1.825 ns between nicmodule/cursor_y_reg[1]/C (clocked by sys_clk_pin) and nicmodule/matAdd_reg[0][0][2]/R (clocked by sys_clk_pin). Large setup violations at the end of those stages might be difficult to fix during the post-placement implementation flow and could be the result of non-optimal XDC constraints or non-optimal design architecture
Related violations: <none>

TIMING-16#503 Warning
Large setup violation  
There is a large setup violation of -1.825 ns between nicmodule/cursor_y_reg[1]/C (clocked by sys_clk_pin) and nicmodule/matAdd_reg[0][0][3]/R (clocked by sys_clk_pin). Large setup violations at the end of those stages might be difficult to fix during the post-placement implementation flow and could be the result of non-optimal XDC constraints or non-optimal design architecture
Related violations: <none>

TIMING-16#504 Warning
Large setup violation  
There is a large setup violation of -1.829 ns between vetrimodule/plotmd/graph_mod/y2_offi_reg[14]/C (clocked by sys_clk_pin) and vetrimodule/plotmd/graph_mod/poly2_y_reg[20][9]/D (clocked by sys_clk_pin). Large setup violations at the end of those stages might be difficult to fix during the post-placement implementation flow and could be the result of non-optimal XDC constraints or non-optimal design architecture
Related violations: <none>

TIMING-16#505 Warning
Large setup violation  
There is a large setup violation of -1.830 ns between nicmodule/cursor_y_reg[1]/C (clocked by sys_clk_pin) and nicmodule/matMul_reg[0][0][4]/CE (clocked by sys_clk_pin). Large setup violations at the end of those stages might be difficult to fix during the post-placement implementation flow and could be the result of non-optimal XDC constraints or non-optimal design architecture
Related violations: <none>

TIMING-16#506 Warning
Large setup violation  
There is a large setup violation of -1.830 ns between nicmodule/cursor_y_reg[1]/C (clocked by sys_clk_pin) and nicmodule/matMul_reg[0][0][5]/CE (clocked by sys_clk_pin). Large setup violations at the end of those stages might be difficult to fix during the post-placement implementation flow and could be the result of non-optimal XDC constraints or non-optimal design architecture
Related violations: <none>

TIMING-16#507 Warning
Large setup violation  
There is a large setup violation of -1.830 ns between nicmodule/cursor_y_reg[1]/C (clocked by sys_clk_pin) and nicmodule/matMul_reg[0][0][6]/CE (clocked by sys_clk_pin). Large setup violations at the end of those stages might be difficult to fix during the post-placement implementation flow and could be the result of non-optimal XDC constraints or non-optimal design architecture
Related violations: <none>

TIMING-16#508 Warning
Large setup violation  
There is a large setup violation of -1.830 ns between nicmodule/cursor_y_reg[1]/C (clocked by sys_clk_pin) and nicmodule/matMul_reg[0][0][7]/CE (clocked by sys_clk_pin). Large setup violations at the end of those stages might be difficult to fix during the post-placement implementation flow and could be the result of non-optimal XDC constraints or non-optimal design architecture
Related violations: <none>

TIMING-16#509 Warning
Large setup violation  
There is a large setup violation of -1.834 ns between vetrimodule/plotmd/graph_mod/y2_offi_reg[14]/C (clocked by sys_clk_pin) and vetrimodule/plotmd/graph_mod/poly2_y_reg[47][9]/D (clocked by sys_clk_pin). Large setup violations at the end of those stages might be difficult to fix during the post-placement implementation flow and could be the result of non-optimal XDC constraints or non-optimal design architecture
Related violations: <none>

TIMING-16#510 Warning
Large setup violation  
There is a large setup violation of -1.835 ns between msemd/right_reg/C (clocked by sys_clk_pin) and vetrimodule/approxmd/linreg_plot/px1_reg[4]/CE (clocked by sys_clk_pin). Large setup violations at the end of those stages might be difficult to fix during the post-placement implementation flow and could be the result of non-optimal XDC constraints or non-optimal design architecture
Related violations: <none>

TIMING-16#511 Warning
Large setup violation  
There is a large setup violation of -1.836 ns between msemd/right_reg/C (clocked by sys_clk_pin) and vetrimodule/plotmd/graph_mod/poly1_y_reg[64][12]/CE (clocked by sys_clk_pin). Large setup violations at the end of those stages might be difficult to fix during the post-placement implementation flow and could be the result of non-optimal XDC constraints or non-optimal design architecture
Related violations: <none>

TIMING-16#512 Warning
Large setup violation  
There is a large setup violation of -1.836 ns between msemd/right_reg/C (clocked by sys_clk_pin) and vetrimodule/plotmd/graph_mod/poly1_y_reg[64][4]/CE (clocked by sys_clk_pin). Large setup violations at the end of those stages might be difficult to fix during the post-placement implementation flow and could be the result of non-optimal XDC constraints or non-optimal design architecture
Related violations: <none>

TIMING-16#513 Warning
Large setup violation  
There is a large setup violation of -1.836 ns between msemd/right_reg/C (clocked by sys_clk_pin) and vetrimodule/plotmd/graph_mod/poly2_y_reg[64][0]/CE (clocked by sys_clk_pin). Large setup violations at the end of those stages might be difficult to fix during the post-placement implementation flow and could be the result of non-optimal XDC constraints or non-optimal design architecture
Related violations: <none>

TIMING-16#514 Warning
Large setup violation  
There is a large setup violation of -1.842 ns between nicmodule/cursor_y_reg[5]/C (clocked by sys_clk_pin) and nicmodule/matA_reg[1][0][6]/CE (clocked by sys_clk_pin). Large setup violations at the end of those stages might be difficult to fix during the post-placement implementation flow and could be the result of non-optimal XDC constraints or non-optimal design architecture
Related violations: <none>

TIMING-16#515 Warning
Large setup violation  
There is a large setup violation of -1.842 ns between nicmodule/cursor_y_reg[5]/C (clocked by sys_clk_pin) and nicmodule/matA_reg[1][0][7]/CE (clocked by sys_clk_pin). Large setup violations at the end of those stages might be difficult to fix during the post-placement implementation flow and could be the result of non-optimal XDC constraints or non-optimal design architecture
Related violations: <none>

TIMING-16#516 Warning
Large setup violation  
There is a large setup violation of -1.848 ns between msemd/right_reg/C (clocked by sys_clk_pin) and vetrimodule/plotmd/graph_mod/poly1_y_reg[32][0]/CE (clocked by sys_clk_pin). Large setup violations at the end of those stages might be difficult to fix during the post-placement implementation flow and could be the result of non-optimal XDC constraints or non-optimal design architecture
Related violations: <none>

TIMING-16#517 Warning
Large setup violation  
There is a large setup violation of -1.848 ns between msemd/right_reg/C (clocked by sys_clk_pin) and vetrimodule/plotmd/graph_mod/poly2_y_reg[32][13]/CE (clocked by sys_clk_pin). Large setup violations at the end of those stages might be difficult to fix during the post-placement implementation flow and could be the result of non-optimal XDC constraints or non-optimal design architecture
Related violations: <none>

TIMING-16#518 Warning
Large setup violation  
There is a large setup violation of -1.848 ns between msemd/right_reg/C (clocked by sys_clk_pin) and vetrimodule/plotmd/graph_mod/poly2_y_reg[32][15]/CE (clocked by sys_clk_pin). Large setup violations at the end of those stages might be difficult to fix during the post-placement implementation flow and could be the result of non-optimal XDC constraints or non-optimal design architecture
Related violations: <none>

TIMING-16#519 Warning
Large setup violation  
There is a large setup violation of -1.849 ns between vetrimodule/plotmd/graph_mod/y2_offi_reg[14]/C (clocked by sys_clk_pin) and vetrimodule/plotmd/graph_mod/poly2_y_reg[22][6]/D (clocked by sys_clk_pin). Large setup violations at the end of those stages might be difficult to fix during the post-placement implementation flow and could be the result of non-optimal XDC constraints or non-optimal design architecture
Related violations: <none>

TIMING-16#520 Warning
Large setup violation  
There is a large setup violation of -1.851 ns between msemd/ypos_reg[11]/C (clocked by sys_clk_pin) and vetrimodule/approxmd/appx_oleddata_reg[15]/D (clocked by sys_clk_pin). Large setup violations at the end of those stages might be difficult to fix during the post-placement implementation flow and could be the result of non-optimal XDC constraints or non-optimal design architecture
Related violations: <none>

TIMING-16#521 Warning
Large setup violation  
There is a large setup violation of -1.851 ns between nicmodule/cursor_y_reg[4]/C (clocked by sys_clk_pin) and nicmodule/matA_reg[0][0][3]/CE (clocked by sys_clk_pin). Large setup violations at the end of those stages might be difficult to fix during the post-placement implementation flow and could be the result of non-optimal XDC constraints or non-optimal design architecture
Related violations: <none>

TIMING-16#522 Warning
Large setup violation  
There is a large setup violation of -1.855 ns between nicmodule/acc_cnt_reg[1]/C (clocked by sys_clk_pin) and nicmodule/det_val_reg[5]/D (clocked by sys_clk_pin). Large setup violations at the end of those stages might be difficult to fix during the post-placement implementation flow and could be the result of non-optimal XDC constraints or non-optimal design architecture
Related violations: <none>

TIMING-16#523 Warning
Large setup violation  
There is a large setup violation of -1.856 ns between nicmodule/cursor_y_reg[1]/C (clocked by sys_clk_pin) and nicmodule/matA_saved_reg[1][0][6]/R (clocked by sys_clk_pin). Large setup violations at the end of those stages might be difficult to fix during the post-placement implementation flow and could be the result of non-optimal XDC constraints or non-optimal design architecture
Related violations: <none>

TIMING-16#524 Warning
Large setup violation  
There is a large setup violation of -1.857 ns between nicmodule/cursor_y_reg[4]/C (clocked by sys_clk_pin) and nicmodule/matB_reg[0][0][2]/CE (clocked by sys_clk_pin). Large setup violations at the end of those stages might be difficult to fix during the post-placement implementation flow and could be the result of non-optimal XDC constraints or non-optimal design architecture
Related violations: <none>

TIMING-16#525 Warning
Large setup violation  
There is a large setup violation of -1.858 ns between msemd/right_reg/C (clocked by sys_clk_pin) and vetrimodule/plotmd/graph_mod/poly1_y_reg[67][7]/CE (clocked by sys_clk_pin). Large setup violations at the end of those stages might be difficult to fix during the post-placement implementation flow and could be the result of non-optimal XDC constraints or non-optimal design architecture
Related violations: <none>

TIMING-16#526 Warning
Large setup violation  
There is a large setup violation of -1.867 ns between vetrimodule/plotmd/graph_mod/y2_offi_reg[14]/C (clocked by sys_clk_pin) and vetrimodule/plotmd/graph_mod/poly2_y_reg[39][9]/D (clocked by sys_clk_pin). Large setup violations at the end of those stages might be difficult to fix during the post-placement implementation flow and could be the result of non-optimal XDC constraints or non-optimal design architecture
Related violations: <none>

TIMING-16#527 Warning
Large setup violation  
There is a large setup violation of -1.869 ns between nicmodule/cursor_y_reg[4]/C (clocked by sys_clk_pin) and nicmodule/matA_reg[0][1][4]/D (clocked by sys_clk_pin). Large setup violations at the end of those stages might be difficult to fix during the post-placement implementation flow and could be the result of non-optimal XDC constraints or non-optimal design architecture
Related violations: <none>

TIMING-16#528 Warning
Large setup violation  
There is a large setup violation of -1.879 ns between vetrimodule/plotmd/graph_mod/y2_offi_reg[14]/C (clocked by sys_clk_pin) and vetrimodule/plotmd/graph_mod/poly2_y_reg[41][1]/D (clocked by sys_clk_pin). Large setup violations at the end of those stages might be difficult to fix during the post-placement implementation flow and could be the result of non-optimal XDC constraints or non-optimal design architecture
Related violations: <none>

TIMING-16#529 Warning
Large setup violation  
There is a large setup violation of -1.881 ns between vetrimodule/plotmd/graph_mod/y2_offi_reg[14]/C (clocked by sys_clk_pin) and vetrimodule/plotmd/graph_mod/poly2_y_reg[24][2]/D (clocked by sys_clk_pin). Large setup violations at the end of those stages might be difficult to fix during the post-placement implementation flow and could be the result of non-optimal XDC constraints or non-optimal design architecture
Related violations: <none>

TIMING-16#530 Warning
Large setup violation  
There is a large setup violation of -1.883 ns between nicmodule/cursor_y_reg[1]/C (clocked by sys_clk_pin) and nicmodule/matMul_reg[1][0][0]/R (clocked by sys_clk_pin). Large setup violations at the end of those stages might be difficult to fix during the post-placement implementation flow and could be the result of non-optimal XDC constraints or non-optimal design architecture
Related violations: <none>

TIMING-16#531 Warning
Large setup violation  
There is a large setup violation of -1.883 ns between nicmodule/cursor_y_reg[1]/C (clocked by sys_clk_pin) and nicmodule/matMul_reg[1][0][1]/R (clocked by sys_clk_pin). Large setup violations at the end of those stages might be difficult to fix during the post-placement implementation flow and could be the result of non-optimal XDC constraints or non-optimal design architecture
Related violations: <none>

TIMING-16#532 Warning
Large setup violation  
There is a large setup violation of -1.883 ns between nicmodule/cursor_y_reg[1]/C (clocked by sys_clk_pin) and nicmodule/matMul_reg[1][0][2]/R (clocked by sys_clk_pin). Large setup violations at the end of those stages might be difficult to fix during the post-placement implementation flow and could be the result of non-optimal XDC constraints or non-optimal design architecture
Related violations: <none>

TIMING-16#533 Warning
Large setup violation  
There is a large setup violation of -1.883 ns between nicmodule/cursor_y_reg[1]/C (clocked by sys_clk_pin) and nicmodule/matMul_reg[1][0][3]/R (clocked by sys_clk_pin). Large setup violations at the end of those stages might be difficult to fix during the post-placement implementation flow and could be the result of non-optimal XDC constraints or non-optimal design architecture
Related violations: <none>

TIMING-16#534 Warning
Large setup violation  
There is a large setup violation of -1.885 ns between nicmodule/cursor_y_reg[1]/C (clocked by sys_clk_pin) and nicmodule/matSub_reg[1][1][4]/CE (clocked by sys_clk_pin). Large setup violations at the end of those stages might be difficult to fix during the post-placement implementation flow and could be the result of non-optimal XDC constraints or non-optimal design architecture
Related violations: <none>

TIMING-16#535 Warning
Large setup violation  
There is a large setup violation of -1.885 ns between nicmodule/cursor_y_reg[1]/C (clocked by sys_clk_pin) and nicmodule/matSub_reg[1][1][5]/CE (clocked by sys_clk_pin). Large setup violations at the end of those stages might be difficult to fix during the post-placement implementation flow and could be the result of non-optimal XDC constraints or non-optimal design architecture
Related violations: <none>

TIMING-16#536 Warning
Large setup violation  
There is a large setup violation of -1.885 ns between nicmodule/cursor_y_reg[1]/C (clocked by sys_clk_pin) and nicmodule/matSub_reg[1][1][6]/CE (clocked by sys_clk_pin). Large setup violations at the end of those stages might be difficult to fix during the post-placement implementation flow and could be the result of non-optimal XDC constraints or non-optimal design architecture
Related violations: <none>

TIMING-16#537 Warning
Large setup violation  
There is a large setup violation of -1.885 ns between nicmodule/cursor_y_reg[1]/C (clocked by sys_clk_pin) and nicmodule/matSub_reg[1][1][7]/CE (clocked by sys_clk_pin). Large setup violations at the end of those stages might be difficult to fix during the post-placement implementation flow and could be the result of non-optimal XDC constraints or non-optimal design architecture
Related violations: <none>

TIMING-16#538 Warning
Large setup violation  
There is a large setup violation of -1.891 ns between nicmodule/cursor_y_reg[1]/C (clocked by sys_clk_pin) and nicmodule/matA_saved_reg[1][0][3]/R (clocked by sys_clk_pin). Large setup violations at the end of those stages might be difficult to fix during the post-placement implementation flow and could be the result of non-optimal XDC constraints or non-optimal design architecture
Related violations: <none>

TIMING-16#539 Warning
Large setup violation  
There is a large setup violation of -1.893 ns between vetrimodule/plotmd/graph_mod/y2_offi_reg[14]/C (clocked by sys_clk_pin) and vetrimodule/plotmd/graph_mod/poly2_y_reg[69][3]/D (clocked by sys_clk_pin). Large setup violations at the end of those stages might be difficult to fix during the post-placement implementation flow and could be the result of non-optimal XDC constraints or non-optimal design architecture
Related violations: <none>

TIMING-16#540 Warning
Large setup violation  
There is a large setup violation of -1.893 ns between vetrimodule/plotmd/graph_mod/y2_offi_reg[14]/C (clocked by sys_clk_pin) and vetrimodule/plotmd/graph_mod/poly2_y_reg[70][3]/D (clocked by sys_clk_pin). Large setup violations at the end of those stages might be difficult to fix during the post-placement implementation flow and could be the result of non-optimal XDC constraints or non-optimal design architecture
Related violations: <none>

TIMING-16#541 Warning
Large setup violation  
There is a large setup violation of -1.895 ns between nicmodule/cursor_y_reg[1]/C (clocked by sys_clk_pin) and nicmodule/matSub_reg[1][1][0]/CE (clocked by sys_clk_pin). Large setup violations at the end of those stages might be difficult to fix during the post-placement implementation flow and could be the result of non-optimal XDC constraints or non-optimal design architecture
Related violations: <none>

TIMING-16#542 Warning
Large setup violation  
There is a large setup violation of -1.895 ns between nicmodule/cursor_y_reg[1]/C (clocked by sys_clk_pin) and nicmodule/matSub_reg[1][1][1]/CE (clocked by sys_clk_pin). Large setup violations at the end of those stages might be difficult to fix during the post-placement implementation flow and could be the result of non-optimal XDC constraints or non-optimal design architecture
Related violations: <none>

TIMING-16#543 Warning
Large setup violation  
There is a large setup violation of -1.895 ns between nicmodule/cursor_y_reg[1]/C (clocked by sys_clk_pin) and nicmodule/matSub_reg[1][1][2]/CE (clocked by sys_clk_pin). Large setup violations at the end of those stages might be difficult to fix during the post-placement implementation flow and could be the result of non-optimal XDC constraints or non-optimal design architecture
Related violations: <none>

TIMING-16#544 Warning
Large setup violation  
There is a large setup violation of -1.895 ns between nicmodule/cursor_y_reg[1]/C (clocked by sys_clk_pin) and nicmodule/matSub_reg[1][1][3]/CE (clocked by sys_clk_pin). Large setup violations at the end of those stages might be difficult to fix during the post-placement implementation flow and could be the result of non-optimal XDC constraints or non-optimal design architecture
Related violations: <none>

TIMING-16#545 Warning
Large setup violation  
There is a large setup violation of -1.896 ns between nicmodule/cursor_y_reg[5]/C (clocked by sys_clk_pin) and nicmodule/matA_reg[1][0][5]/CE (clocked by sys_clk_pin). Large setup violations at the end of those stages might be difficult to fix during the post-placement implementation flow and could be the result of non-optimal XDC constraints or non-optimal design architecture
Related violations: <none>

TIMING-16#546 Warning
Large setup violation  
There is a large setup violation of -1.897 ns between nicmodule/cursor_y_reg[1]/C (clocked by sys_clk_pin) and nicmodule/matMul_reg[0][1][0]/R (clocked by sys_clk_pin). Large setup violations at the end of those stages might be difficult to fix during the post-placement implementation flow and could be the result of non-optimal XDC constraints or non-optimal design architecture
Related violations: <none>

TIMING-16#547 Warning
Large setup violation  
There is a large setup violation of -1.897 ns between nicmodule/cursor_y_reg[1]/C (clocked by sys_clk_pin) and nicmodule/matMul_reg[0][1][1]/R (clocked by sys_clk_pin). Large setup violations at the end of those stages might be difficult to fix during the post-placement implementation flow and could be the result of non-optimal XDC constraints or non-optimal design architecture
Related violations: <none>

TIMING-16#548 Warning
Large setup violation  
There is a large setup violation of -1.897 ns between nicmodule/cursor_y_reg[1]/C (clocked by sys_clk_pin) and nicmodule/matMul_reg[0][1][2]/R (clocked by sys_clk_pin). Large setup violations at the end of those stages might be difficult to fix during the post-placement implementation flow and could be the result of non-optimal XDC constraints or non-optimal design architecture
Related violations: <none>

TIMING-16#549 Warning
Large setup violation  
There is a large setup violation of -1.897 ns between nicmodule/cursor_y_reg[1]/C (clocked by sys_clk_pin) and nicmodule/matMul_reg[0][1][3]/R (clocked by sys_clk_pin). Large setup violations at the end of those stages might be difficult to fix during the post-placement implementation flow and could be the result of non-optimal XDC constraints or non-optimal design architecture
Related violations: <none>

TIMING-16#550 Warning
Large setup violation  
There is a large setup violation of -1.897 ns between vetrimodule/plotmd/graph_mod/z_num_reg[2]/C (clocked by sys_clk_pin) and vetrimodule/plotmd/graph_mod/k1_00/A[18] (clocked by sys_clk_pin). Large setup violations at the end of those stages might be difficult to fix during the post-placement implementation flow and could be the result of non-optimal XDC constraints or non-optimal design architecture
Related violations: <none>

TIMING-16#551 Warning
Large setup violation  
There is a large setup violation of -1.901 ns between vetrimodule/plotmd/graph_mod/y2_offi_reg[14]/C (clocked by sys_clk_pin) and vetrimodule/plotmd/graph_mod/poly2_y_reg[24][7]/D (clocked by sys_clk_pin). Large setup violations at the end of those stages might be difficult to fix during the post-placement implementation flow and could be the result of non-optimal XDC constraints or non-optimal design architecture
Related violations: <none>

TIMING-16#552 Warning
Large setup violation  
There is a large setup violation of -1.901 ns between vetrimodule/plotmd/graph_mod/y2_offi_reg[14]/C (clocked by sys_clk_pin) and vetrimodule/plotmd/graph_mod/poly2_y_reg[68][10]/D (clocked by sys_clk_pin). Large setup violations at the end of those stages might be difficult to fix during the post-placement implementation flow and could be the result of non-optimal XDC constraints or non-optimal design architecture
Related violations: <none>

TIMING-16#553 Warning
Large setup violation  
There is a large setup violation of -1.904 ns between nicmodule/cursor_y_reg[1]/C (clocked by sys_clk_pin) and nicmodule/matAdd_reg[0][0][0]/CE (clocked by sys_clk_pin). Large setup violations at the end of those stages might be difficult to fix during the post-placement implementation flow and could be the result of non-optimal XDC constraints or non-optimal design architecture
Related violations: <none>

TIMING-16#554 Warning
Large setup violation  
There is a large setup violation of -1.904 ns between nicmodule/cursor_y_reg[1]/C (clocked by sys_clk_pin) and nicmodule/matAdd_reg[0][0][1]/CE (clocked by sys_clk_pin). Large setup violations at the end of those stages might be difficult to fix during the post-placement implementation flow and could be the result of non-optimal XDC constraints or non-optimal design architecture
Related violations: <none>

TIMING-16#555 Warning
Large setup violation  
There is a large setup violation of -1.904 ns between nicmodule/cursor_y_reg[1]/C (clocked by sys_clk_pin) and nicmodule/matAdd_reg[0][0][2]/CE (clocked by sys_clk_pin). Large setup violations at the end of those stages might be difficult to fix during the post-placement implementation flow and could be the result of non-optimal XDC constraints or non-optimal design architecture
Related violations: <none>

TIMING-16#556 Warning
Large setup violation  
There is a large setup violation of -1.904 ns between nicmodule/cursor_y_reg[1]/C (clocked by sys_clk_pin) and nicmodule/matAdd_reg[0][0][3]/CE (clocked by sys_clk_pin). Large setup violations at the end of those stages might be difficult to fix during the post-placement implementation flow and could be the result of non-optimal XDC constraints or non-optimal design architecture
Related violations: <none>

TIMING-16#557 Warning
Large setup violation  
There is a large setup violation of -1.904 ns between vetrimodule/plotmd/graph_mod/y2_offi_reg[14]/C (clocked by sys_clk_pin) and vetrimodule/plotmd/graph_mod/poly2_y_reg[22][3]/D (clocked by sys_clk_pin). Large setup violations at the end of those stages might be difficult to fix during the post-placement implementation flow and could be the result of non-optimal XDC constraints or non-optimal design architecture
Related violations: <none>

TIMING-16#558 Warning
Large setup violation  
There is a large setup violation of -1.904 ns between vetrimodule/plotmd/graph_mod/y2_offi_reg[14]/C (clocked by sys_clk_pin) and vetrimodule/plotmd/graph_mod/poly2_y_reg[33][3]/D (clocked by sys_clk_pin). Large setup violations at the end of those stages might be difficult to fix during the post-placement implementation flow and could be the result of non-optimal XDC constraints or non-optimal design architecture
Related violations: <none>

TIMING-16#559 Warning
Large setup violation  
There is a large setup violation of -1.908 ns between vetrimodule/plotmd/graph_mod/y2_offi_reg[14]/C (clocked by sys_clk_pin) and vetrimodule/plotmd/graph_mod/poly2_y_reg[21][7]/D (clocked by sys_clk_pin). Large setup violations at the end of those stages might be difficult to fix during the post-placement implementation flow and could be the result of non-optimal XDC constraints or non-optimal design architecture
Related violations: <none>

TIMING-16#560 Warning
Large setup violation  
There is a large setup violation of -1.909 ns between vetrimodule/plotmd/graph_mod/y2_offi_reg[14]/C (clocked by sys_clk_pin) and vetrimodule/plotmd/graph_mod/poly2_y_reg[15][6]/D (clocked by sys_clk_pin). Large setup violations at the end of those stages might be difficult to fix during the post-placement implementation flow and could be the result of non-optimal XDC constraints or non-optimal design architecture
Related violations: <none>

TIMING-16#561 Warning
Large setup violation  
There is a large setup violation of -1.910 ns between vetrimodule/plotmd/graph_mod/y2_offi_reg[14]/C (clocked by sys_clk_pin) and vetrimodule/plotmd/graph_mod/poly2_y_reg[34][10]/D (clocked by sys_clk_pin). Large setup violations at the end of those stages might be difficult to fix during the post-placement implementation flow and could be the result of non-optimal XDC constraints or non-optimal design architecture
Related violations: <none>

TIMING-16#562 Warning
Large setup violation  
There is a large setup violation of -1.912 ns between nicmodule/cursor_y_reg[4]/C (clocked by sys_clk_pin) and nicmodule/matA_reg[0][1][3]/CE (clocked by sys_clk_pin). Large setup violations at the end of those stages might be difficult to fix during the post-placement implementation flow and could be the result of non-optimal XDC constraints or non-optimal design architecture
Related violations: <none>

TIMING-16#563 Warning
Large setup violation  
There is a large setup violation of -1.917 ns between vetrimodule/plotmd/graph_mod/y2_offi_reg[14]/C (clocked by sys_clk_pin) and vetrimodule/plotmd/graph_mod/poly2_y_reg[23][6]/D (clocked by sys_clk_pin). Large setup violations at the end of those stages might be difficult to fix during the post-placement implementation flow and could be the result of non-optimal XDC constraints or non-optimal design architecture
Related violations: <none>

TIMING-16#564 Warning
Large setup violation  
There is a large setup violation of -1.920 ns between nicmodule/cursor_y_reg[1]/C (clocked by sys_clk_pin) and nicmodule/matB_reg[0][1][7]/CE (clocked by sys_clk_pin). Large setup violations at the end of those stages might be difficult to fix during the post-placement implementation flow and could be the result of non-optimal XDC constraints or non-optimal design architecture
Related violations: <none>

TIMING-16#565 Warning
Large setup violation  
There is a large setup violation of -1.924 ns between vetrimodule/plotmd/graph_mod/y2_offi_reg[14]/C (clocked by sys_clk_pin) and vetrimodule/plotmd/graph_mod/poly2_y_reg[37][7]/D (clocked by sys_clk_pin). Large setup violations at the end of those stages might be difficult to fix during the post-placement implementation flow and could be the result of non-optimal XDC constraints or non-optimal design architecture
Related violations: <none>

TIMING-16#566 Warning
Large setup violation  
There is a large setup violation of -1.929 ns between nicmodule/cursor_y_reg[1]/C (clocked by sys_clk_pin) and nicmodule/matA_saved_reg[1][1][4]/CE (clocked by sys_clk_pin). Large setup violations at the end of those stages might be difficult to fix during the post-placement implementation flow and could be the result of non-optimal XDC constraints or non-optimal design architecture
Related violations: <none>

TIMING-16#567 Warning
Large setup violation  
There is a large setup violation of -1.930 ns between vetrimodule/plotmd/graph_mod/y2_offi_reg[14]/C (clocked by sys_clk_pin) and vetrimodule/plotmd/graph_mod/poly2_y_reg[62][8]/D (clocked by sys_clk_pin). Large setup violations at the end of those stages might be difficult to fix during the post-placement implementation flow and could be the result of non-optimal XDC constraints or non-optimal design architecture
Related violations: <none>

TIMING-16#568 Warning
Large setup violation  
There is a large setup violation of -1.932 ns between vetrimodule/plotmd/graph_mod/y2_offi_reg[14]/C (clocked by sys_clk_pin) and vetrimodule/plotmd/graph_mod/poly2_y_reg[67][1]/D (clocked by sys_clk_pin). Large setup violations at the end of those stages might be difficult to fix during the post-placement implementation flow and could be the result of non-optimal XDC constraints or non-optimal design architecture
Related violations: <none>

TIMING-16#569 Warning
Large setup violation  
There is a large setup violation of -1.933 ns between vetrimodule/plotmd/graph_mod/y2_offi_reg[14]/C (clocked by sys_clk_pin) and vetrimodule/plotmd/graph_mod/poly2_y_reg[36][6]/D (clocked by sys_clk_pin). Large setup violations at the end of those stages might be difficult to fix during the post-placement implementation flow and could be the result of non-optimal XDC constraints or non-optimal design architecture
Related violations: <none>

TIMING-16#570 Warning
Large setup violation  
There is a large setup violation of -1.933 ns between vetrimodule/plotmd/graph_mod/y2_offi_reg[14]/C (clocked by sys_clk_pin) and vetrimodule/plotmd/graph_mod/poly2_y_reg[71][10]/D (clocked by sys_clk_pin). Large setup violations at the end of those stages might be difficult to fix during the post-placement implementation flow and could be the result of non-optimal XDC constraints or non-optimal design architecture
Related violations: <none>

TIMING-16#571 Warning
Large setup violation  
There is a large setup violation of -1.938 ns between nicmodule/cursor_y_reg[1]/C (clocked by sys_clk_pin) and nicmodule/matA_saved_reg[0][1][2]/R (clocked by sys_clk_pin). Large setup violations at the end of those stages might be difficult to fix during the post-placement implementation flow and could be the result of non-optimal XDC constraints or non-optimal design architecture
Related violations: <none>

TIMING-16#572 Warning
Large setup violation  
There is a large setup violation of -1.938 ns between nicmodule/cursor_y_reg[1]/C (clocked by sys_clk_pin) and nicmodule/matA_saved_reg[1][0][2]/R (clocked by sys_clk_pin). Large setup violations at the end of those stages might be difficult to fix during the post-placement implementation flow and could be the result of non-optimal XDC constraints or non-optimal design architecture
Related violations: <none>

TIMING-16#573 Warning
Large setup violation  
There is a large setup violation of -1.938 ns between nicmodule/cursor_y_reg[1]/C (clocked by sys_clk_pin) and nicmodule/matA_saved_reg[1][1][0]/R (clocked by sys_clk_pin). Large setup violations at the end of those stages might be difficult to fix during the post-placement implementation flow and could be the result of non-optimal XDC constraints or non-optimal design architecture
Related violations: <none>

TIMING-16#574 Warning
Large setup violation  
There is a large setup violation of -1.938 ns between nicmodule/cursor_y_reg[4]/C (clocked by sys_clk_pin) and nicmodule/matA_reg[0][1][1]/CE (clocked by sys_clk_pin). Large setup violations at the end of those stages might be difficult to fix during the post-placement implementation flow and could be the result of non-optimal XDC constraints or non-optimal design architecture
Related violations: <none>

TIMING-16#575 Warning
Large setup violation  
There is a large setup violation of -1.941 ns between nicmodule/cursor_y_reg[1]/C (clocked by sys_clk_pin) and nicmodule/matSub_reg[1][1][0]/R (clocked by sys_clk_pin). Large setup violations at the end of those stages might be difficult to fix during the post-placement implementation flow and could be the result of non-optimal XDC constraints or non-optimal design architecture
Related violations: <none>

TIMING-16#576 Warning
Large setup violation  
There is a large setup violation of -1.941 ns between nicmodule/cursor_y_reg[1]/C (clocked by sys_clk_pin) and nicmodule/matSub_reg[1][1][1]/R (clocked by sys_clk_pin). Large setup violations at the end of those stages might be difficult to fix during the post-placement implementation flow and could be the result of non-optimal XDC constraints or non-optimal design architecture
Related violations: <none>

TIMING-16#577 Warning
Large setup violation  
There is a large setup violation of -1.941 ns between nicmodule/cursor_y_reg[1]/C (clocked by sys_clk_pin) and nicmodule/matSub_reg[1][1][2]/R (clocked by sys_clk_pin). Large setup violations at the end of those stages might be difficult to fix during the post-placement implementation flow and could be the result of non-optimal XDC constraints or non-optimal design architecture
Related violations: <none>

TIMING-16#578 Warning
Large setup violation  
There is a large setup violation of -1.941 ns between nicmodule/cursor_y_reg[1]/C (clocked by sys_clk_pin) and nicmodule/matSub_reg[1][1][3]/R (clocked by sys_clk_pin). Large setup violations at the end of those stages might be difficult to fix during the post-placement implementation flow and could be the result of non-optimal XDC constraints or non-optimal design architecture
Related violations: <none>

TIMING-16#579 Warning
Large setup violation  
There is a large setup violation of -1.948 ns between nicmodule/cursor_y_reg[1]/C (clocked by sys_clk_pin) and nicmodule/matB_reg[0][1][2]/CE (clocked by sys_clk_pin). Large setup violations at the end of those stages might be difficult to fix during the post-placement implementation flow and could be the result of non-optimal XDC constraints or non-optimal design architecture
Related violations: <none>

TIMING-16#580 Warning
Large setup violation  
There is a large setup violation of -1.948 ns between nicmodule/cursor_y_reg[1]/C (clocked by sys_clk_pin) and nicmodule/matB_reg[0][1][3]/CE (clocked by sys_clk_pin). Large setup violations at the end of those stages might be difficult to fix during the post-placement implementation flow and could be the result of non-optimal XDC constraints or non-optimal design architecture
Related violations: <none>

TIMING-16#581 Warning
Large setup violation  
There is a large setup violation of -1.948 ns between nicmodule/cursor_y_reg[1]/C (clocked by sys_clk_pin) and nicmodule/matB_reg[0][1][5]/CE (clocked by sys_clk_pin). Large setup violations at the end of those stages might be difficult to fix during the post-placement implementation flow and could be the result of non-optimal XDC constraints or non-optimal design architecture
Related violations: <none>

TIMING-16#582 Warning
Large setup violation  
There is a large setup violation of -1.948 ns between nicmodule/cursor_y_reg[4]/C (clocked by sys_clk_pin) and nicmodule/matB_reg[0][1][3]/D (clocked by sys_clk_pin). Large setup violations at the end of those stages might be difficult to fix during the post-placement implementation flow and could be the result of non-optimal XDC constraints or non-optimal design architecture
Related violations: <none>

TIMING-16#583 Warning
Large setup violation  
There is a large setup violation of -1.949 ns between nicmodule/acc_mag_reg[0]/C (clocked by sys_clk_pin) and nicmodule/matMul_reg[1][1][4]/D (clocked by sys_clk_pin). Large setup violations at the end of those stages might be difficult to fix during the post-placement implementation flow and could be the result of non-optimal XDC constraints or non-optimal design architecture
Related violations: <none>

TIMING-16#584 Warning
Large setup violation  
There is a large setup violation of -1.953 ns between nicmodule/cursor_y_reg[4]/C (clocked by sys_clk_pin) and nicmodule/matB_reg[1][1][5]/CE (clocked by sys_clk_pin). Large setup violations at the end of those stages might be difficult to fix during the post-placement implementation flow and could be the result of non-optimal XDC constraints or non-optimal design architecture
Related violations: <none>

TIMING-16#585 Warning
Large setup violation  
There is a large setup violation of -1.957 ns between vetrimodule/plotmd/graph_mod/y2_offi_reg[14]/C (clocked by sys_clk_pin) and vetrimodule/plotmd/graph_mod/poly2_y_reg[68][1]/D (clocked by sys_clk_pin). Large setup violations at the end of those stages might be difficult to fix during the post-placement implementation flow and could be the result of non-optimal XDC constraints or non-optimal design architecture
Related violations: <none>

TIMING-16#586 Warning
Large setup violation  
There is a large setup violation of -1.962 ns between nicmodule/cursor_y_reg[4]/C (clocked by sys_clk_pin) and nicmodule/matB_reg[1][1][2]/CE (clocked by sys_clk_pin). Large setup violations at the end of those stages might be difficult to fix during the post-placement implementation flow and could be the result of non-optimal XDC constraints or non-optimal design architecture
Related violations: <none>

TIMING-16#587 Warning
Large setup violation  
There is a large setup violation of -1.966 ns between msemd/right_reg/C (clocked by sys_clk_pin) and vetrimodule/plotmd/graph_mod/poly1_y_reg[71][2]/CE (clocked by sys_clk_pin). Large setup violations at the end of those stages might be difficult to fix during the post-placement implementation flow and could be the result of non-optimal XDC constraints or non-optimal design architecture
Related violations: <none>

TIMING-16#588 Warning
Large setup violation  
There is a large setup violation of -1.971 ns between vetrimodule/plotmd/graph_mod/y2_offi_reg[14]/C (clocked by sys_clk_pin) and vetrimodule/plotmd/graph_mod/poly2_y_reg[61][9]/D (clocked by sys_clk_pin). Large setup violations at the end of those stages might be difficult to fix during the post-placement implementation flow and could be the result of non-optimal XDC constraints or non-optimal design architecture
Related violations: <none>

TIMING-16#589 Warning
Large setup violation  
There is a large setup violation of -1.972 ns between msemd/xpos_reg[6]/C (clocked by sys_clk_pin) and ryanmodule/coef_b_reg[1]__0/CE (clocked by sys_clk_pin). Large setup violations at the end of those stages might be difficult to fix during the post-placement implementation flow and could be the result of non-optimal XDC constraints or non-optimal design architecture
Related violations: <none>

TIMING-16#590 Warning
Large setup violation  
There is a large setup violation of -1.976 ns between nicmodule/cursor_y_reg[1]/C (clocked by sys_clk_pin) and nicmodule/matA_saved_reg[1][1][6]/CE (clocked by sys_clk_pin). Large setup violations at the end of those stages might be difficult to fix during the post-placement implementation flow and could be the result of non-optimal XDC constraints or non-optimal design architecture
Related violations: <none>

TIMING-16#591 Warning
Large setup violation  
There is a large setup violation of -1.977 ns between vetrimodule/plotmd/graph_mod/y2_offi_reg[14]/C (clocked by sys_clk_pin) and vetrimodule/plotmd/graph_mod/poly2_y_reg[1][9]/D (clocked by sys_clk_pin). Large setup violations at the end of those stages might be difficult to fix during the post-placement implementation flow and could be the result of non-optimal XDC constraints or non-optimal design architecture
Related violations: <none>

TIMING-16#592 Warning
Large setup violation  
There is a large setup violation of -1.982 ns between msemd/right_reg/C (clocked by sys_clk_pin) and vetrimodule/plotmd/graph_mod/poly1_y_reg[20][12]/CE (clocked by sys_clk_pin). Large setup violations at the end of those stages might be difficult to fix during the post-placement implementation flow and could be the result of non-optimal XDC constraints or non-optimal design architecture
Related violations: <none>

TIMING-16#593 Warning
Large setup violation  
There is a large setup violation of -1.983 ns between nicmodule/cursor_y_reg[1]/C (clocked by sys_clk_pin) and nicmodule/matAdd_reg[1][1][4]/CE (clocked by sys_clk_pin). Large setup violations at the end of those stages might be difficult to fix during the post-placement implementation flow and could be the result of non-optimal XDC constraints or non-optimal design architecture
Related violations: <none>

TIMING-16#594 Warning
Large setup violation  
There is a large setup violation of -1.983 ns between nicmodule/cursor_y_reg[1]/C (clocked by sys_clk_pin) and nicmodule/matAdd_reg[1][1][5]/CE (clocked by sys_clk_pin). Large setup violations at the end of those stages might be difficult to fix during the post-placement implementation flow and could be the result of non-optimal XDC constraints or non-optimal design architecture
Related violations: <none>

TIMING-16#595 Warning
Large setup violation  
There is a large setup violation of -1.983 ns between nicmodule/cursor_y_reg[1]/C (clocked by sys_clk_pin) and nicmodule/matAdd_reg[1][1][6]/CE (clocked by sys_clk_pin). Large setup violations at the end of those stages might be difficult to fix during the post-placement implementation flow and could be the result of non-optimal XDC constraints or non-optimal design architecture
Related violations: <none>

TIMING-16#596 Warning
Large setup violation  
There is a large setup violation of -1.983 ns between nicmodule/cursor_y_reg[1]/C (clocked by sys_clk_pin) and nicmodule/matAdd_reg[1][1][7]/CE (clocked by sys_clk_pin). Large setup violations at the end of those stages might be difficult to fix during the post-placement implementation flow and could be the result of non-optimal XDC constraints or non-optimal design architecture
Related violations: <none>

TIMING-16#597 Warning
Large setup violation  
There is a large setup violation of -1.989 ns between nicmodule/cursor_y_reg[5]/C (clocked by sys_clk_pin) and nicmodule/adj_reg[1][1][2]/CE (clocked by sys_clk_pin). Large setup violations at the end of those stages might be difficult to fix during the post-placement implementation flow and could be the result of non-optimal XDC constraints or non-optimal design architecture
Related violations: <none>

TIMING-16#598 Warning
Large setup violation  
There is a large setup violation of -1.989 ns between nicmodule/cursor_y_reg[5]/C (clocked by sys_clk_pin) and nicmodule/adj_reg[1][1][5]/CE (clocked by sys_clk_pin). Large setup violations at the end of those stages might be difficult to fix during the post-placement implementation flow and could be the result of non-optimal XDC constraints or non-optimal design architecture
Related violations: <none>

TIMING-16#599 Warning
Large setup violation  
There is a large setup violation of -1.990 ns between msemd/right_reg/C (clocked by sys_clk_pin) and vetrimodule/approxmd/linreg_plot/py1_reg[2]/CE (clocked by sys_clk_pin). Large setup violations at the end of those stages might be difficult to fix during the post-placement implementation flow and could be the result of non-optimal XDC constraints or non-optimal design architecture
Related violations: <none>

TIMING-16#600 Warning
Large setup violation  
There is a large setup violation of -1.990 ns between msemd/right_reg/C (clocked by sys_clk_pin) and vetrimodule/approxmd/linreg_plot/py1_reg[3]/CE (clocked by sys_clk_pin). Large setup violations at the end of those stages might be difficult to fix during the post-placement implementation flow and could be the result of non-optimal XDC constraints or non-optimal design architecture
Related violations: <none>

TIMING-16#601 Warning
Large setup violation  
There is a large setup violation of -1.990 ns between msemd/right_reg/C (clocked by sys_clk_pin) and vetrimodule/approxmd/linreg_plot/py1_reg[4]/CE (clocked by sys_clk_pin). Large setup violations at the end of those stages might be difficult to fix during the post-placement implementation flow and could be the result of non-optimal XDC constraints or non-optimal design architecture
Related violations: <none>

TIMING-16#602 Warning
Large setup violation  
There is a large setup violation of -1.990 ns between msemd/right_reg/C (clocked by sys_clk_pin) and vetrimodule/approxmd/linreg_plot/py1_reg[5]/CE (clocked by sys_clk_pin). Large setup violations at the end of those stages might be difficult to fix during the post-placement implementation flow and could be the result of non-optimal XDC constraints or non-optimal design architecture
Related violations: <none>

TIMING-16#603 Warning
Large setup violation  
There is a large setup violation of -1.991 ns between nicmodule/cursor_y_reg[5]/C (clocked by sys_clk_pin) and nicmodule/adj_reg[1][1][0]/CE (clocked by sys_clk_pin). Large setup violations at the end of those stages might be difficult to fix during the post-placement implementation flow and could be the result of non-optimal XDC constraints or non-optimal design architecture
Related violations: <none>

TIMING-16#604 Warning
Large setup violation  
There is a large setup violation of -1.991 ns between nicmodule/cursor_y_reg[5]/C (clocked by sys_clk_pin) and nicmodule/adj_reg[1][1][3]/CE (clocked by sys_clk_pin). Large setup violations at the end of those stages might be difficult to fix during the post-placement implementation flow and could be the result of non-optimal XDC constraints or non-optimal design architecture
Related violations: <none>

TIMING-16#605 Warning
Large setup violation  
There is a large setup violation of -1.992 ns between vetrimodule/plotmd/graph_mod/y2_offi_reg[14]/C (clocked by sys_clk_pin) and vetrimodule/plotmd/graph_mod/poly2_y_reg[64][9]/D (clocked by sys_clk_pin). Large setup violations at the end of those stages might be difficult to fix during the post-placement implementation flow and could be the result of non-optimal XDC constraints or non-optimal design architecture
Related violations: <none>

TIMING-16#606 Warning
Large setup violation  
There is a large setup violation of -1.993 ns between nicmodule/cursor_y_reg[1]/C (clocked by sys_clk_pin) and nicmodule/matA_saved_reg[0][1][6]/R (clocked by sys_clk_pin). Large setup violations at the end of those stages might be difficult to fix during the post-placement implementation flow and could be the result of non-optimal XDC constraints or non-optimal design architecture
Related violations: <none>

TIMING-16#607 Warning
Large setup violation  
There is a large setup violation of -1.994 ns between nicmodule/cursor_y_reg[1]/C (clocked by sys_clk_pin) and nicmodule/matA_saved_reg[1][1][4]/R (clocked by sys_clk_pin). Large setup violations at the end of those stages might be difficult to fix during the post-placement implementation flow and could be the result of non-optimal XDC constraints or non-optimal design architecture
Related violations: <none>

TIMING-16#608 Warning
Large setup violation  
There is a large setup violation of -1.998 ns between vetrimodule/plotmd/graph_mod/y2_offi_reg[14]/C (clocked by sys_clk_pin) and vetrimodule/plotmd/graph_mod/poly2_y_reg[70][9]/D (clocked by sys_clk_pin). Large setup violations at the end of those stages might be difficult to fix during the post-placement implementation flow and could be the result of non-optimal XDC constraints or non-optimal design architecture
Related violations: <none>

TIMING-16#609 Warning
Large setup violation  
There is a large setup violation of -2.001 ns between vetrimodule/plotmd/graph_mod/y2_offi_reg[14]/C (clocked by sys_clk_pin) and vetrimodule/plotmd/graph_mod/poly2_y_reg[62][9]/D (clocked by sys_clk_pin). Large setup violations at the end of those stages might be difficult to fix during the post-placement implementation flow and could be the result of non-optimal XDC constraints or non-optimal design architecture
Related violations: <none>

TIMING-16#610 Warning
Large setup violation  
There is a large setup violation of -2.005 ns between nicmodule/cursor_y_reg[1]/C (clocked by sys_clk_pin) and nicmodule/matA_saved_reg[1][0][7]/CE (clocked by sys_clk_pin). Large setup violations at the end of those stages might be difficult to fix during the post-placement implementation flow and could be the result of non-optimal XDC constraints or non-optimal design architecture
Related violations: <none>

TIMING-16#611 Warning
Large setup violation  
There is a large setup violation of -2.005 ns between nicmodule/cursor_y_reg[1]/C (clocked by sys_clk_pin) and nicmodule/matA_saved_reg[1][1][5]/CE (clocked by sys_clk_pin). Large setup violations at the end of those stages might be difficult to fix during the post-placement implementation flow and could be the result of non-optimal XDC constraints or non-optimal design architecture
Related violations: <none>

TIMING-16#612 Warning
Large setup violation  
There is a large setup violation of -2.008 ns between vetrimodule/plotmd/graph_mod/y2_offi_reg[14]/C (clocked by sys_clk_pin) and vetrimodule/plotmd/graph_mod/poly2_y_reg[66][9]/D (clocked by sys_clk_pin). Large setup violations at the end of those stages might be difficult to fix during the post-placement implementation flow and could be the result of non-optimal XDC constraints or non-optimal design architecture
Related violations: <none>

TIMING-16#613 Warning
Large setup violation  
There is a large setup violation of -2.009 ns between nicmodule/col_reg[0]/C (clocked by sys_clk_pin) and nicmodule/matMul_reg[0][1][4]/D (clocked by sys_clk_pin). Large setup violations at the end of those stages might be difficult to fix during the post-placement implementation flow and could be the result of non-optimal XDC constraints or non-optimal design architecture
Related violations: <none>

TIMING-16#614 Warning
Large setup violation  
There is a large setup violation of -2.016 ns between msemd/right_reg/C (clocked by sys_clk_pin) and vetrimodule/plotmd/graph_mod/poly1_y_reg[86][15]/CE (clocked by sys_clk_pin). Large setup violations at the end of those stages might be difficult to fix during the post-placement implementation flow and could be the result of non-optimal XDC constraints or non-optimal design architecture
Related violations: <none>

TIMING-16#615 Warning
Large setup violation  
There is a large setup violation of -2.016 ns between msemd/right_reg/C (clocked by sys_clk_pin) and vetrimodule/plotmd/graph_mod/poly1_y_reg[86][4]/CE (clocked by sys_clk_pin). Large setup violations at the end of those stages might be difficult to fix during the post-placement implementation flow and could be the result of non-optimal XDC constraints or non-optimal design architecture
Related violations: <none>

TIMING-16#616 Warning
Large setup violation  
There is a large setup violation of -2.018 ns between nicmodule/cursor_y_reg[1]/C (clocked by sys_clk_pin) and nicmodule/matA_saved_reg[0][0][2]/R (clocked by sys_clk_pin). Large setup violations at the end of those stages might be difficult to fix during the post-placement implementation flow and could be the result of non-optimal XDC constraints or non-optimal design architecture
Related violations: <none>

TIMING-16#617 Warning
Large setup violation  
There is a large setup violation of -2.018 ns between nicmodule/cursor_y_reg[1]/C (clocked by sys_clk_pin) and nicmodule/matA_saved_reg[0][0][5]/R (clocked by sys_clk_pin). Large setup violations at the end of those stages might be difficult to fix during the post-placement implementation flow and could be the result of non-optimal XDC constraints or non-optimal design architecture
Related violations: <none>

TIMING-16#618 Warning
Large setup violation  
There is a large setup violation of -2.019 ns between nicmodule/cursor_y_reg[1]/C (clocked by sys_clk_pin) and nicmodule/matA_saved_reg[0][1][1]/R (clocked by sys_clk_pin). Large setup violations at the end of those stages might be difficult to fix during the post-placement implementation flow and could be the result of non-optimal XDC constraints or non-optimal design architecture
Related violations: <none>

TIMING-16#619 Warning
Large setup violation  
There is a large setup violation of -2.019 ns between nicmodule/cursor_y_reg[1]/C (clocked by sys_clk_pin) and nicmodule/matA_saved_reg[0][1][5]/R (clocked by sys_clk_pin). Large setup violations at the end of those stages might be difficult to fix during the post-placement implementation flow and could be the result of non-optimal XDC constraints or non-optimal design architecture
Related violations: <none>

TIMING-16#620 Warning
Large setup violation  
There is a large setup violation of -2.024 ns between nicmodule/cursor_y_reg[1]/C (clocked by sys_clk_pin) and nicmodule/matA_saved_reg[0][1][0]/R (clocked by sys_clk_pin). Large setup violations at the end of those stages might be difficult to fix during the post-placement implementation flow and could be the result of non-optimal XDC constraints or non-optimal design architecture
Related violations: <none>

TIMING-16#621 Warning
Large setup violation  
There is a large setup violation of -2.024 ns between nicmodule/cursor_y_reg[1]/C (clocked by sys_clk_pin) and nicmodule/matA_saved_reg[0][1][7]/R (clocked by sys_clk_pin). Large setup violations at the end of those stages might be difficult to fix during the post-placement implementation flow and could be the result of non-optimal XDC constraints or non-optimal design architecture
Related violations: <none>

TIMING-16#622 Warning
Large setup violation  
There is a large setup violation of -2.031 ns between nicmodule/cursor_y_reg[4]/C (clocked by sys_clk_pin) and nicmodule/matA_reg[0][0][1]/CE (clocked by sys_clk_pin). Large setup violations at the end of those stages might be difficult to fix during the post-placement implementation flow and could be the result of non-optimal XDC constraints or non-optimal design architecture
Related violations: <none>

TIMING-16#623 Warning
Large setup violation  
There is a large setup violation of -2.031 ns between nicmodule/cursor_y_reg[4]/C (clocked by sys_clk_pin) and nicmodule/matA_reg[0][0][6]/CE (clocked by sys_clk_pin). Large setup violations at the end of those stages might be difficult to fix during the post-placement implementation flow and could be the result of non-optimal XDC constraints or non-optimal design architecture
Related violations: <none>

TIMING-16#624 Warning
Large setup violation  
There is a large setup violation of -2.031 ns between nicmodule/cursor_y_reg[4]/C (clocked by sys_clk_pin) and nicmodule/matA_reg[0][0][7]/CE (clocked by sys_clk_pin). Large setup violations at the end of those stages might be difficult to fix during the post-placement implementation flow and could be the result of non-optimal XDC constraints or non-optimal design architecture
Related violations: <none>

TIMING-16#625 Warning
Large setup violation  
There is a large setup violation of -2.033 ns between nicmodule/cursor_y_reg[5]/C (clocked by sys_clk_pin) and nicmodule/matB_reg[1][1][6]/D (clocked by sys_clk_pin). Large setup violations at the end of those stages might be difficult to fix during the post-placement implementation flow and could be the result of non-optimal XDC constraints or non-optimal design architecture
Related violations: <none>

TIMING-16#626 Warning
Large setup violation  
There is a large setup violation of -2.034 ns between nicmodule/cursor_y_reg[4]/C (clocked by sys_clk_pin) and nicmodule/matB_reg[0][0][1]/CE (clocked by sys_clk_pin). Large setup violations at the end of those stages might be difficult to fix during the post-placement implementation flow and could be the result of non-optimal XDC constraints or non-optimal design architecture
Related violations: <none>

TIMING-16#627 Warning
Large setup violation  
There is a large setup violation of -2.035 ns between vetrimodule/plotmd/graph_mod/y2_offi_reg[14]/C (clocked by sys_clk_pin) and vetrimodule/plotmd/graph_mod/poly2_y_reg[45][1]/D (clocked by sys_clk_pin). Large setup violations at the end of those stages might be difficult to fix during the post-placement implementation flow and could be the result of non-optimal XDC constraints or non-optimal design architecture
Related violations: <none>

TIMING-16#628 Warning
Large setup violation  
There is a large setup violation of -2.036 ns between vetrimodule/plotmd/graph_mod/y2_offi_reg[14]/C (clocked by sys_clk_pin) and vetrimodule/plotmd/graph_mod/poly2_y_reg[42][8]/D (clocked by sys_clk_pin). Large setup violations at the end of those stages might be difficult to fix during the post-placement implementation flow and could be the result of non-optimal XDC constraints or non-optimal design architecture
Related violations: <none>

TIMING-16#629 Warning
Large setup violation  
There is a large setup violation of -2.036 ns between vetrimodule/plotmd/graph_mod/y2_offi_reg[14]/C (clocked by sys_clk_pin) and vetrimodule/plotmd/graph_mod/poly2_y_reg[60][1]/D (clocked by sys_clk_pin). Large setup violations at the end of those stages might be difficult to fix during the post-placement implementation flow and could be the result of non-optimal XDC constraints or non-optimal design architecture
Related violations: <none>

TIMING-16#630 Warning
Large setup violation  
There is a large setup violation of -2.037 ns between nicmodule/cursor_y_reg[1]/C (clocked by sys_clk_pin) and nicmodule/matAdd_reg[1][1][0]/R (clocked by sys_clk_pin). Large setup violations at the end of those stages might be difficult to fix during the post-placement implementation flow and could be the result of non-optimal XDC constraints or non-optimal design architecture
Related violations: <none>

TIMING-16#631 Warning
Large setup violation  
There is a large setup violation of -2.037 ns between nicmodule/cursor_y_reg[1]/C (clocked by sys_clk_pin) and nicmodule/matAdd_reg[1][1][1]/R (clocked by sys_clk_pin). Large setup violations at the end of those stages might be difficult to fix during the post-placement implementation flow and could be the result of non-optimal XDC constraints or non-optimal design architecture
Related violations: <none>

TIMING-16#632 Warning
Large setup violation  
There is a large setup violation of -2.037 ns between nicmodule/cursor_y_reg[1]/C (clocked by sys_clk_pin) and nicmodule/matAdd_reg[1][1][2]/R (clocked by sys_clk_pin). Large setup violations at the end of those stages might be difficult to fix during the post-placement implementation flow and could be the result of non-optimal XDC constraints or non-optimal design architecture
Related violations: <none>

TIMING-16#633 Warning
Large setup violation  
There is a large setup violation of -2.037 ns between nicmodule/cursor_y_reg[1]/C (clocked by sys_clk_pin) and nicmodule/matAdd_reg[1][1][3]/R (clocked by sys_clk_pin). Large setup violations at the end of those stages might be difficult to fix during the post-placement implementation flow and could be the result of non-optimal XDC constraints or non-optimal design architecture
Related violations: <none>

TIMING-16#634 Warning
Large setup violation  
There is a large setup violation of -2.042 ns between vetrimodule/plotmd/graph_mod/y2_offi_reg[14]/C (clocked by sys_clk_pin) and vetrimodule/plotmd/graph_mod/poly2_y_reg[25][7]/D (clocked by sys_clk_pin). Large setup violations at the end of those stages might be difficult to fix during the post-placement implementation flow and could be the result of non-optimal XDC constraints or non-optimal design architecture
Related violations: <none>

TIMING-16#635 Warning
Large setup violation  
There is a large setup violation of -2.042 ns between vetrimodule/plotmd/graph_mod/y2_offi_reg[14]/C (clocked by sys_clk_pin) and vetrimodule/plotmd/graph_mod/poly2_y_reg[68][15]/D (clocked by sys_clk_pin). Large setup violations at the end of those stages might be difficult to fix during the post-placement implementation flow and could be the result of non-optimal XDC constraints or non-optimal design architecture
Related violations: <none>

TIMING-16#636 Warning
Large setup violation  
There is a large setup violation of -2.061 ns between vetrimodule/plotmd/graph_mod/y2_offi_reg[14]/C (clocked by sys_clk_pin) and vetrimodule/plotmd/graph_mod/poly2_y_reg[64][1]/D (clocked by sys_clk_pin). Large setup violations at the end of those stages might be difficult to fix during the post-placement implementation flow and could be the result of non-optimal XDC constraints or non-optimal design architecture
Related violations: <none>

TIMING-16#637 Warning
Large setup violation  
There is a large setup violation of -2.063 ns between vetrimodule/plotmd/graph_mod/y2_offi_reg[14]/C (clocked by sys_clk_pin) and vetrimodule/plotmd/graph_mod/poly2_y_reg[33][7]/D (clocked by sys_clk_pin). Large setup violations at the end of those stages might be difficult to fix during the post-placement implementation flow and could be the result of non-optimal XDC constraints or non-optimal design architecture
Related violations: <none>

TIMING-16#638 Warning
Large setup violation  
There is a large setup violation of -2.066 ns between vetrimodule/plotmd/graph_mod/y2_offi_reg[14]/C (clocked by sys_clk_pin) and vetrimodule/plotmd/graph_mod/poly2_y_reg[23][10]/D (clocked by sys_clk_pin). Large setup violations at the end of those stages might be difficult to fix during the post-placement implementation flow and could be the result of non-optimal XDC constraints or non-optimal design architecture
Related violations: <none>

TIMING-16#639 Warning
Large setup violation  
There is a large setup violation of -2.072 ns between nicmodule/cursor_y_reg[5]/C (clocked by sys_clk_pin) and nicmodule/matB_reg[1][1][3]/D (clocked by sys_clk_pin). Large setup violations at the end of those stages might be difficult to fix during the post-placement implementation flow and could be the result of non-optimal XDC constraints or non-optimal design architecture
Related violations: <none>

TIMING-16#640 Warning
Large setup violation  
There is a large setup violation of -2.073 ns between vetrimodule/plotmd/graph_mod/y2_offi_reg[14]/C (clocked by sys_clk_pin) and vetrimodule/plotmd/graph_mod/poly2_y_reg[72][1]/D (clocked by sys_clk_pin). Large setup violations at the end of those stages might be difficult to fix during the post-placement implementation flow and could be the result of non-optimal XDC constraints or non-optimal design architecture
Related violations: <none>

TIMING-16#641 Warning
Large setup violation  
There is a large setup violation of -2.077 ns between vetrimodule/plotmd/graph_mod/y2_offi_reg[14]/C (clocked by sys_clk_pin) and vetrimodule/plotmd/graph_mod/poly2_y_reg[41][7]/D (clocked by sys_clk_pin). Large setup violations at the end of those stages might be difficult to fix during the post-placement implementation flow and could be the result of non-optimal XDC constraints or non-optimal design architecture
Related violations: <none>

TIMING-16#642 Warning
Large setup violation  
There is a large setup violation of -2.080 ns between nicmodule/cursor_y_reg[1]/C (clocked by sys_clk_pin) and nicmodule/matSub_reg[0][1][4]/R (clocked by sys_clk_pin). Large setup violations at the end of those stages might be difficult to fix during the post-placement implementation flow and could be the result of non-optimal XDC constraints or non-optimal design architecture
Related violations: <none>

TIMING-16#643 Warning
Large setup violation  
There is a large setup violation of -2.080 ns between nicmodule/cursor_y_reg[1]/C (clocked by sys_clk_pin) and nicmodule/matSub_reg[0][1][5]/R (clocked by sys_clk_pin). Large setup violations at the end of those stages might be difficult to fix during the post-placement implementation flow and could be the result of non-optimal XDC constraints or non-optimal design architecture
Related violations: <none>

TIMING-16#644 Warning
Large setup violation  
There is a large setup violation of -2.080 ns between nicmodule/cursor_y_reg[1]/C (clocked by sys_clk_pin) and nicmodule/matSub_reg[0][1][6]/R (clocked by sys_clk_pin). Large setup violations at the end of those stages might be difficult to fix during the post-placement implementation flow and could be the result of non-optimal XDC constraints or non-optimal design architecture
Related violations: <none>

TIMING-16#645 Warning
Large setup violation  
There is a large setup violation of -2.080 ns between nicmodule/cursor_y_reg[1]/C (clocked by sys_clk_pin) and nicmodule/matSub_reg[0][1][7]/R (clocked by sys_clk_pin). Large setup violations at the end of those stages might be difficult to fix during the post-placement implementation flow and could be the result of non-optimal XDC constraints or non-optimal design architecture
Related violations: <none>

TIMING-16#646 Warning
Large setup violation  
There is a large setup violation of -2.081 ns between vetrimodule/plotmd/graph_mod/y2_offi_reg[14]/C (clocked by sys_clk_pin) and vetrimodule/plotmd/graph_mod/poly2_y_reg[72][10]/D (clocked by sys_clk_pin). Large setup violations at the end of those stages might be difficult to fix during the post-placement implementation flow and could be the result of non-optimal XDC constraints or non-optimal design architecture
Related violations: <none>

TIMING-16#647 Warning
Large setup violation  
There is a large setup violation of -2.086 ns between nicmodule/cursor_y_reg[1]/C (clocked by sys_clk_pin) and nicmodule/matAdd_reg[1][1][4]/R (clocked by sys_clk_pin). Large setup violations at the end of those stages might be difficult to fix during the post-placement implementation flow and could be the result of non-optimal XDC constraints or non-optimal design architecture
Related violations: <none>

TIMING-16#648 Warning
Large setup violation  
There is a large setup violation of -2.086 ns between nicmodule/cursor_y_reg[1]/C (clocked by sys_clk_pin) and nicmodule/matAdd_reg[1][1][5]/R (clocked by sys_clk_pin). Large setup violations at the end of those stages might be difficult to fix during the post-placement implementation flow and could be the result of non-optimal XDC constraints or non-optimal design architecture
Related violations: <none>

TIMING-16#649 Warning
Large setup violation  
There is a large setup violation of -2.086 ns between nicmodule/cursor_y_reg[1]/C (clocked by sys_clk_pin) and nicmodule/matAdd_reg[1][1][6]/R (clocked by sys_clk_pin). Large setup violations at the end of those stages might be difficult to fix during the post-placement implementation flow and could be the result of non-optimal XDC constraints or non-optimal design architecture
Related violations: <none>

TIMING-16#650 Warning
Large setup violation  
There is a large setup violation of -2.086 ns between nicmodule/cursor_y_reg[1]/C (clocked by sys_clk_pin) and nicmodule/matAdd_reg[1][1][7]/R (clocked by sys_clk_pin). Large setup violations at the end of those stages might be difficult to fix during the post-placement implementation flow and could be the result of non-optimal XDC constraints or non-optimal design architecture
Related violations: <none>

TIMING-16#651 Warning
Large setup violation  
There is a large setup violation of -2.088 ns between nicmodule/cursor_y_reg[1]/C (clocked by sys_clk_pin) and nicmodule/matA_saved_reg[0][1][4]/R (clocked by sys_clk_pin). Large setup violations at the end of those stages might be difficult to fix during the post-placement implementation flow and could be the result of non-optimal XDC constraints or non-optimal design architecture
Related violations: <none>

TIMING-16#652 Warning
Large setup violation  
There is a large setup violation of -2.088 ns between nicmodule/cursor_y_reg[1]/C (clocked by sys_clk_pin) and nicmodule/matA_saved_reg[1][0][4]/R (clocked by sys_clk_pin). Large setup violations at the end of those stages might be difficult to fix during the post-placement implementation flow and could be the result of non-optimal XDC constraints or non-optimal design architecture
Related violations: <none>

TIMING-16#653 Warning
Large setup violation  
There is a large setup violation of -2.088 ns between nicmodule/cursor_y_reg[1]/C (clocked by sys_clk_pin) and nicmodule/matA_saved_reg[1][0][5]/R (clocked by sys_clk_pin). Large setup violations at the end of those stages might be difficult to fix during the post-placement implementation flow and could be the result of non-optimal XDC constraints or non-optimal design architecture
Related violations: <none>

TIMING-16#654 Warning
Large setup violation  
There is a large setup violation of -2.090 ns between vetrimodule/plotmd/graph_mod/y2_offi_reg[14]/C (clocked by sys_clk_pin) and vetrimodule/plotmd/graph_mod/poly2_y_reg[29][10]/D (clocked by sys_clk_pin). Large setup violations at the end of those stages might be difficult to fix during the post-placement implementation flow and could be the result of non-optimal XDC constraints or non-optimal design architecture
Related violations: <none>

TIMING-16#655 Warning
Large setup violation  
There is a large setup violation of -2.093 ns between nicmodule/cursor_y_reg[1]/C (clocked by sys_clk_pin) and nicmodule/matAdd_reg[1][0][0]/CE (clocked by sys_clk_pin). Large setup violations at the end of those stages might be difficult to fix during the post-placement implementation flow and could be the result of non-optimal XDC constraints or non-optimal design architecture
Related violations: <none>

TIMING-16#656 Warning
Large setup violation  
There is a large setup violation of -2.093 ns between nicmodule/cursor_y_reg[1]/C (clocked by sys_clk_pin) and nicmodule/matAdd_reg[1][0][1]/CE (clocked by sys_clk_pin). Large setup violations at the end of those stages might be difficult to fix during the post-placement implementation flow and could be the result of non-optimal XDC constraints or non-optimal design architecture
Related violations: <none>

TIMING-16#657 Warning
Large setup violation  
There is a large setup violation of -2.093 ns between nicmodule/cursor_y_reg[1]/C (clocked by sys_clk_pin) and nicmodule/matAdd_reg[1][0][2]/CE (clocked by sys_clk_pin). Large setup violations at the end of those stages might be difficult to fix during the post-placement implementation flow and could be the result of non-optimal XDC constraints or non-optimal design architecture
Related violations: <none>

TIMING-16#658 Warning
Large setup violation  
There is a large setup violation of -2.093 ns between nicmodule/cursor_y_reg[1]/C (clocked by sys_clk_pin) and nicmodule/matAdd_reg[1][0][3]/CE (clocked by sys_clk_pin). Large setup violations at the end of those stages might be difficult to fix during the post-placement implementation flow and could be the result of non-optimal XDC constraints or non-optimal design architecture
Related violations: <none>

TIMING-16#659 Warning
Large setup violation  
There is a large setup violation of -2.102 ns between nicmodule/cursor_y_reg[4]/C (clocked by sys_clk_pin) and nicmodule/matB_reg[0][0][5]/D (clocked by sys_clk_pin). Large setup violations at the end of those stages might be difficult to fix during the post-placement implementation flow and could be the result of non-optimal XDC constraints or non-optimal design architecture
Related violations: <none>

TIMING-16#660 Warning
Large setup violation  
There is a large setup violation of -2.105 ns between msemd/right_reg/C (clocked by sys_clk_pin) and vetrimodule/plotmd/graph_mod/poly1_y_reg[86][6]/CE (clocked by sys_clk_pin). Large setup violations at the end of those stages might be difficult to fix during the post-placement implementation flow and could be the result of non-optimal XDC constraints or non-optimal design architecture
Related violations: <none>

TIMING-16#661 Warning
Large setup violation  
There is a large setup violation of -2.105 ns between nicmodule/cursor_y_reg[1]/C (clocked by sys_clk_pin) and nicmodule/matB_reg[0][1][1]/CE (clocked by sys_clk_pin). Large setup violations at the end of those stages might be difficult to fix during the post-placement implementation flow and could be the result of non-optimal XDC constraints or non-optimal design architecture
Related violations: <none>

TIMING-16#662 Warning
Large setup violation  
There is a large setup violation of -2.106 ns between vetrimodule/approxmd/linreg_plot/sum_x_reg[1]/C (clocked by sys_clk_pin) and vetrimodule/approxmd/linreg_plot/temp1_reg[10]/D (clocked by sys_clk_pin). Large setup violations at the end of those stages might be difficult to fix during the post-placement implementation flow and could be the result of non-optimal XDC constraints or non-optimal design architecture
Related violations: <none>

TIMING-16#663 Warning
Large setup violation  
There is a large setup violation of -2.111 ns between msemd/right_reg/C (clocked by sys_clk_pin) and vetrimodule/plotmd/graph_mod/poly1_y_reg[20][2]/CE (clocked by sys_clk_pin). Large setup violations at the end of those stages might be difficult to fix during the post-placement implementation flow and could be the result of non-optimal XDC constraints or non-optimal design architecture
Related violations: <none>

TIMING-16#664 Warning
Large setup violation  
There is a large setup violation of -2.111 ns between msemd/right_reg/C (clocked by sys_clk_pin) and vetrimodule/plotmd/graph_mod/poly2_y_reg[20][11]/CE (clocked by sys_clk_pin). Large setup violations at the end of those stages might be difficult to fix during the post-placement implementation flow and could be the result of non-optimal XDC constraints or non-optimal design architecture
Related violations: <none>

TIMING-16#665 Warning
Large setup violation  
There is a large setup violation of -2.111 ns between msemd/right_reg/C (clocked by sys_clk_pin) and vetrimodule/plotmd/graph_mod/poly2_y_reg[20][5]/CE (clocked by sys_clk_pin). Large setup violations at the end of those stages might be difficult to fix during the post-placement implementation flow and could be the result of non-optimal XDC constraints or non-optimal design architecture
Related violations: <none>

TIMING-16#666 Warning
Large setup violation  
There is a large setup violation of -2.116 ns between vetrimodule/plotmd/graph_mod/y2_offi_reg[14]/C (clocked by sys_clk_pin) and vetrimodule/plotmd/graph_mod/poly2_y_reg[70][10]/D (clocked by sys_clk_pin). Large setup violations at the end of those stages might be difficult to fix during the post-placement implementation flow and could be the result of non-optimal XDC constraints or non-optimal design architecture
Related violations: <none>

TIMING-16#667 Warning
Large setup violation  
There is a large setup violation of -2.119 ns between vetrimodule/plotmd/graph_mod/y2_offi_reg[14]/C (clocked by sys_clk_pin) and vetrimodule/plotmd/graph_mod/poly2_y_reg[69][10]/D (clocked by sys_clk_pin). Large setup violations at the end of those stages might be difficult to fix during the post-placement implementation flow and could be the result of non-optimal XDC constraints or non-optimal design architecture
Related violations: <none>

TIMING-16#668 Warning
Large setup violation  
There is a large setup violation of -2.123 ns between nicmodule/cursor_y_reg[5]/C (clocked by sys_clk_pin) and nicmodule/matB_reg[0][0][1]/D (clocked by sys_clk_pin). Large setup violations at the end of those stages might be difficult to fix during the post-placement implementation flow and could be the result of non-optimal XDC constraints or non-optimal design architecture
Related violations: <none>

TIMING-16#669 Warning
Large setup violation  
There is a large setup violation of -2.126 ns between nicmodule/acc_mag_reg[0]/C (clocked by sys_clk_pin) and nicmodule/matMul_reg[1][1][5]/D (clocked by sys_clk_pin). Large setup violations at the end of those stages might be difficult to fix during the post-placement implementation flow and could be the result of non-optimal XDC constraints or non-optimal design architecture
Related violations: <none>

TIMING-16#670 Warning
Large setup violation  
There is a large setup violation of -2.129 ns between vetrimodule/plotmd/graph_mod/y2_offi_reg[14]/C (clocked by sys_clk_pin) and vetrimodule/plotmd/graph_mod/poly2_y_reg[35][9]/D (clocked by sys_clk_pin). Large setup violations at the end of those stages might be difficult to fix during the post-placement implementation flow and could be the result of non-optimal XDC constraints or non-optimal design architecture
Related violations: <none>

TIMING-16#671 Warning
Large setup violation  
There is a large setup violation of -2.137 ns between nicmodule/cursor_y_reg[1]/C (clocked by sys_clk_pin) and nicmodule/matA_saved_reg[1][0][1]/R (clocked by sys_clk_pin). Large setup violations at the end of those stages might be difficult to fix during the post-placement implementation flow and could be the result of non-optimal XDC constraints or non-optimal design architecture
Related violations: <none>

TIMING-16#672 Warning
Large setup violation  
There is a large setup violation of -2.138 ns between nicmodule/cursor_y_reg[4]/C (clocked by sys_clk_pin) and nicmodule/matA_reg[1][1][2]/D (clocked by sys_clk_pin). Large setup violations at the end of those stages might be difficult to fix during the post-placement implementation flow and could be the result of non-optimal XDC constraints or non-optimal design architecture
Related violations: <none>

TIMING-16#673 Warning
Large setup violation  
There is a large setup violation of -2.138 ns between vetrimodule/plotmd/graph_mod/y2_offi_reg[14]/C (clocked by sys_clk_pin) and vetrimodule/plotmd/graph_mod/poly2_y_reg[19][8]/D (clocked by sys_clk_pin). Large setup violations at the end of those stages might be difficult to fix during the post-placement implementation flow and could be the result of non-optimal XDC constraints or non-optimal design architecture
Related violations: <none>

TIMING-16#674 Warning
Large setup violation  
There is a large setup violation of -2.138 ns between vetrimodule/plotmd/graph_mod/y2_offi_reg[14]/C (clocked by sys_clk_pin) and vetrimodule/plotmd/graph_mod/poly2_y_reg[38][9]/D (clocked by sys_clk_pin). Large setup violations at the end of those stages might be difficult to fix during the post-placement implementation flow and could be the result of non-optimal XDC constraints or non-optimal design architecture
Related violations: <none>

TIMING-16#675 Warning
Large setup violation  
There is a large setup violation of -2.139 ns between nicmodule/cursor_y_reg[1]/C (clocked by sys_clk_pin) and nicmodule/matA_saved_reg[1][0][3]/CE (clocked by sys_clk_pin). Large setup violations at the end of those stages might be difficult to fix during the post-placement implementation flow and could be the result of non-optimal XDC constraints or non-optimal design architecture
Related violations: <none>

TIMING-16#676 Warning
Large setup violation  
There is a large setup violation of -2.141 ns between nicmodule/cursor_y_reg[1]/C (clocked by sys_clk_pin) and nicmodule/matSub_reg[0][0][4]/R (clocked by sys_clk_pin). Large setup violations at the end of those stages might be difficult to fix during the post-placement implementation flow and could be the result of non-optimal XDC constraints or non-optimal design architecture
Related violations: <none>

TIMING-16#677 Warning
Large setup violation  
There is a large setup violation of -2.141 ns between nicmodule/cursor_y_reg[1]/C (clocked by sys_clk_pin) and nicmodule/matSub_reg[0][0][5]/R (clocked by sys_clk_pin). Large setup violations at the end of those stages might be difficult to fix during the post-placement implementation flow and could be the result of non-optimal XDC constraints or non-optimal design architecture
Related violations: <none>

TIMING-16#678 Warning
Large setup violation  
There is a large setup violation of -2.141 ns between nicmodule/cursor_y_reg[1]/C (clocked by sys_clk_pin) and nicmodule/matSub_reg[0][0][6]/R (clocked by sys_clk_pin). Large setup violations at the end of those stages might be difficult to fix during the post-placement implementation flow and could be the result of non-optimal XDC constraints or non-optimal design architecture
Related violations: <none>

TIMING-16#679 Warning
Large setup violation  
There is a large setup violation of -2.141 ns between nicmodule/cursor_y_reg[1]/C (clocked by sys_clk_pin) and nicmodule/matSub_reg[0][0][7]/R (clocked by sys_clk_pin). Large setup violations at the end of those stages might be difficult to fix during the post-placement implementation flow and could be the result of non-optimal XDC constraints or non-optimal design architecture
Related violations: <none>

TIMING-16#680 Warning
Large setup violation  
There is a large setup violation of -2.142 ns between vetrimodule/plotmd/graph_mod/y2_offi_reg[14]/C (clocked by sys_clk_pin) and vetrimodule/plotmd/graph_mod/poly2_y_reg[40][9]/D (clocked by sys_clk_pin). Large setup violations at the end of those stages might be difficult to fix during the post-placement implementation flow and could be the result of non-optimal XDC constraints or non-optimal design architecture
Related violations: <none>

TIMING-16#681 Warning
Large setup violation  
There is a large setup violation of -2.143 ns between vetrimodule/plotmd/graph_mod/y2_offi_reg[14]/C (clocked by sys_clk_pin) and vetrimodule/plotmd/graph_mod/poly2_y_reg[33][9]/D (clocked by sys_clk_pin). Large setup violations at the end of those stages might be difficult to fix during the post-placement implementation flow and could be the result of non-optimal XDC constraints or non-optimal design architecture
Related violations: <none>

TIMING-16#682 Warning
Large setup violation  
There is a large setup violation of -2.144 ns between vetrimodule/plotmd/graph_mod/y2_offi_reg[14]/C (clocked by sys_clk_pin) and vetrimodule/plotmd/graph_mod/poly2_y_reg[41][9]/D (clocked by sys_clk_pin). Large setup violations at the end of those stages might be difficult to fix during the post-placement implementation flow and could be the result of non-optimal XDC constraints or non-optimal design architecture
Related violations: <none>

TIMING-16#683 Warning
Large setup violation  
There is a large setup violation of -2.148 ns between msemd/right_reg/C (clocked by sys_clk_pin) and vetrimodule/plotmd/graph_mod/poly2_y_reg[29][7]/CE (clocked by sys_clk_pin). Large setup violations at the end of those stages might be difficult to fix during the post-placement implementation flow and could be the result of non-optimal XDC constraints or non-optimal design architecture
Related violations: <none>

TIMING-16#684 Warning
Large setup violation  
There is a large setup violation of -2.148 ns between vetrimodule/plotmd/graph_mod/y2_offi_reg[14]/C (clocked by sys_clk_pin) and vetrimodule/plotmd/graph_mod/poly2_y_reg[23][7]/D (clocked by sys_clk_pin). Large setup violations at the end of those stages might be difficult to fix during the post-placement implementation flow and could be the result of non-optimal XDC constraints or non-optimal design architecture
Related violations: <none>

TIMING-16#685 Warning
Large setup violation  
There is a large setup violation of -2.149 ns between vetrimodule/plotmd/graph_mod/y2_offi_reg[14]/C (clocked by sys_clk_pin) and vetrimodule/plotmd/graph_mod/poly2_y_reg[65][10]/D (clocked by sys_clk_pin). Large setup violations at the end of those stages might be difficult to fix during the post-placement implementation flow and could be the result of non-optimal XDC constraints or non-optimal design architecture
Related violations: <none>

TIMING-16#686 Warning
Large setup violation  
There is a large setup violation of -2.154 ns between nicmodule/cursor_y_reg[1]/C (clocked by sys_clk_pin) and nicmodule/matA_saved_reg[0][0][1]/R (clocked by sys_clk_pin). Large setup violations at the end of those stages might be difficult to fix during the post-placement implementation flow and could be the result of non-optimal XDC constraints or non-optimal design architecture
Related violations: <none>

TIMING-16#687 Warning
Large setup violation  
There is a large setup violation of -2.154 ns between nicmodule/cursor_y_reg[1]/C (clocked by sys_clk_pin) and nicmodule/matA_saved_reg[0][0][3]/R (clocked by sys_clk_pin). Large setup violations at the end of those stages might be difficult to fix during the post-placement implementation flow and could be the result of non-optimal XDC constraints or non-optimal design architecture
Related violations: <none>

TIMING-16#688 Warning
Large setup violation  
There is a large setup violation of -2.154 ns between nicmodule/cursor_y_reg[1]/C (clocked by sys_clk_pin) and nicmodule/matA_saved_reg[0][0][4]/R (clocked by sys_clk_pin). Large setup violations at the end of those stages might be difficult to fix during the post-placement implementation flow and could be the result of non-optimal XDC constraints or non-optimal design architecture
Related violations: <none>

TIMING-16#689 Warning
Large setup violation  
There is a large setup violation of -2.154 ns between nicmodule/cursor_y_reg[1]/C (clocked by sys_clk_pin) and nicmodule/matA_saved_reg[0][0][7]/R (clocked by sys_clk_pin). Large setup violations at the end of those stages might be difficult to fix during the post-placement implementation flow and could be the result of non-optimal XDC constraints or non-optimal design architecture
Related violations: <none>

TIMING-16#690 Warning
Large setup violation  
There is a large setup violation of -2.155 ns between nicmodule/cursor_y_reg[4]/C (clocked by sys_clk_pin) and nicmodule/matB_reg[0][0][0]/D (clocked by sys_clk_pin). Large setup violations at the end of those stages might be difficult to fix during the post-placement implementation flow and could be the result of non-optimal XDC constraints or non-optimal design architecture
Related violations: <none>

TIMING-16#691 Warning
Large setup violation  
There is a large setup violation of -2.162 ns between vetrimodule/plotmd/graph_mod/y2_offi_reg[14]/C (clocked by sys_clk_pin) and vetrimodule/plotmd/graph_mod/poly2_y_reg[11][2]/D (clocked by sys_clk_pin). Large setup violations at the end of those stages might be difficult to fix during the post-placement implementation flow and could be the result of non-optimal XDC constraints or non-optimal design architecture
Related violations: <none>

TIMING-16#692 Warning
Large setup violation  
There is a large setup violation of -2.167 ns between msemd/right_reg/C (clocked by sys_clk_pin) and vetrimodule/plotmd/graph_mod/poly2_y_reg[71][11]/CE (clocked by sys_clk_pin). Large setup violations at the end of those stages might be difficult to fix during the post-placement implementation flow and could be the result of non-optimal XDC constraints or non-optimal design architecture
Related violations: <none>

TIMING-16#693 Warning
Large setup violation  
There is a large setup violation of -2.167 ns between msemd/right_reg/C (clocked by sys_clk_pin) and vetrimodule/plotmd/graph_mod/poly2_y_reg[71][5]/CE (clocked by sys_clk_pin). Large setup violations at the end of those stages might be difficult to fix during the post-placement implementation flow and could be the result of non-optimal XDC constraints or non-optimal design architecture
Related violations: <none>

TIMING-16#694 Warning
Large setup violation  
There is a large setup violation of -2.181 ns between nicmodule/cursor_y_reg[4]/C (clocked by sys_clk_pin) and nicmodule/matB_reg[0][0][5]/CE (clocked by sys_clk_pin). Large setup violations at the end of those stages might be difficult to fix during the post-placement implementation flow and could be the result of non-optimal XDC constraints or non-optimal design architecture
Related violations: <none>

TIMING-16#695 Warning
Large setup violation  
There is a large setup violation of -2.186 ns between nicmodule/col_reg[0]/C (clocked by sys_clk_pin) and nicmodule/matMul_reg[0][1][5]/D (clocked by sys_clk_pin). Large setup violations at the end of those stages might be difficult to fix during the post-placement implementation flow and could be the result of non-optimal XDC constraints or non-optimal design architecture
Related violations: <none>

TIMING-16#696 Warning
Large setup violation  
There is a large setup violation of -2.190 ns between nicmodule/cursor_y_reg[4]/C (clocked by sys_clk_pin) and nicmodule/matA_reg[1][1][4]/D (clocked by sys_clk_pin). Large setup violations at the end of those stages might be difficult to fix during the post-placement implementation flow and could be the result of non-optimal XDC constraints or non-optimal design architecture
Related violations: <none>

TIMING-16#697 Warning
Large setup violation  
There is a large setup violation of -2.193 ns between vetrimodule/plotmd/graph_mod/y2_offi_reg[14]/C (clocked by sys_clk_pin) and vetrimodule/plotmd/graph_mod/poly2_y_reg[19][7]/D (clocked by sys_clk_pin). Large setup violations at the end of those stages might be difficult to fix during the post-placement implementation flow and could be the result of non-optimal XDC constraints or non-optimal design architecture
Related violations: <none>

TIMING-16#698 Warning
Large setup violation  
There is a large setup violation of -2.193 ns between vetrimodule/plotmd/graph_mod/y2_offi_reg[14]/C (clocked by sys_clk_pin) and vetrimodule/plotmd/graph_mod/poly2_y_reg[22][7]/D (clocked by sys_clk_pin). Large setup violations at the end of those stages might be difficult to fix during the post-placement implementation flow and could be the result of non-optimal XDC constraints or non-optimal design architecture
Related violations: <none>

TIMING-16#699 Warning
Large setup violation  
There is a large setup violation of -2.195 ns between nicmodule/cursor_y_reg[4]/C (clocked by sys_clk_pin) and nicmodule/matA_reg[0][1][5]/CE (clocked by sys_clk_pin). Large setup violations at the end of those stages might be difficult to fix during the post-placement implementation flow and could be the result of non-optimal XDC constraints or non-optimal design architecture
Related violations: <none>

TIMING-16#700 Warning
Large setup violation  
There is a large setup violation of -2.197 ns between msemd/xpos_reg[6]/C (clocked by sys_clk_pin) and ryanmodule/coef_b_reg[0]__0/CE (clocked by sys_clk_pin). Large setup violations at the end of those stages might be difficult to fix during the post-placement implementation flow and could be the result of non-optimal XDC constraints or non-optimal design architecture
Related violations: <none>

TIMING-16#701 Warning
Large setup violation  
There is a large setup violation of -2.197 ns between msemd/xpos_reg[6]/C (clocked by sys_clk_pin) and ryanmodule/coef_b_reg[3]__0/CE (clocked by sys_clk_pin). Large setup violations at the end of those stages might be difficult to fix during the post-placement implementation flow and could be the result of non-optimal XDC constraints or non-optimal design architecture
Related violations: <none>

TIMING-16#702 Warning
Large setup violation  
There is a large setup violation of -2.197 ns between msemd/xpos_reg[6]/C (clocked by sys_clk_pin) and ryanmodule/coef_b_reg[4]__0/CE (clocked by sys_clk_pin). Large setup violations at the end of those stages might be difficult to fix during the post-placement implementation flow and could be the result of non-optimal XDC constraints or non-optimal design architecture
Related violations: <none>

TIMING-16#703 Warning
Large setup violation  
There is a large setup violation of -2.204 ns between nicmodule/cursor_y_reg[1]/C (clocked by sys_clk_pin) and nicmodule/matA_saved_reg[0][0][0]/R (clocked by sys_clk_pin). Large setup violations at the end of those stages might be difficult to fix during the post-placement implementation flow and could be the result of non-optimal XDC constraints or non-optimal design architecture
Related violations: <none>

TIMING-16#704 Warning
Large setup violation  
There is a large setup violation of -2.204 ns between nicmodule/cursor_y_reg[1]/C (clocked by sys_clk_pin) and nicmodule/matA_saved_reg[0][0][6]/R (clocked by sys_clk_pin). Large setup violations at the end of those stages might be difficult to fix during the post-placement implementation flow and could be the result of non-optimal XDC constraints or non-optimal design architecture
Related violations: <none>

TIMING-16#705 Warning
Large setup violation  
There is a large setup violation of -2.204 ns between nicmodule/cursor_y_reg[4]/C (clocked by sys_clk_pin) and nicmodule/matA_reg[0][1][3]/D (clocked by sys_clk_pin). Large setup violations at the end of those stages might be difficult to fix during the post-placement implementation flow and could be the result of non-optimal XDC constraints or non-optimal design architecture
Related violations: <none>

TIMING-16#706 Warning
Large setup violation  
There is a large setup violation of -2.205 ns between vetrimodule/plotmd/graph_mod/y2_offi_reg[14]/C (clocked by sys_clk_pin) and vetrimodule/plotmd/graph_mod/poly2_y_reg[27][10]/D (clocked by sys_clk_pin). Large setup violations at the end of those stages might be difficult to fix during the post-placement implementation flow and could be the result of non-optimal XDC constraints or non-optimal design architecture
Related violations: <none>

TIMING-16#707 Warning
Large setup violation  
There is a large setup violation of -2.208 ns between vetrimodule/plotmd/graph_mod/y2_offi_reg[14]/C (clocked by sys_clk_pin) and vetrimodule/plotmd/graph_mod/poly2_y_reg[67][10]/D (clocked by sys_clk_pin). Large setup violations at the end of those stages might be difficult to fix during the post-placement implementation flow and could be the result of non-optimal XDC constraints or non-optimal design architecture
Related violations: <none>

TIMING-16#708 Warning
Large setup violation  
There is a large setup violation of -2.215 ns between nicmodule/cursor_y_reg[1]/C (clocked by sys_clk_pin) and nicmodule/matAdd_reg[0][1][4]/R (clocked by sys_clk_pin). Large setup violations at the end of those stages might be difficult to fix during the post-placement implementation flow and could be the result of non-optimal XDC constraints or non-optimal design architecture
Related violations: <none>

TIMING-16#709 Warning
Large setup violation  
There is a large setup violation of -2.215 ns between nicmodule/cursor_y_reg[1]/C (clocked by sys_clk_pin) and nicmodule/matAdd_reg[0][1][5]/R (clocked by sys_clk_pin). Large setup violations at the end of those stages might be difficult to fix during the post-placement implementation flow and could be the result of non-optimal XDC constraints or non-optimal design architecture
Related violations: <none>

TIMING-16#710 Warning
Large setup violation  
There is a large setup violation of -2.215 ns between nicmodule/cursor_y_reg[1]/C (clocked by sys_clk_pin) and nicmodule/matAdd_reg[0][1][6]/R (clocked by sys_clk_pin). Large setup violations at the end of those stages might be difficult to fix during the post-placement implementation flow and could be the result of non-optimal XDC constraints or non-optimal design architecture
Related violations: <none>

TIMING-16#711 Warning
Large setup violation  
There is a large setup violation of -2.215 ns between nicmodule/cursor_y_reg[1]/C (clocked by sys_clk_pin) and nicmodule/matAdd_reg[0][1][7]/R (clocked by sys_clk_pin). Large setup violations at the end of those stages might be difficult to fix during the post-placement implementation flow and could be the result of non-optimal XDC constraints or non-optimal design architecture
Related violations: <none>

TIMING-16#712 Warning
Large setup violation  
There is a large setup violation of -2.216 ns between vetrimodule/plotmd/graph_mod/y2_offi_reg[14]/C (clocked by sys_clk_pin) and vetrimodule/plotmd/graph_mod/poly2_y_reg[46][7]/D (clocked by sys_clk_pin). Large setup violations at the end of those stages might be difficult to fix during the post-placement implementation flow and could be the result of non-optimal XDC constraints or non-optimal design architecture
Related violations: <none>

TIMING-16#713 Warning
Large setup violation  
There is a large setup violation of -2.218 ns between msemd/xpos_reg[6]/C (clocked by sys_clk_pin) and ryanmodule/coef_b_reg[2]__0/CE (clocked by sys_clk_pin). Large setup violations at the end of those stages might be difficult to fix during the post-placement implementation flow and could be the result of non-optimal XDC constraints or non-optimal design architecture
Related violations: <none>

TIMING-16#714 Warning
Large setup violation  
There is a large setup violation of -2.218 ns between msemd/xpos_reg[6]/C (clocked by sys_clk_pin) and ryanmodule/coef_b_reg[5]__0/CE (clocked by sys_clk_pin). Large setup violations at the end of those stages might be difficult to fix during the post-placement implementation flow and could be the result of non-optimal XDC constraints or non-optimal design architecture
Related violations: <none>

TIMING-16#715 Warning
Large setup violation  
There is a large setup violation of -2.221 ns between nicmodule/cursor_y_reg[1]/C (clocked by sys_clk_pin) and nicmodule/matAdd_reg[1][0][0]/R (clocked by sys_clk_pin). Large setup violations at the end of those stages might be difficult to fix during the post-placement implementation flow and could be the result of non-optimal XDC constraints or non-optimal design architecture
Related violations: <none>

TIMING-16#716 Warning
Large setup violation  
There is a large setup violation of -2.221 ns between nicmodule/cursor_y_reg[1]/C (clocked by sys_clk_pin) and nicmodule/matAdd_reg[1][0][1]/R (clocked by sys_clk_pin). Large setup violations at the end of those stages might be difficult to fix during the post-placement implementation flow and could be the result of non-optimal XDC constraints or non-optimal design architecture
Related violations: <none>

TIMING-16#717 Warning
Large setup violation  
There is a large setup violation of -2.221 ns between nicmodule/cursor_y_reg[1]/C (clocked by sys_clk_pin) and nicmodule/matAdd_reg[1][0][2]/R (clocked by sys_clk_pin). Large setup violations at the end of those stages might be difficult to fix during the post-placement implementation flow and could be the result of non-optimal XDC constraints or non-optimal design architecture
Related violations: <none>

TIMING-16#718 Warning
Large setup violation  
There is a large setup violation of -2.221 ns between nicmodule/cursor_y_reg[1]/C (clocked by sys_clk_pin) and nicmodule/matAdd_reg[1][0][3]/R (clocked by sys_clk_pin). Large setup violations at the end of those stages might be difficult to fix during the post-placement implementation flow and could be the result of non-optimal XDC constraints or non-optimal design architecture
Related violations: <none>

TIMING-16#719 Warning
Large setup violation  
There is a large setup violation of -2.221 ns between vetrimodule/plotmd/graph_mod/y2_offi_reg[14]/C (clocked by sys_clk_pin) and vetrimodule/plotmd/graph_mod/poly2_y_reg[69][1]/D (clocked by sys_clk_pin). Large setup violations at the end of those stages might be difficult to fix during the post-placement implementation flow and could be the result of non-optimal XDC constraints or non-optimal design architecture
Related violations: <none>

TIMING-16#720 Warning
Large setup violation  
There is a large setup violation of -2.222 ns between nicmodule/cursor_y_reg[1]/C (clocked by sys_clk_pin) and nicmodule/matA_saved_reg[0][1][3]/R (clocked by sys_clk_pin). Large setup violations at the end of those stages might be difficult to fix during the post-placement implementation flow and could be the result of non-optimal XDC constraints or non-optimal design architecture
Related violations: <none>

TIMING-16#721 Warning
Large setup violation  
There is a large setup violation of -2.222 ns between nicmodule/cursor_y_reg[1]/C (clocked by sys_clk_pin) and nicmodule/matA_saved_reg[1][1][7]/R (clocked by sys_clk_pin). Large setup violations at the end of those stages might be difficult to fix during the post-placement implementation flow and could be the result of non-optimal XDC constraints or non-optimal design architecture
Related violations: <none>

TIMING-16#722 Warning
Large setup violation  
There is a large setup violation of -2.223 ns between nicmodule/cursor_y_reg[4]/C (clocked by sys_clk_pin) and nicmodule/matA_reg[0][1][0]/CE (clocked by sys_clk_pin). Large setup violations at the end of those stages might be difficult to fix during the post-placement implementation flow and could be the result of non-optimal XDC constraints or non-optimal design architecture
Related violations: <none>

TIMING-16#723 Warning
Large setup violation  
There is a large setup violation of -2.223 ns between nicmodule/cursor_y_reg[4]/C (clocked by sys_clk_pin) and nicmodule/matA_reg[0][1][2]/CE (clocked by sys_clk_pin). Large setup violations at the end of those stages might be difficult to fix during the post-placement implementation flow and could be the result of non-optimal XDC constraints or non-optimal design architecture
Related violations: <none>

TIMING-16#724 Warning
Large setup violation  
There is a large setup violation of -2.234 ns between nicmodule/cursor_y_reg[1]/C (clocked by sys_clk_pin) and nicmodule/matAdd_reg[1][0][4]/CE (clocked by sys_clk_pin). Large setup violations at the end of those stages might be difficult to fix during the post-placement implementation flow and could be the result of non-optimal XDC constraints or non-optimal design architecture
Related violations: <none>

TIMING-16#725 Warning
Large setup violation  
There is a large setup violation of -2.234 ns between nicmodule/cursor_y_reg[1]/C (clocked by sys_clk_pin) and nicmodule/matAdd_reg[1][0][5]/CE (clocked by sys_clk_pin). Large setup violations at the end of those stages might be difficult to fix during the post-placement implementation flow and could be the result of non-optimal XDC constraints or non-optimal design architecture
Related violations: <none>

TIMING-16#726 Warning
Large setup violation  
There is a large setup violation of -2.234 ns between nicmodule/cursor_y_reg[1]/C (clocked by sys_clk_pin) and nicmodule/matAdd_reg[1][0][6]/CE (clocked by sys_clk_pin). Large setup violations at the end of those stages might be difficult to fix during the post-placement implementation flow and could be the result of non-optimal XDC constraints or non-optimal design architecture
Related violations: <none>

TIMING-16#727 Warning
Large setup violation  
There is a large setup violation of -2.234 ns between nicmodule/cursor_y_reg[1]/C (clocked by sys_clk_pin) and nicmodule/matAdd_reg[1][0][7]/CE (clocked by sys_clk_pin). Large setup violations at the end of those stages might be difficult to fix during the post-placement implementation flow and could be the result of non-optimal XDC constraints or non-optimal design architecture
Related violations: <none>

TIMING-16#728 Warning
Large setup violation  
There is a large setup violation of -2.236 ns between nicmodule/cursor_y_reg[1]/C (clocked by sys_clk_pin) and nicmodule/matSub_reg[0][1][0]/R (clocked by sys_clk_pin). Large setup violations at the end of those stages might be difficult to fix during the post-placement implementation flow and could be the result of non-optimal XDC constraints or non-optimal design architecture
Related violations: <none>

TIMING-16#729 Warning
Large setup violation  
There is a large setup violation of -2.236 ns between nicmodule/cursor_y_reg[1]/C (clocked by sys_clk_pin) and nicmodule/matSub_reg[0][1][1]/R (clocked by sys_clk_pin). Large setup violations at the end of those stages might be difficult to fix during the post-placement implementation flow and could be the result of non-optimal XDC constraints or non-optimal design architecture
Related violations: <none>

TIMING-16#730 Warning
Large setup violation  
There is a large setup violation of -2.236 ns between nicmodule/cursor_y_reg[1]/C (clocked by sys_clk_pin) and nicmodule/matSub_reg[0][1][2]/R (clocked by sys_clk_pin). Large setup violations at the end of those stages might be difficult to fix during the post-placement implementation flow and could be the result of non-optimal XDC constraints or non-optimal design architecture
Related violations: <none>

TIMING-16#731 Warning
Large setup violation  
There is a large setup violation of -2.236 ns between nicmodule/cursor_y_reg[1]/C (clocked by sys_clk_pin) and nicmodule/matSub_reg[0][1][3]/R (clocked by sys_clk_pin). Large setup violations at the end of those stages might be difficult to fix during the post-placement implementation flow and could be the result of non-optimal XDC constraints or non-optimal design architecture
Related violations: <none>

TIMING-16#732 Warning
Large setup violation  
There is a large setup violation of -2.236 ns between vetrimodule/plotmd/graph_mod/y2_offi_reg[14]/C (clocked by sys_clk_pin) and vetrimodule/plotmd/graph_mod/poly2_y_reg[41][8]/D (clocked by sys_clk_pin). Large setup violations at the end of those stages might be difficult to fix during the post-placement implementation flow and could be the result of non-optimal XDC constraints or non-optimal design architecture
Related violations: <none>

TIMING-16#733 Warning
Large setup violation  
There is a large setup violation of -2.238 ns between vetrimodule/plotmd/graph_mod/y2_offi_reg[14]/C (clocked by sys_clk_pin) and vetrimodule/plotmd/graph_mod/poly2_y_reg[19][10]/D (clocked by sys_clk_pin). Large setup violations at the end of those stages might be difficult to fix during the post-placement implementation flow and could be the result of non-optimal XDC constraints or non-optimal design architecture
Related violations: <none>

TIMING-16#734 Warning
Large setup violation  
There is a large setup violation of -2.241 ns between vetrimodule/plotmd/graph_mod/y2_offi_reg[14]/C (clocked by sys_clk_pin) and vetrimodule/plotmd/graph_mod/poly2_y_reg[29][3]/D (clocked by sys_clk_pin). Large setup violations at the end of those stages might be difficult to fix during the post-placement implementation flow and could be the result of non-optimal XDC constraints or non-optimal design architecture
Related violations: <none>

TIMING-16#735 Warning
Large setup violation  
There is a large setup violation of -2.243 ns between vetrimodule/plotmd/graph_mod/y2_offi_reg[14]/C (clocked by sys_clk_pin) and vetrimodule/plotmd/graph_mod/poly2_y_reg[28][10]/D (clocked by sys_clk_pin). Large setup violations at the end of those stages might be difficult to fix during the post-placement implementation flow and could be the result of non-optimal XDC constraints or non-optimal design architecture
Related violations: <none>

TIMING-16#736 Warning
Large setup violation  
There is a large setup violation of -2.245 ns between nicmodule/cursor_y_reg[1]/C (clocked by sys_clk_pin) and nicmodule/matAdd_reg[0][1][4]/CE (clocked by sys_clk_pin). Large setup violations at the end of those stages might be difficult to fix during the post-placement implementation flow and could be the result of non-optimal XDC constraints or non-optimal design architecture
Related violations: <none>

TIMING-16#737 Warning
Large setup violation  
There is a large setup violation of -2.245 ns between nicmodule/cursor_y_reg[1]/C (clocked by sys_clk_pin) and nicmodule/matAdd_reg[0][1][5]/CE (clocked by sys_clk_pin). Large setup violations at the end of those stages might be difficult to fix during the post-placement implementation flow and could be the result of non-optimal XDC constraints or non-optimal design architecture
Related violations: <none>

TIMING-16#738 Warning
Large setup violation  
There is a large setup violation of -2.245 ns between nicmodule/cursor_y_reg[1]/C (clocked by sys_clk_pin) and nicmodule/matAdd_reg[0][1][6]/CE (clocked by sys_clk_pin). Large setup violations at the end of those stages might be difficult to fix during the post-placement implementation flow and could be the result of non-optimal XDC constraints or non-optimal design architecture
Related violations: <none>

TIMING-16#739 Warning
Large setup violation  
There is a large setup violation of -2.245 ns between nicmodule/cursor_y_reg[1]/C (clocked by sys_clk_pin) and nicmodule/matAdd_reg[0][1][7]/CE (clocked by sys_clk_pin). Large setup violations at the end of those stages might be difficult to fix during the post-placement implementation flow and could be the result of non-optimal XDC constraints or non-optimal design architecture
Related violations: <none>

TIMING-16#740 Warning
Large setup violation  
There is a large setup violation of -2.247 ns between msemd/xpos_reg[6]/C (clocked by sys_clk_pin) and ryanmodule/coef_c_reg[3]__0/CE (clocked by sys_clk_pin). Large setup violations at the end of those stages might be difficult to fix during the post-placement implementation flow and could be the result of non-optimal XDC constraints or non-optimal design architecture
Related violations: <none>

TIMING-16#741 Warning
Large setup violation  
There is a large setup violation of -2.257 ns between vetrimodule/plotmd/graph_mod/y2_offi_reg[14]/C (clocked by sys_clk_pin) and vetrimodule/plotmd/graph_mod/poly2_y_reg[66][1]/D (clocked by sys_clk_pin). Large setup violations at the end of those stages might be difficult to fix during the post-placement implementation flow and could be the result of non-optimal XDC constraints or non-optimal design architecture
Related violations: <none>

TIMING-16#742 Warning
Large setup violation  
There is a large setup violation of -2.262 ns between vetrimodule/approxmd/linreg_plot/sum_x_reg[1]/C (clocked by sys_clk_pin) and vetrimodule/approxmd/linreg_plot/temp1_reg[11]/D (clocked by sys_clk_pin). Large setup violations at the end of those stages might be difficult to fix during the post-placement implementation flow and could be the result of non-optimal XDC constraints or non-optimal design architecture
Related violations: <none>

TIMING-16#743 Warning
Large setup violation  
There is a large setup violation of -2.273 ns between nicmodule/cursor_y_reg[1]/C (clocked by sys_clk_pin) and nicmodule/matAdd_reg[1][1][0]/CE (clocked by sys_clk_pin). Large setup violations at the end of those stages might be difficult to fix during the post-placement implementation flow and could be the result of non-optimal XDC constraints or non-optimal design architecture
Related violations: <none>

TIMING-16#744 Warning
Large setup violation  
There is a large setup violation of -2.273 ns between nicmodule/cursor_y_reg[1]/C (clocked by sys_clk_pin) and nicmodule/matAdd_reg[1][1][1]/CE (clocked by sys_clk_pin). Large setup violations at the end of those stages might be difficult to fix during the post-placement implementation flow and could be the result of non-optimal XDC constraints or non-optimal design architecture
Related violations: <none>

TIMING-16#745 Warning
Large setup violation  
There is a large setup violation of -2.273 ns between nicmodule/cursor_y_reg[1]/C (clocked by sys_clk_pin) and nicmodule/matAdd_reg[1][1][2]/CE (clocked by sys_clk_pin). Large setup violations at the end of those stages might be difficult to fix during the post-placement implementation flow and could be the result of non-optimal XDC constraints or non-optimal design architecture
Related violations: <none>

TIMING-16#746 Warning
Large setup violation  
There is a large setup violation of -2.273 ns between nicmodule/cursor_y_reg[1]/C (clocked by sys_clk_pin) and nicmodule/matAdd_reg[1][1][3]/CE (clocked by sys_clk_pin). Large setup violations at the end of those stages might be difficult to fix during the post-placement implementation flow and could be the result of non-optimal XDC constraints or non-optimal design architecture
Related violations: <none>

TIMING-16#747 Warning
Large setup violation  
There is a large setup violation of -2.288 ns between nicmodule/cursor_y_reg[5]/C (clocked by sys_clk_pin) and nicmodule/matB_reg[1][1][2]/D (clocked by sys_clk_pin). Large setup violations at the end of those stages might be difficult to fix during the post-placement implementation flow and could be the result of non-optimal XDC constraints or non-optimal design architecture
Related violations: <none>

TIMING-16#748 Warning
Large setup violation  
There is a large setup violation of -2.299 ns between nicmodule/acc_cnt_reg[1]/C (clocked by sys_clk_pin) and nicmodule/matMul_reg[1][0][6]/D (clocked by sys_clk_pin). Large setup violations at the end of those stages might be difficult to fix during the post-placement implementation flow and could be the result of non-optimal XDC constraints or non-optimal design architecture
Related violations: <none>

TIMING-16#749 Warning
Large setup violation  
There is a large setup violation of -2.300 ns between nicmodule/cursor_y_reg[5]/C (clocked by sys_clk_pin) and nicmodule/matB_reg[1][1][0]/D (clocked by sys_clk_pin). Large setup violations at the end of those stages might be difficult to fix during the post-placement implementation flow and could be the result of non-optimal XDC constraints or non-optimal design architecture
Related violations: <none>

TIMING-16#750 Warning
Large setup violation  
There is a large setup violation of -2.314 ns between nicmodule/cursor_y_reg[4]/C (clocked by sys_clk_pin) and nicmodule/matB_reg[0][0][4]/CE (clocked by sys_clk_pin). Large setup violations at the end of those stages might be difficult to fix during the post-placement implementation flow and could be the result of non-optimal XDC constraints or non-optimal design architecture
Related violations: <none>

TIMING-16#751 Warning
Large setup violation  
There is a large setup violation of -2.320 ns between nicmodule/cursor_y_reg[4]/C (clocked by sys_clk_pin) and nicmodule/matA_reg[0][1][6]/CE (clocked by sys_clk_pin). Large setup violations at the end of those stages might be difficult to fix during the post-placement implementation flow and could be the result of non-optimal XDC constraints or non-optimal design architecture
Related violations: <none>

TIMING-16#752 Warning
Large setup violation  
There is a large setup violation of -2.320 ns between nicmodule/cursor_y_reg[4]/C (clocked by sys_clk_pin) and nicmodule/matA_reg[0][1][7]/CE (clocked by sys_clk_pin). Large setup violations at the end of those stages might be difficult to fix during the post-placement implementation flow and could be the result of non-optimal XDC constraints or non-optimal design architecture
Related violations: <none>

TIMING-16#753 Warning
Large setup violation  
There is a large setup violation of -2.321 ns between nicmodule/cursor_y_reg[4]/C (clocked by sys_clk_pin) and nicmodule/matA_reg[1][1][1]/CE (clocked by sys_clk_pin). Large setup violations at the end of those stages might be difficult to fix during the post-placement implementation flow and could be the result of non-optimal XDC constraints or non-optimal design architecture
Related violations: <none>

TIMING-16#754 Warning
Large setup violation  
There is a large setup violation of -2.321 ns between nicmodule/cursor_y_reg[4]/C (clocked by sys_clk_pin) and nicmodule/matA_reg[1][1][2]/CE (clocked by sys_clk_pin). Large setup violations at the end of those stages might be difficult to fix during the post-placement implementation flow and could be the result of non-optimal XDC constraints or non-optimal design architecture
Related violations: <none>

TIMING-16#755 Warning
Large setup violation  
There is a large setup violation of -2.329 ns between nicmodule/cursor_y_reg[1]/C (clocked by sys_clk_pin) and nicmodule/matMul_reg[0][0][4]/R (clocked by sys_clk_pin). Large setup violations at the end of those stages might be difficult to fix during the post-placement implementation flow and could be the result of non-optimal XDC constraints or non-optimal design architecture
Related violations: <none>

TIMING-16#756 Warning
Large setup violation  
There is a large setup violation of -2.329 ns between nicmodule/cursor_y_reg[1]/C (clocked by sys_clk_pin) and nicmodule/matMul_reg[0][0][5]/R (clocked by sys_clk_pin). Large setup violations at the end of those stages might be difficult to fix during the post-placement implementation flow and could be the result of non-optimal XDC constraints or non-optimal design architecture
Related violations: <none>

TIMING-16#757 Warning
Large setup violation  
There is a large setup violation of -2.329 ns between nicmodule/cursor_y_reg[1]/C (clocked by sys_clk_pin) and nicmodule/matMul_reg[0][0][6]/R (clocked by sys_clk_pin). Large setup violations at the end of those stages might be difficult to fix during the post-placement implementation flow and could be the result of non-optimal XDC constraints or non-optimal design architecture
Related violations: <none>

TIMING-16#758 Warning
Large setup violation  
There is a large setup violation of -2.329 ns between nicmodule/cursor_y_reg[1]/C (clocked by sys_clk_pin) and nicmodule/matMul_reg[0][0][7]/R (clocked by sys_clk_pin). Large setup violations at the end of those stages might be difficult to fix during the post-placement implementation flow and could be the result of non-optimal XDC constraints or non-optimal design architecture
Related violations: <none>

TIMING-16#759 Warning
Large setup violation  
There is a large setup violation of -2.330 ns between vetrimodule/approxmd/linreg_plot/calc_state_reg[2]/C (clocked by sys_clk_pin) and vetrimodule/approxmd/linreg_plot/sum_xy_reg[7]/D (clocked by sys_clk_pin). Large setup violations at the end of those stages might be difficult to fix during the post-placement implementation flow and could be the result of non-optimal XDC constraints or non-optimal design architecture
Related violations: <none>

TIMING-16#760 Warning
Large setup violation  
There is a large setup violation of -2.332 ns between vetrimodule/plotmd/graph_mod/y2_offi_reg[14]/C (clocked by sys_clk_pin) and vetrimodule/plotmd/graph_mod/poly2_y_reg[34][9]/D (clocked by sys_clk_pin). Large setup violations at the end of those stages might be difficult to fix during the post-placement implementation flow and could be the result of non-optimal XDC constraints or non-optimal design architecture
Related violations: <none>

TIMING-16#761 Warning
Large setup violation  
There is a large setup violation of -2.335 ns between nicmodule/cursor_y_reg[4]/C (clocked by sys_clk_pin) and nicmodule/matA_reg[0][1][4]/CE (clocked by sys_clk_pin). Large setup violations at the end of those stages might be difficult to fix during the post-placement implementation flow and could be the result of non-optimal XDC constraints or non-optimal design architecture
Related violations: <none>

TIMING-16#762 Warning
Large setup violation  
There is a large setup violation of -2.344 ns between vetrimodule/plotmd/graph_mod/y2_offi_reg[14]/C (clocked by sys_clk_pin) and vetrimodule/plotmd/graph_mod/poly2_y_reg[17][7]/D (clocked by sys_clk_pin). Large setup violations at the end of those stages might be difficult to fix during the post-placement implementation flow and could be the result of non-optimal XDC constraints or non-optimal design architecture
Related violations: <none>

TIMING-16#763 Warning
Large setup violation  
There is a large setup violation of -2.347 ns between vetrimodule/plotmd/graph_mod/y2_offi_reg[14]/C (clocked by sys_clk_pin) and vetrimodule/plotmd/graph_mod/poly2_y_reg[27][7]/D (clocked by sys_clk_pin). Large setup violations at the end of those stages might be difficult to fix during the post-placement implementation flow and could be the result of non-optimal XDC constraints or non-optimal design architecture
Related violations: <none>

TIMING-16#764 Warning
Large setup violation  
There is a large setup violation of -2.353 ns between vetrimodule/plotmd/graph_mod/y2_offi_reg[14]/C (clocked by sys_clk_pin) and vetrimodule/plotmd/graph_mod/poly2_y_reg[11][7]/D (clocked by sys_clk_pin). Large setup violations at the end of those stages might be difficult to fix during the post-placement implementation flow and could be the result of non-optimal XDC constraints or non-optimal design architecture
Related violations: <none>

TIMING-16#765 Warning
Large setup violation  
There is a large setup violation of -2.358 ns between nicmodule/cursor_y_reg[1]/C (clocked by sys_clk_pin) and nicmodule/matAdd_reg[1][0][4]/R (clocked by sys_clk_pin). Large setup violations at the end of those stages might be difficult to fix during the post-placement implementation flow and could be the result of non-optimal XDC constraints or non-optimal design architecture
Related violations: <none>

TIMING-16#766 Warning
Large setup violation  
There is a large setup violation of -2.358 ns between nicmodule/cursor_y_reg[1]/C (clocked by sys_clk_pin) and nicmodule/matAdd_reg[1][0][5]/R (clocked by sys_clk_pin). Large setup violations at the end of those stages might be difficult to fix during the post-placement implementation flow and could be the result of non-optimal XDC constraints or non-optimal design architecture
Related violations: <none>

TIMING-16#767 Warning
Large setup violation  
There is a large setup violation of -2.358 ns between nicmodule/cursor_y_reg[1]/C (clocked by sys_clk_pin) and nicmodule/matAdd_reg[1][0][6]/R (clocked by sys_clk_pin). Large setup violations at the end of those stages might be difficult to fix during the post-placement implementation flow and could be the result of non-optimal XDC constraints or non-optimal design architecture
Related violations: <none>

TIMING-16#768 Warning
Large setup violation  
There is a large setup violation of -2.358 ns between nicmodule/cursor_y_reg[1]/C (clocked by sys_clk_pin) and nicmodule/matAdd_reg[1][0][7]/R (clocked by sys_clk_pin). Large setup violations at the end of those stages might be difficult to fix during the post-placement implementation flow and could be the result of non-optimal XDC constraints or non-optimal design architecture
Related violations: <none>

TIMING-16#769 Warning
Large setup violation  
There is a large setup violation of -2.359 ns between vetrimodule/plotmd/graph_mod/y2_offi_reg[14]/C (clocked by sys_clk_pin) and vetrimodule/plotmd/graph_mod/poly2_y_reg[26][7]/D (clocked by sys_clk_pin). Large setup violations at the end of those stages might be difficult to fix during the post-placement implementation flow and could be the result of non-optimal XDC constraints or non-optimal design architecture
Related violations: <none>

TIMING-16#770 Warning
Large setup violation  
There is a large setup violation of -2.361 ns between nicmodule/cursor_y_reg[4]/C (clocked by sys_clk_pin) and nicmodule/matA_reg[1][1][4]/CE (clocked by sys_clk_pin). Large setup violations at the end of those stages might be difficult to fix during the post-placement implementation flow and could be the result of non-optimal XDC constraints or non-optimal design architecture
Related violations: <none>

TIMING-16#771 Warning
Large setup violation  
There is a large setup violation of -2.362 ns between vetrimodule/plotmd/graph_mod/y2_offi_reg[14]/C (clocked by sys_clk_pin) and vetrimodule/plotmd/graph_mod/poly2_y_reg[65][1]/D (clocked by sys_clk_pin). Large setup violations at the end of those stages might be difficult to fix during the post-placement implementation flow and could be the result of non-optimal XDC constraints or non-optimal design architecture
Related violations: <none>

TIMING-16#772 Warning
Large setup violation  
There is a large setup violation of -2.364 ns between vetrimodule/plotmd/graph_mod/y2_offi_reg[14]/C (clocked by sys_clk_pin) and vetrimodule/plotmd/graph_mod/poly2_y_reg[15][10]/D (clocked by sys_clk_pin). Large setup violations at the end of those stages might be difficult to fix during the post-placement implementation flow and could be the result of non-optimal XDC constraints or non-optimal design architecture
Related violations: <none>

TIMING-16#773 Warning
Large setup violation  
There is a large setup violation of -2.366 ns between msemd/right_reg/C (clocked by sys_clk_pin) and vetrimodule/plotmd/graph_mod/poly1_y_reg[29][6]/CE (clocked by sys_clk_pin). Large setup violations at the end of those stages might be difficult to fix during the post-placement implementation flow and could be the result of non-optimal XDC constraints or non-optimal design architecture
Related violations: <none>

TIMING-16#774 Warning
Large setup violation  
There is a large setup violation of -2.366 ns between msemd/right_reg/C (clocked by sys_clk_pin) and vetrimodule/plotmd/graph_mod/poly2_y_reg[29][4]/CE (clocked by sys_clk_pin). Large setup violations at the end of those stages might be difficult to fix during the post-placement implementation flow and could be the result of non-optimal XDC constraints or non-optimal design architecture
Related violations: <none>

TIMING-16#775 Warning
Large setup violation  
There is a large setup violation of -2.368 ns between nicmodule/cursor_y_reg[4]/C (clocked by sys_clk_pin) and nicmodule/matB_reg[0][1][0]/D (clocked by sys_clk_pin). Large setup violations at the end of those stages might be difficult to fix during the post-placement implementation flow and could be the result of non-optimal XDC constraints or non-optimal design architecture
Related violations: <none>

TIMING-16#776 Warning
Large setup violation  
There is a large setup violation of -2.373 ns between nicmodule/cursor_y_reg[1]/C (clocked by sys_clk_pin) and nicmodule/matB_reg[0][1][4]/CE (clocked by sys_clk_pin). Large setup violations at the end of those stages might be difficult to fix during the post-placement implementation flow and could be the result of non-optimal XDC constraints or non-optimal design architecture
Related violations: <none>

TIMING-16#777 Warning
Large setup violation  
There is a large setup violation of -2.375 ns between vetrimodule/plotmd/graph_mod/y2_offi_reg[14]/C (clocked by sys_clk_pin) and vetrimodule/plotmd/graph_mod/poly2_y_reg[71][1]/D (clocked by sys_clk_pin). Large setup violations at the end of those stages might be difficult to fix during the post-placement implementation flow and could be the result of non-optimal XDC constraints or non-optimal design architecture
Related violations: <none>

TIMING-16#778 Warning
Large setup violation  
There is a large setup violation of -2.378 ns between nicmodule/cursor_y_reg[1]/C (clocked by sys_clk_pin) and nicmodule/matMul_reg[0][0][0]/R (clocked by sys_clk_pin). Large setup violations at the end of those stages might be difficult to fix during the post-placement implementation flow and could be the result of non-optimal XDC constraints or non-optimal design architecture
Related violations: <none>

TIMING-16#779 Warning
Large setup violation  
There is a large setup violation of -2.378 ns between nicmodule/cursor_y_reg[1]/C (clocked by sys_clk_pin) and nicmodule/matMul_reg[0][0][1]/R (clocked by sys_clk_pin). Large setup violations at the end of those stages might be difficult to fix during the post-placement implementation flow and could be the result of non-optimal XDC constraints or non-optimal design architecture
Related violations: <none>

TIMING-16#780 Warning
Large setup violation  
There is a large setup violation of -2.378 ns between nicmodule/cursor_y_reg[1]/C (clocked by sys_clk_pin) and nicmodule/matMul_reg[0][0][2]/R (clocked by sys_clk_pin). Large setup violations at the end of those stages might be difficult to fix during the post-placement implementation flow and could be the result of non-optimal XDC constraints or non-optimal design architecture
Related violations: <none>

TIMING-16#781 Warning
Large setup violation  
There is a large setup violation of -2.378 ns between nicmodule/cursor_y_reg[1]/C (clocked by sys_clk_pin) and nicmodule/matMul_reg[0][0][3]/R (clocked by sys_clk_pin). Large setup violations at the end of those stages might be difficult to fix during the post-placement implementation flow and could be the result of non-optimal XDC constraints or non-optimal design architecture
Related violations: <none>

TIMING-16#782 Warning
Large setup violation  
There is a large setup violation of -2.378 ns between nicmodule/cursor_y_reg[5]/C (clocked by sys_clk_pin) and nicmodule/matB_reg[1][1][5]/D (clocked by sys_clk_pin). Large setup violations at the end of those stages might be difficult to fix during the post-placement implementation flow and could be the result of non-optimal XDC constraints or non-optimal design architecture
Related violations: <none>

TIMING-16#783 Warning
Large setup violation  
There is a large setup violation of -2.382 ns between nicmodule/cursor_y_reg[1]/C (clocked by sys_clk_pin) and nicmodule/matA_saved_reg[0][1][3]/CE (clocked by sys_clk_pin). Large setup violations at the end of those stages might be difficult to fix during the post-placement implementation flow and could be the result of non-optimal XDC constraints or non-optimal design architecture
Related violations: <none>

TIMING-16#784 Warning
Large setup violation  
There is a large setup violation of -2.382 ns between nicmodule/cursor_y_reg[1]/C (clocked by sys_clk_pin) and nicmodule/matA_saved_reg[1][1][7]/CE (clocked by sys_clk_pin). Large setup violations at the end of those stages might be difficult to fix during the post-placement implementation flow and could be the result of non-optimal XDC constraints or non-optimal design architecture
Related violations: <none>

TIMING-16#785 Warning
Large setup violation  
There is a large setup violation of -2.399 ns between nicmodule/cursor_y_reg[1]/C (clocked by sys_clk_pin) and nicmodule/matA_saved_reg[1][1][1]/R (clocked by sys_clk_pin). Large setup violations at the end of those stages might be difficult to fix during the post-placement implementation flow and could be the result of non-optimal XDC constraints or non-optimal design architecture
Related violations: <none>

TIMING-16#786 Warning
Large setup violation  
There is a large setup violation of -2.400 ns between vetrimodule/plotmd/graph_mod/y2_offi_reg[14]/C (clocked by sys_clk_pin) and vetrimodule/plotmd/graph_mod/poly2_y_reg[66][10]/D (clocked by sys_clk_pin). Large setup violations at the end of those stages might be difficult to fix during the post-placement implementation flow and could be the result of non-optimal XDC constraints or non-optimal design architecture
Related violations: <none>

TIMING-16#787 Warning
Large setup violation  
There is a large setup violation of -2.412 ns between vetrimodule/plotmd/graph_mod/y2_offi_reg[14]/C (clocked by sys_clk_pin) and vetrimodule/plotmd/graph_mod/poly2_y_reg[27][6]/D (clocked by sys_clk_pin). Large setup violations at the end of those stages might be difficult to fix during the post-placement implementation flow and could be the result of non-optimal XDC constraints or non-optimal design architecture
Related violations: <none>

TIMING-16#788 Warning
Large setup violation  
There is a large setup violation of -2.414 ns between msemd/ypos_reg[5]/C (clocked by sys_clk_pin) and main_menu_inst/selected_box_reg[1]/D (clocked by sys_clk_pin). Large setup violations at the end of those stages might be difficult to fix during the post-placement implementation flow and could be the result of non-optimal XDC constraints or non-optimal design architecture
Related violations: <none>

TIMING-16#789 Warning
Large setup violation  
There is a large setup violation of -2.421 ns between vetrimodule/plotmd/graph_mod/y2_offi_reg[14]/C (clocked by sys_clk_pin) and vetrimodule/plotmd/graph_mod/poly2_y_reg[20][10]/D (clocked by sys_clk_pin). Large setup violations at the end of those stages might be difficult to fix during the post-placement implementation flow and could be the result of non-optimal XDC constraints or non-optimal design architecture
Related violations: <none>

TIMING-16#790 Warning
Large setup violation  
There is a large setup violation of -2.430 ns between nicmodule/cursor_y_reg[1]/C (clocked by sys_clk_pin) and nicmodule/matA_saved_reg[1][0][6]/CE (clocked by sys_clk_pin). Large setup violations at the end of those stages might be difficult to fix during the post-placement implementation flow and could be the result of non-optimal XDC constraints or non-optimal design architecture
Related violations: <none>

TIMING-16#791 Warning
Large setup violation  
There is a large setup violation of -2.436 ns between vetrimodule/plotmd/graph_mod/y2_offi_reg[14]/C (clocked by sys_clk_pin) and vetrimodule/plotmd/graph_mod/poly2_y_reg[36][9]/D (clocked by sys_clk_pin). Large setup violations at the end of those stages might be difficult to fix during the post-placement implementation flow and could be the result of non-optimal XDC constraints or non-optimal design architecture
Related violations: <none>

TIMING-16#792 Warning
Large setup violation  
There is a large setup violation of -2.441 ns between nicmodule/cursor_y_reg[5]/C (clocked by sys_clk_pin) and nicmodule/matB_reg[0][0][7]/D (clocked by sys_clk_pin). Large setup violations at the end of those stages might be difficult to fix during the post-placement implementation flow and could be the result of non-optimal XDC constraints or non-optimal design architecture
Related violations: <none>

TIMING-16#793 Warning
Large setup violation  
There is a large setup violation of -2.445 ns between msemd/right_reg/C (clocked by sys_clk_pin) and vetrimodule/plotmd/graph_mod/poly2_y_reg[64][11]/CE (clocked by sys_clk_pin). Large setup violations at the end of those stages might be difficult to fix during the post-placement implementation flow and could be the result of non-optimal XDC constraints or non-optimal design architecture
Related violations: <none>

TIMING-16#794 Warning
Large setup violation  
There is a large setup violation of -2.445 ns between msemd/right_reg/C (clocked by sys_clk_pin) and vetrimodule/plotmd/graph_mod/poly2_y_reg[64][5]/CE (clocked by sys_clk_pin). Large setup violations at the end of those stages might be difficult to fix during the post-placement implementation flow and could be the result of non-optimal XDC constraints or non-optimal design architecture
Related violations: <none>

TIMING-16#795 Warning
Large setup violation  
There is a large setup violation of -2.459 ns between vetrimodule/plotmd/graph_mod/y2_offi_reg[14]/C (clocked by sys_clk_pin) and vetrimodule/plotmd/graph_mod/poly2_y_reg[22][8]/D (clocked by sys_clk_pin). Large setup violations at the end of those stages might be difficult to fix during the post-placement implementation flow and could be the result of non-optimal XDC constraints or non-optimal design architecture
Related violations: <none>

TIMING-16#796 Warning
Large setup violation  
There is a large setup violation of -2.462 ns between nicmodule/cursor_y_reg[5]/C (clocked by sys_clk_pin) and nicmodule/matB_reg[1][1][7]/D (clocked by sys_clk_pin). Large setup violations at the end of those stages might be difficult to fix during the post-placement implementation flow and could be the result of non-optimal XDC constraints or non-optimal design architecture
Related violations: <none>

TIMING-16#797 Warning
Large setup violation  
There is a large setup violation of -2.485 ns between msemd/xpos_reg[6]/C (clocked by sys_clk_pin) and ryanmodule/saved_coef_b_reg[1]/CE (clocked by sys_clk_pin). Large setup violations at the end of those stages might be difficult to fix during the post-placement implementation flow and could be the result of non-optimal XDC constraints or non-optimal design architecture
Related violations: <none>

TIMING-16#798 Warning
Large setup violation  
There is a large setup violation of -2.485 ns between msemd/xpos_reg[6]/C (clocked by sys_clk_pin) and ryanmodule/saved_coef_b_reg[2]/CE (clocked by sys_clk_pin). Large setup violations at the end of those stages might be difficult to fix during the post-placement implementation flow and could be the result of non-optimal XDC constraints or non-optimal design architecture
Related violations: <none>

TIMING-16#799 Warning
Large setup violation  
There is a large setup violation of -2.485 ns between msemd/xpos_reg[6]/C (clocked by sys_clk_pin) and ryanmodule/saved_coef_b_reg[3]/CE (clocked by sys_clk_pin). Large setup violations at the end of those stages might be difficult to fix during the post-placement implementation flow and could be the result of non-optimal XDC constraints or non-optimal design architecture
Related violations: <none>

TIMING-16#800 Warning
Large setup violation  
There is a large setup violation of -2.485 ns between msemd/xpos_reg[6]/C (clocked by sys_clk_pin) and ryanmodule/saved_coef_b_reg[4]/CE (clocked by sys_clk_pin). Large setup violations at the end of those stages might be difficult to fix during the post-placement implementation flow and could be the result of non-optimal XDC constraints or non-optimal design architecture
Related violations: <none>

TIMING-16#801 Warning
Large setup violation  
There is a large setup violation of -2.488 ns between vetrimodule/plotmd/graph_mod/y2_offi_reg[14]/C (clocked by sys_clk_pin) and vetrimodule/plotmd/graph_mod/poly2_y_reg[15][7]/D (clocked by sys_clk_pin). Large setup violations at the end of those stages might be difficult to fix during the post-placement implementation flow and could be the result of non-optimal XDC constraints or non-optimal design architecture
Related violations: <none>

TIMING-16#802 Warning
Large setup violation  
There is a large setup violation of -2.492 ns between nicmodule/cursor_y_reg[4]/C (clocked by sys_clk_pin) and nicmodule/matB_reg[0][0][0]/CE (clocked by sys_clk_pin). Large setup violations at the end of those stages might be difficult to fix during the post-placement implementation flow and could be the result of non-optimal XDC constraints or non-optimal design architecture
Related violations: <none>

TIMING-16#803 Warning
Large setup violation  
There is a large setup violation of -2.492 ns between nicmodule/cursor_y_reg[4]/C (clocked by sys_clk_pin) and nicmodule/matB_reg[0][0][7]/CE (clocked by sys_clk_pin). Large setup violations at the end of those stages might be difficult to fix during the post-placement implementation flow and could be the result of non-optimal XDC constraints or non-optimal design architecture
Related violations: <none>

TIMING-16#804 Warning
Large setup violation  
There is a large setup violation of -2.493 ns between vetrimodule/plotmd/graph_mod/y2_offi_reg[14]/C (clocked by sys_clk_pin) and vetrimodule/plotmd/graph_mod/poly2_y_reg[20][7]/D (clocked by sys_clk_pin). Large setup violations at the end of those stages might be difficult to fix during the post-placement implementation flow and could be the result of non-optimal XDC constraints or non-optimal design architecture
Related violations: <none>

TIMING-16#805 Warning
Large setup violation  
There is a large setup violation of -2.512 ns between nicmodule/cursor_y_reg[4]/C (clocked by sys_clk_pin) and nicmodule/matA_reg[1][1][0]/CE (clocked by sys_clk_pin). Large setup violations at the end of those stages might be difficult to fix during the post-placement implementation flow and could be the result of non-optimal XDC constraints or non-optimal design architecture
Related violations: <none>

TIMING-16#806 Warning
Large setup violation  
There is a large setup violation of -2.512 ns between nicmodule/cursor_y_reg[4]/C (clocked by sys_clk_pin) and nicmodule/matA_reg[1][1][5]/CE (clocked by sys_clk_pin). Large setup violations at the end of those stages might be difficult to fix during the post-placement implementation flow and could be the result of non-optimal XDC constraints or non-optimal design architecture
Related violations: <none>

TIMING-16#807 Warning
Large setup violation  
There is a large setup violation of -2.516 ns between vetrimodule/plotmd/graph_mod/y2_offi_reg[14]/C (clocked by sys_clk_pin) and vetrimodule/plotmd/graph_mod/poly2_y_reg[74][1]/D (clocked by sys_clk_pin). Large setup violations at the end of those stages might be difficult to fix during the post-placement implementation flow and could be the result of non-optimal XDC constraints or non-optimal design architecture
Related violations: <none>

TIMING-16#808 Warning
Large setup violation  
There is a large setup violation of -2.521 ns between vetrimodule/plotmd/graph_mod/y2_offi_reg[14]/C (clocked by sys_clk_pin) and vetrimodule/plotmd/graph_mod/poly2_y_reg[37][9]/D (clocked by sys_clk_pin). Large setup violations at the end of those stages might be difficult to fix during the post-placement implementation flow and could be the result of non-optimal XDC constraints or non-optimal design architecture
Related violations: <none>

TIMING-16#809 Warning
Large setup violation  
There is a large setup violation of -2.529 ns between msemd/right_reg/C (clocked by sys_clk_pin) and vetrimodule/plotmd/graph_mod/poly2_y_reg[64][2]/CE (clocked by sys_clk_pin). Large setup violations at the end of those stages might be difficult to fix during the post-placement implementation flow and could be the result of non-optimal XDC constraints or non-optimal design architecture
Related violations: <none>

TIMING-16#810 Warning
Large setup violation  
There is a large setup violation of -2.529 ns between msemd/right_reg/C (clocked by sys_clk_pin) and vetrimodule/plotmd/graph_mod/poly2_y_reg[64][4]/CE (clocked by sys_clk_pin). Large setup violations at the end of those stages might be difficult to fix during the post-placement implementation flow and could be the result of non-optimal XDC constraints or non-optimal design architecture
Related violations: <none>

TIMING-16#811 Warning
Large setup violation  
There is a large setup violation of -2.540 ns between nicmodule/cursor_y_reg[1]/C (clocked by sys_clk_pin) and nicmodule/matSub_reg[1][0][0]/R (clocked by sys_clk_pin). Large setup violations at the end of those stages might be difficult to fix during the post-placement implementation flow and could be the result of non-optimal XDC constraints or non-optimal design architecture
Related violations: <none>

TIMING-16#812 Warning
Large setup violation  
There is a large setup violation of -2.540 ns between nicmodule/cursor_y_reg[1]/C (clocked by sys_clk_pin) and nicmodule/matSub_reg[1][0][1]/R (clocked by sys_clk_pin). Large setup violations at the end of those stages might be difficult to fix during the post-placement implementation flow and could be the result of non-optimal XDC constraints or non-optimal design architecture
Related violations: <none>

TIMING-16#813 Warning
Large setup violation  
There is a large setup violation of -2.540 ns between nicmodule/cursor_y_reg[1]/C (clocked by sys_clk_pin) and nicmodule/matSub_reg[1][0][2]/R (clocked by sys_clk_pin). Large setup violations at the end of those stages might be difficult to fix during the post-placement implementation flow and could be the result of non-optimal XDC constraints or non-optimal design architecture
Related violations: <none>

TIMING-16#814 Warning
Large setup violation  
There is a large setup violation of -2.540 ns between nicmodule/cursor_y_reg[1]/C (clocked by sys_clk_pin) and nicmodule/matSub_reg[1][0][3]/R (clocked by sys_clk_pin). Large setup violations at the end of those stages might be difficult to fix during the post-placement implementation flow and could be the result of non-optimal XDC constraints or non-optimal design architecture
Related violations: <none>

TIMING-16#815 Warning
Large setup violation  
There is a large setup violation of -2.541 ns between vetrimodule/plotmd/graph_mod/y2_offi_reg[14]/C (clocked by sys_clk_pin) and vetrimodule/plotmd/graph_mod/poly2_y_reg[6][7]/D (clocked by sys_clk_pin). Large setup violations at the end of those stages might be difficult to fix during the post-placement implementation flow and could be the result of non-optimal XDC constraints or non-optimal design architecture
Related violations: <none>

TIMING-16#816 Warning
Large setup violation  
There is a large setup violation of -2.542 ns between nicmodule/cursor_y_reg[4]/C (clocked by sys_clk_pin) and nicmodule/matA_reg[1][1][3]/D (clocked by sys_clk_pin). Large setup violations at the end of those stages might be difficult to fix during the post-placement implementation flow and could be the result of non-optimal XDC constraints or non-optimal design architecture
Related violations: <none>

TIMING-16#817 Warning
Large setup violation  
There is a large setup violation of -2.548 ns between nicmodule/cursor_y_reg[4]/C (clocked by sys_clk_pin) and nicmodule/matA_reg[1][1][6]/CE (clocked by sys_clk_pin). Large setup violations at the end of those stages might be difficult to fix during the post-placement implementation flow and could be the result of non-optimal XDC constraints or non-optimal design architecture
Related violations: <none>

TIMING-16#818 Warning
Large setup violation  
There is a large setup violation of -2.548 ns between nicmodule/cursor_y_reg[4]/C (clocked by sys_clk_pin) and nicmodule/matA_reg[1][1][7]/CE (clocked by sys_clk_pin). Large setup violations at the end of those stages might be difficult to fix during the post-placement implementation flow and could be the result of non-optimal XDC constraints or non-optimal design architecture
Related violations: <none>

TIMING-16#819 Warning
Large setup violation  
There is a large setup violation of -2.556 ns between nicmodule/cursor_y_reg[1]/C (clocked by sys_clk_pin) and nicmodule/matA_saved_reg[0][1][2]/CE (clocked by sys_clk_pin). Large setup violations at the end of those stages might be difficult to fix during the post-placement implementation flow and could be the result of non-optimal XDC constraints or non-optimal design architecture
Related violations: <none>

TIMING-16#820 Warning
Large setup violation  
There is a large setup violation of -2.556 ns between nicmodule/cursor_y_reg[1]/C (clocked by sys_clk_pin) and nicmodule/matA_saved_reg[1][0][2]/CE (clocked by sys_clk_pin). Large setup violations at the end of those stages might be difficult to fix during the post-placement implementation flow and could be the result of non-optimal XDC constraints or non-optimal design architecture
Related violations: <none>

TIMING-16#821 Warning
Large setup violation  
There is a large setup violation of -2.556 ns between nicmodule/cursor_y_reg[1]/C (clocked by sys_clk_pin) and nicmodule/matA_saved_reg[1][1][0]/CE (clocked by sys_clk_pin). Large setup violations at the end of those stages might be difficult to fix during the post-placement implementation flow and could be the result of non-optimal XDC constraints or non-optimal design architecture
Related violations: <none>

TIMING-16#822 Warning
Large setup violation  
There is a large setup violation of -2.563 ns between nicmodule/cursor_y_reg[1]/C (clocked by sys_clk_pin) and nicmodule/matB_reg[0][1][0]/CE (clocked by sys_clk_pin). Large setup violations at the end of those stages might be difficult to fix during the post-placement implementation flow and could be the result of non-optimal XDC constraints or non-optimal design architecture
Related violations: <none>

TIMING-16#823 Warning
Large setup violation  
There is a large setup violation of -2.566 ns between vetrimodule/plotmd/graph_mod/y2_offi_reg[14]/C (clocked by sys_clk_pin) and vetrimodule/plotmd/graph_mod/poly2_y_reg[74][10]/D (clocked by sys_clk_pin). Large setup violations at the end of those stages might be difficult to fix during the post-placement implementation flow and could be the result of non-optimal XDC constraints or non-optimal design architecture
Related violations: <none>

TIMING-16#824 Warning
Large setup violation  
There is a large setup violation of -2.574 ns between vetrimodule/plotmd/graph_mod/y2_offi_reg[14]/C (clocked by sys_clk_pin) and vetrimodule/plotmd/graph_mod/poly2_y_reg[64][10]/D (clocked by sys_clk_pin). Large setup violations at the end of those stages might be difficult to fix during the post-placement implementation flow and could be the result of non-optimal XDC constraints or non-optimal design architecture
Related violations: <none>

TIMING-16#825 Warning
Large setup violation  
There is a large setup violation of -2.577 ns between nicmodule/cursor_y_reg[4]/C (clocked by sys_clk_pin) and nicmodule/matA_reg[1][1][3]/CE (clocked by sys_clk_pin). Large setup violations at the end of those stages might be difficult to fix during the post-placement implementation flow and could be the result of non-optimal XDC constraints or non-optimal design architecture
Related violations: <none>

TIMING-16#826 Warning
Large setup violation  
There is a large setup violation of -2.601 ns between vetrimodule/approxmd/linreg_plot/sum_x_reg[1]/C (clocked by sys_clk_pin) and vetrimodule/approxmd/linreg_plot/temp1_reg[12]/D (clocked by sys_clk_pin). Large setup violations at the end of those stages might be difficult to fix during the post-placement implementation flow and could be the result of non-optimal XDC constraints or non-optimal design architecture
Related violations: <none>

TIMING-16#827 Warning
Large setup violation  
There is a large setup violation of -2.636 ns between nicmodule/acc_mag_reg[0]/C (clocked by sys_clk_pin) and nicmodule/det_val_reg[6]/D (clocked by sys_clk_pin). Large setup violations at the end of those stages might be difficult to fix during the post-placement implementation flow and could be the result of non-optimal XDC constraints or non-optimal design architecture
Related violations: <none>

TIMING-16#828 Warning
Large setup violation  
There is a large setup violation of -2.648 ns between nicmodule/acc_cnt_reg[1]/C (clocked by sys_clk_pin) and nicmodule/matMul_reg[0][0][3]/D (clocked by sys_clk_pin). Large setup violations at the end of those stages might be difficult to fix during the post-placement implementation flow and could be the result of non-optimal XDC constraints or non-optimal design architecture
Related violations: <none>

TIMING-16#829 Warning
Large setup violation  
There is a large setup violation of -2.656 ns between msemd/right_reg/C (clocked by sys_clk_pin) and vetrimodule/plotmd/graph_mod/poly2_y_reg[20][12]/CE (clocked by sys_clk_pin). Large setup violations at the end of those stages might be difficult to fix during the post-placement implementation flow and could be the result of non-optimal XDC constraints or non-optimal design architecture
Related violations: <none>

TIMING-16#830 Warning
Large setup violation  
There is a large setup violation of -2.667 ns between nicmodule/cursor_y_reg[4]/C (clocked by sys_clk_pin) and nicmodule/matB_reg[0][1][1]/D (clocked by sys_clk_pin). Large setup violations at the end of those stages might be difficult to fix during the post-placement implementation flow and could be the result of non-optimal XDC constraints or non-optimal design architecture
Related violations: <none>

TIMING-16#831 Warning
Large setup violation  
There is a large setup violation of -2.669 ns between vetrimodule/plotmd/graph_mod/y2_offi_reg[14]/C (clocked by sys_clk_pin) and vetrimodule/plotmd/graph_mod/poly2_y_reg[3][7]/D (clocked by sys_clk_pin). Large setup violations at the end of those stages might be difficult to fix during the post-placement implementation flow and could be the result of non-optimal XDC constraints or non-optimal design architecture
Related violations: <none>

TIMING-16#832 Warning
Large setup violation  
There is a large setup violation of -2.670 ns between msemd/xpos_reg[6]/C (clocked by sys_clk_pin) and ryanmodule/coef_c_reg[1]__0/CE (clocked by sys_clk_pin). Large setup violations at the end of those stages might be difficult to fix during the post-placement implementation flow and could be the result of non-optimal XDC constraints or non-optimal design architecture
Related violations: <none>

TIMING-16#833 Warning
Large setup violation  
There is a large setup violation of -2.670 ns between msemd/xpos_reg[6]/C (clocked by sys_clk_pin) and ryanmodule/coef_c_reg[2]__0/CE (clocked by sys_clk_pin). Large setup violations at the end of those stages might be difficult to fix during the post-placement implementation flow and could be the result of non-optimal XDC constraints or non-optimal design architecture
Related violations: <none>

TIMING-16#834 Warning
Large setup violation  
There is a large setup violation of -2.670 ns between msemd/xpos_reg[6]/C (clocked by sys_clk_pin) and ryanmodule/coef_c_reg[5]__0/CE (clocked by sys_clk_pin). Large setup violations at the end of those stages might be difficult to fix during the post-placement implementation flow and could be the result of non-optimal XDC constraints or non-optimal design architecture
Related violations: <none>

TIMING-16#835 Warning
Large setup violation  
There is a large setup violation of -2.671 ns between msemd/right_reg/C (clocked by sys_clk_pin) and vetrimodule/plotmd/graph_mod/poly1_y_reg[29][12]/CE (clocked by sys_clk_pin). Large setup violations at the end of those stages might be difficult to fix during the post-placement implementation flow and could be the result of non-optimal XDC constraints or non-optimal design architecture
Related violations: <none>

TIMING-16#836 Warning
Large setup violation  
There is a large setup violation of -2.671 ns between msemd/right_reg/C (clocked by sys_clk_pin) and vetrimodule/plotmd/graph_mod/poly1_y_reg[29][15]/CE (clocked by sys_clk_pin). Large setup violations at the end of those stages might be difficult to fix during the post-placement implementation flow and could be the result of non-optimal XDC constraints or non-optimal design architecture
Related violations: <none>

TIMING-16#837 Warning
Large setup violation  
There is a large setup violation of -2.671 ns between msemd/right_reg/C (clocked by sys_clk_pin) and vetrimodule/plotmd/graph_mod/poly1_y_reg[29][2]/CE (clocked by sys_clk_pin). Large setup violations at the end of those stages might be difficult to fix during the post-placement implementation flow and could be the result of non-optimal XDC constraints or non-optimal design architecture
Related violations: <none>

TIMING-16#838 Warning
Large setup violation  
There is a large setup violation of -2.671 ns between msemd/right_reg/C (clocked by sys_clk_pin) and vetrimodule/plotmd/graph_mod/poly1_y_reg[29][4]/CE (clocked by sys_clk_pin). Large setup violations at the end of those stages might be difficult to fix during the post-placement implementation flow and could be the result of non-optimal XDC constraints or non-optimal design architecture
Related violations: <none>

TIMING-16#839 Warning
Large setup violation  
There is a large setup violation of -2.671 ns between msemd/right_reg/C (clocked by sys_clk_pin) and vetrimodule/plotmd/graph_mod/poly2_y_reg[29][0]/CE (clocked by sys_clk_pin). Large setup violations at the end of those stages might be difficult to fix during the post-placement implementation flow and could be the result of non-optimal XDC constraints or non-optimal design architecture
Related violations: <none>

TIMING-16#840 Warning
Large setup violation  
There is a large setup violation of -2.672 ns between vetrimodule/plotmd/graph_mod/y2_offi_reg[14]/C (clocked by sys_clk_pin) and vetrimodule/plotmd/graph_mod/poly2_y_reg[14][7]/D (clocked by sys_clk_pin). Large setup violations at the end of those stages might be difficult to fix during the post-placement implementation flow and could be the result of non-optimal XDC constraints or non-optimal design architecture
Related violations: <none>

TIMING-16#841 Warning
Large setup violation  
There is a large setup violation of -2.675 ns between msemd/right_reg/C (clocked by sys_clk_pin) and vetrimodule/plotmd/graph_mod/poly1_y_reg[86][2]/CE (clocked by sys_clk_pin). Large setup violations at the end of those stages might be difficult to fix during the post-placement implementation flow and could be the result of non-optimal XDC constraints or non-optimal design architecture
Related violations: <none>

TIMING-16#842 Warning
Large setup violation  
There is a large setup violation of -2.698 ns between vetrimodule/plotmd/graph_mod/y2_offi_reg[14]/C (clocked by sys_clk_pin) and vetrimodule/plotmd/graph_mod/poly2_y_reg[31][10]/D (clocked by sys_clk_pin). Large setup violations at the end of those stages might be difficult to fix during the post-placement implementation flow and could be the result of non-optimal XDC constraints or non-optimal design architecture
Related violations: <none>

TIMING-16#843 Warning
Large setup violation  
There is a large setup violation of -2.703 ns between vetrimodule/plotmd/graph_mod/y2_offi_reg[14]/C (clocked by sys_clk_pin) and vetrimodule/plotmd/graph_mod/poly2_y_reg[73][10]/D (clocked by sys_clk_pin). Large setup violations at the end of those stages might be difficult to fix during the post-placement implementation flow and could be the result of non-optimal XDC constraints or non-optimal design architecture
Related violations: <none>

TIMING-16#844 Warning
Large setup violation  
There is a large setup violation of -2.710 ns between msemd/xpos_reg[6]/C (clocked by sys_clk_pin) and ryanmodule/saved_coef_b_reg[0]/CE (clocked by sys_clk_pin). Large setup violations at the end of those stages might be difficult to fix during the post-placement implementation flow and could be the result of non-optimal XDC constraints or non-optimal design architecture
Related violations: <none>

TIMING-16#845 Warning
Large setup violation  
There is a large setup violation of -2.736 ns between msemd/right_reg/C (clocked by sys_clk_pin) and vetrimodule/plotmd/graph_mod/poly1_y_reg[64][15]/CE (clocked by sys_clk_pin). Large setup violations at the end of those stages might be difficult to fix during the post-placement implementation flow and could be the result of non-optimal XDC constraints or non-optimal design architecture
Related violations: <none>

TIMING-16#846 Warning
Large setup violation  
There is a large setup violation of -2.736 ns between msemd/right_reg/C (clocked by sys_clk_pin) and vetrimodule/plotmd/graph_mod/poly2_y_reg[64][7]/CE (clocked by sys_clk_pin). Large setup violations at the end of those stages might be difficult to fix during the post-placement implementation flow and could be the result of non-optimal XDC constraints or non-optimal design architecture
Related violations: <none>

TIMING-16#847 Warning
Large setup violation  
There is a large setup violation of -2.738 ns between nicmodule/acc_mag_reg[0]/C (clocked by sys_clk_pin) and nicmodule/det_val_reg[7]/D (clocked by sys_clk_pin). Large setup violations at the end of those stages might be difficult to fix during the post-placement implementation flow and could be the result of non-optimal XDC constraints or non-optimal design architecture
Related violations: <none>

TIMING-16#848 Warning
Large setup violation  
There is a large setup violation of -2.755 ns between nicmodule/cursor_y_reg[1]/C (clocked by sys_clk_pin) and nicmodule/matA_saved_reg[0][1][6]/CE (clocked by sys_clk_pin). Large setup violations at the end of those stages might be difficult to fix during the post-placement implementation flow and could be the result of non-optimal XDC constraints or non-optimal design architecture
Related violations: <none>

TIMING-16#849 Warning
Large setup violation  
There is a large setup violation of -2.756 ns between nicmodule/cursor_y_reg[1]/C (clocked by sys_clk_pin) and nicmodule/matA_saved_reg[0][1][1]/CE (clocked by sys_clk_pin). Large setup violations at the end of those stages might be difficult to fix during the post-placement implementation flow and could be the result of non-optimal XDC constraints or non-optimal design architecture
Related violations: <none>

TIMING-16#850 Warning
Large setup violation  
There is a large setup violation of -2.756 ns between nicmodule/cursor_y_reg[1]/C (clocked by sys_clk_pin) and nicmodule/matA_saved_reg[0][1][5]/CE (clocked by sys_clk_pin). Large setup violations at the end of those stages might be difficult to fix during the post-placement implementation flow and could be the result of non-optimal XDC constraints or non-optimal design architecture
Related violations: <none>

TIMING-16#851 Warning
Large setup violation  
There is a large setup violation of -2.764 ns between nicmodule/cursor_y_reg[1]/C (clocked by sys_clk_pin) and nicmodule/matA_saved_reg[1][0][0]/CE (clocked by sys_clk_pin). Large setup violations at the end of those stages might be difficult to fix during the post-placement implementation flow and could be the result of non-optimal XDC constraints or non-optimal design architecture
Related violations: <none>

TIMING-16#852 Warning
Large setup violation  
There is a large setup violation of -2.765 ns between vetrimodule/plotmd/graph_mod/y2_offi_reg[14]/C (clocked by sys_clk_pin) and vetrimodule/plotmd/graph_mod/poly2_y_reg[25][10]/D (clocked by sys_clk_pin). Large setup violations at the end of those stages might be difficult to fix during the post-placement implementation flow and could be the result of non-optimal XDC constraints or non-optimal design architecture
Related violations: <none>

TIMING-16#853 Warning
Large setup violation  
There is a large setup violation of -2.768 ns between vetrimodule/approxmd/linreg_plot/calc_state_reg[2]/C (clocked by sys_clk_pin) and vetrimodule/approxmd/linreg_plot/sum_xy_reg[8]/D (clocked by sys_clk_pin). Large setup violations at the end of those stages might be difficult to fix during the post-placement implementation flow and could be the result of non-optimal XDC constraints or non-optimal design architecture
Related violations: <none>

TIMING-16#854 Warning
Large setup violation  
There is a large setup violation of -2.819 ns between vetrimodule/approxmd/linreg_plot/slope_reg[17]/C (clocked by sys_clk_pin) and vetrimodule/approxmd/linreg_plot/intercept_reg[0]/D (clocked by sys_clk_pin). Large setup violations at the end of those stages might be difficult to fix during the post-placement implementation flow and could be the result of non-optimal XDC constraints or non-optimal design architecture
Related violations: <none>

TIMING-16#855 Warning
Large setup violation  
There is a large setup violation of -2.819 ns between vetrimodule/plotmd/graph_mod/y2_offi_reg[14]/C (clocked by sys_clk_pin) and vetrimodule/plotmd/graph_mod/poly2_y_reg[11][10]/D (clocked by sys_clk_pin). Large setup violations at the end of those stages might be difficult to fix during the post-placement implementation flow and could be the result of non-optimal XDC constraints or non-optimal design architecture
Related violations: <none>

TIMING-16#856 Warning
Large setup violation  
There is a large setup violation of -2.821 ns between nicmodule/acc_cnt_reg[1]/C (clocked by sys_clk_pin) and nicmodule/matMul_reg[1][0][7]/D (clocked by sys_clk_pin). Large setup violations at the end of those stages might be difficult to fix during the post-placement implementation flow and could be the result of non-optimal XDC constraints or non-optimal design architecture
Related violations: <none>

TIMING-16#857 Warning
Large setup violation  
There is a large setup violation of -2.824 ns between vetrimodule/plotmd/graph_mod/y2_offi_reg[14]/C (clocked by sys_clk_pin) and vetrimodule/plotmd/graph_mod/poly2_y_reg[34][8]/D (clocked by sys_clk_pin). Large setup violations at the end of those stages might be difficult to fix during the post-placement implementation flow and could be the result of non-optimal XDC constraints or non-optimal design architecture
Related violations: <none>

TIMING-16#858 Warning
Large setup violation  
There is a large setup violation of -2.838 ns between nicmodule/cursor_y_reg[1]/C (clocked by sys_clk_pin) and nicmodule/matA_saved_reg[1][1][2]/CE (clocked by sys_clk_pin). Large setup violations at the end of those stages might be difficult to fix during the post-placement implementation flow and could be the result of non-optimal XDC constraints or non-optimal design architecture
Related violations: <none>

TIMING-16#859 Warning
Large setup violation  
There is a large setup violation of -2.859 ns between msemd/xpos_reg[6]/C (clocked by sys_clk_pin) and ryanmodule/coef_c_reg[0]/CE (clocked by sys_clk_pin). Large setup violations at the end of those stages might be difficult to fix during the post-placement implementation flow and could be the result of non-optimal XDC constraints or non-optimal design architecture
Related violations: <none>

TIMING-16#860 Warning
Large setup violation  
There is a large setup violation of -2.859 ns between msemd/xpos_reg[6]/C (clocked by sys_clk_pin) and ryanmodule/coef_c_reg[4]__0/CE (clocked by sys_clk_pin). Large setup violations at the end of those stages might be difficult to fix during the post-placement implementation flow and could be the result of non-optimal XDC constraints or non-optimal design architecture
Related violations: <none>

TIMING-16#861 Warning
Large setup violation  
There is a large setup violation of -2.873 ns between nicmodule/cursor_y_reg[1]/C (clocked by sys_clk_pin) and nicmodule/matA_saved_reg[1][0][1]/CE (clocked by sys_clk_pin). Large setup violations at the end of those stages might be difficult to fix during the post-placement implementation flow and could be the result of non-optimal XDC constraints or non-optimal design architecture
Related violations: <none>

TIMING-16#862 Warning
Large setup violation  
There is a large setup violation of -2.917 ns between nicmodule/cursor_y_reg[1]/C (clocked by sys_clk_pin) and nicmodule/matA_saved_reg[0][1][4]/CE (clocked by sys_clk_pin). Large setup violations at the end of those stages might be difficult to fix during the post-placement implementation flow and could be the result of non-optimal XDC constraints or non-optimal design architecture
Related violations: <none>

TIMING-16#863 Warning
Large setup violation  
There is a large setup violation of -2.917 ns between nicmodule/cursor_y_reg[1]/C (clocked by sys_clk_pin) and nicmodule/matA_saved_reg[1][0][4]/CE (clocked by sys_clk_pin). Large setup violations at the end of those stages might be difficult to fix during the post-placement implementation flow and could be the result of non-optimal XDC constraints or non-optimal design architecture
Related violations: <none>

TIMING-16#864 Warning
Large setup violation  
There is a large setup violation of -2.917 ns between nicmodule/cursor_y_reg[1]/C (clocked by sys_clk_pin) and nicmodule/matA_saved_reg[1][0][5]/CE (clocked by sys_clk_pin). Large setup violations at the end of those stages might be difficult to fix during the post-placement implementation flow and could be the result of non-optimal XDC constraints or non-optimal design architecture
Related violations: <none>

TIMING-16#865 Warning
Large setup violation  
There is a large setup violation of -2.935 ns between vetrimodule/plotmd/graph_mod/y2_offi_reg[14]/C (clocked by sys_clk_pin) and vetrimodule/plotmd/graph_mod/poly2_y_reg[26][10]/D (clocked by sys_clk_pin). Large setup violations at the end of those stages might be difficult to fix during the post-placement implementation flow and could be the result of non-optimal XDC constraints or non-optimal design architecture
Related violations: <none>

TIMING-16#866 Warning
Large setup violation  
There is a large setup violation of -2.945 ns between vetrimodule/plotmd/graph_mod/y2_offi_reg[14]/C (clocked by sys_clk_pin) and vetrimodule/plotmd/graph_mod/poly2_y_reg[60][10]/D (clocked by sys_clk_pin). Large setup violations at the end of those stages might be difficult to fix during the post-placement implementation flow and could be the result of non-optimal XDC constraints or non-optimal design architecture
Related violations: <none>

TIMING-16#867 Warning
Large setup violation  
There is a large setup violation of -2.947 ns between nicmodule/cursor_y_reg[1]/C (clocked by sys_clk_pin) and nicmodule/matA_saved_reg[0][1][0]/CE (clocked by sys_clk_pin). Large setup violations at the end of those stages might be difficult to fix during the post-placement implementation flow and could be the result of non-optimal XDC constraints or non-optimal design architecture
Related violations: <none>

TIMING-16#868 Warning
Large setup violation  
There is a large setup violation of -2.947 ns between nicmodule/cursor_y_reg[1]/C (clocked by sys_clk_pin) and nicmodule/matA_saved_reg[0][1][7]/CE (clocked by sys_clk_pin). Large setup violations at the end of those stages might be difficult to fix during the post-placement implementation flow and could be the result of non-optimal XDC constraints or non-optimal design architecture
Related violations: <none>

TIMING-16#869 Warning
Large setup violation  
There is a large setup violation of -2.996 ns between vetrimodule/approxmd/linreg_plot/slope_reg[17]/C (clocked by sys_clk_pin) and vetrimodule/approxmd/linreg_plot/intercept_reg[1]/D (clocked by sys_clk_pin). Large setup violations at the end of those stages might be difficult to fix during the post-placement implementation flow and could be the result of non-optimal XDC constraints or non-optimal design architecture
Related violations: <none>

TIMING-16#870 Warning
Large setup violation  
There is a large setup violation of -3.024 ns between nicmodule/acc_cnt_reg[1]/C (clocked by sys_clk_pin) and nicmodule/matMul_reg[0][0][4]/D (clocked by sys_clk_pin). Large setup violations at the end of those stages might be difficult to fix during the post-placement implementation flow and could be the result of non-optimal XDC constraints or non-optimal design architecture
Related violations: <none>

TIMING-16#871 Warning
Large setup violation  
There is a large setup violation of -3.043 ns between vetrimodule/approxmd/linreg_plot/calc_state_reg[2]/C (clocked by sys_clk_pin) and vetrimodule/approxmd/linreg_plot/sum_xy_reg[9]/D (clocked by sys_clk_pin). Large setup violations at the end of those stages might be difficult to fix during the post-placement implementation flow and could be the result of non-optimal XDC constraints or non-optimal design architecture
Related violations: <none>

TIMING-16#872 Warning
Large setup violation  
There is a large setup violation of -3.065 ns between vetrimodule/approxmd/linreg_plot/calc_state_reg[2]/C (clocked by sys_clk_pin) and vetrimodule/approxmd/linreg_plot/sum_xy_reg[10]/D (clocked by sys_clk_pin). Large setup violations at the end of those stages might be difficult to fix during the post-placement implementation flow and could be the result of non-optimal XDC constraints or non-optimal design architecture
Related violations: <none>

TIMING-16#873 Warning
Large setup violation  
There is a large setup violation of -3.070 ns between msemd/xpos_reg[6]/C (clocked by sys_clk_pin) and ryanmodule/saved_coef_b_reg[5]_rep__0/CE (clocked by sys_clk_pin). Large setup violations at the end of those stages might be difficult to fix during the post-placement implementation flow and could be the result of non-optimal XDC constraints or non-optimal design architecture
Related violations: <none>

TIMING-16#874 Warning
Large setup violation  
There is a large setup violation of -3.080 ns between msemd/right_reg/C (clocked by sys_clk_pin) and vetrimodule/plotmd/graph_mod/poly1_y_reg[64][2]/CE (clocked by sys_clk_pin). Large setup violations at the end of those stages might be difficult to fix during the post-placement implementation flow and could be the result of non-optimal XDC constraints or non-optimal design architecture
Related violations: <none>

TIMING-16#875 Warning
Large setup violation  
There is a large setup violation of -3.086 ns between vetrimodule/plotmd/graph_mod/y2_offi_reg[14]/C (clocked by sys_clk_pin) and vetrimodule/plotmd/graph_mod/poly2_y_reg[16][10]/D (clocked by sys_clk_pin). Large setup violations at the end of those stages might be difficult to fix during the post-placement implementation flow and could be the result of non-optimal XDC constraints or non-optimal design architecture
Related violations: <none>

TIMING-16#876 Warning
Large setup violation  
There is a large setup violation of -3.088 ns between vetrimodule/plotmd/graph_mod/y2_offi_reg[14]/C (clocked by sys_clk_pin) and vetrimodule/plotmd/graph_mod/poly2_y_reg[21][10]/D (clocked by sys_clk_pin). Large setup violations at the end of those stages might be difficult to fix during the post-placement implementation flow and could be the result of non-optimal XDC constraints or non-optimal design architecture
Related violations: <none>

TIMING-16#877 Warning
Large setup violation  
There is a large setup violation of -3.101 ns between msemd/xpos_reg[6]/C (clocked by sys_clk_pin) and ryanmodule/saved_coef_a_reg[0]_rep__0/CE (clocked by sys_clk_pin). Large setup violations at the end of those stages might be difficult to fix during the post-placement implementation flow and could be the result of non-optimal XDC constraints or non-optimal design architecture
Related violations: <none>

TIMING-16#878 Warning
Large setup violation  
There is a large setup violation of -3.103 ns between nicmodule/col_reg[0]/C (clocked by sys_clk_pin) and nicmodule/matMul_reg[0][1][6]/D (clocked by sys_clk_pin). Large setup violations at the end of those stages might be difficult to fix during the post-placement implementation flow and could be the result of non-optimal XDC constraints or non-optimal design architecture
Related violations: <none>

TIMING-16#879 Warning
Large setup violation  
There is a large setup violation of -3.140 ns between msemd/xpos_reg[6]/C (clocked by sys_clk_pin) and ryanmodule/saved_coef_a_reg[1]_rep__0/CE (clocked by sys_clk_pin). Large setup violations at the end of those stages might be difficult to fix during the post-placement implementation flow and could be the result of non-optimal XDC constraints or non-optimal design architecture
Related violations: <none>

TIMING-16#880 Warning
Large setup violation  
There is a large setup violation of -3.140 ns between msemd/xpos_reg[6]/C (clocked by sys_clk_pin) and ryanmodule/saved_coef_b_reg[5]/CE (clocked by sys_clk_pin). Large setup violations at the end of those stages might be difficult to fix during the post-placement implementation flow and could be the result of non-optimal XDC constraints or non-optimal design architecture
Related violations: <none>

TIMING-16#881 Warning
Large setup violation  
There is a large setup violation of -3.142 ns between msemd/xpos_reg[6]/C (clocked by sys_clk_pin) and ryanmodule/saved_coef_b_reg[5]_rep__1/CE (clocked by sys_clk_pin). Large setup violations at the end of those stages might be difficult to fix during the post-placement implementation flow and could be the result of non-optimal XDC constraints or non-optimal design architecture
Related violations: <none>

TIMING-16#882 Warning
Large setup violation  
There is a large setup violation of -3.142 ns between msemd/xpos_reg[6]/C (clocked by sys_clk_pin) and ryanmodule/saved_coef_b_reg[5]_rep__2/CE (clocked by sys_clk_pin). Large setup violations at the end of those stages might be difficult to fix during the post-placement implementation flow and could be the result of non-optimal XDC constraints or non-optimal design architecture
Related violations: <none>

TIMING-16#883 Warning
Large setup violation  
There is a large setup violation of -3.149 ns between nicmodule/acc_mag_reg[0]/C (clocked by sys_clk_pin) and nicmodule/matMul_reg[1][1][6]/D (clocked by sys_clk_pin). Large setup violations at the end of those stages might be difficult to fix during the post-placement implementation flow and could be the result of non-optimal XDC constraints or non-optimal design architecture
Related violations: <none>

TIMING-16#884 Warning
Large setup violation  
There is a large setup violation of -3.152 ns between msemd/xpos_reg[6]/C (clocked by sys_clk_pin) and ryanmodule/saved_coef_b_reg[5]_rep__6/CE (clocked by sys_clk_pin). Large setup violations at the end of those stages might be difficult to fix during the post-placement implementation flow and could be the result of non-optimal XDC constraints or non-optimal design architecture
Related violations: <none>

TIMING-16#885 Warning
Large setup violation  
There is a large setup violation of -3.165 ns between vetrimodule/plotmd/graph_mod/y2_offi_reg[14]/C (clocked by sys_clk_pin) and vetrimodule/plotmd/graph_mod/poly2_y_reg[30][10]/D (clocked by sys_clk_pin). Large setup violations at the end of those stages might be difficult to fix during the post-placement implementation flow and could be the result of non-optimal XDC constraints or non-optimal design architecture
Related violations: <none>

TIMING-16#886 Warning
Large setup violation  
There is a large setup violation of -3.173 ns between msemd/xpos_reg[6]/C (clocked by sys_clk_pin) and ryanmodule/saved_coef_b_reg[5]_rep__4/CE (clocked by sys_clk_pin). Large setup violations at the end of those stages might be difficult to fix during the post-placement implementation flow and could be the result of non-optimal XDC constraints or non-optimal design architecture
Related violations: <none>

TIMING-16#887 Warning
Large setup violation  
There is a large setup violation of -3.173 ns between msemd/xpos_reg[6]/C (clocked by sys_clk_pin) and ryanmodule/saved_coef_c_reg[2]/CE (clocked by sys_clk_pin). Large setup violations at the end of those stages might be difficult to fix during the post-placement implementation flow and could be the result of non-optimal XDC constraints or non-optimal design architecture
Related violations: <none>

TIMING-16#888 Warning
Large setup violation  
There is a large setup violation of -3.173 ns between msemd/xpos_reg[6]/C (clocked by sys_clk_pin) and ryanmodule/saved_coef_c_reg[3]/CE (clocked by sys_clk_pin). Large setup violations at the end of those stages might be difficult to fix during the post-placement implementation flow and could be the result of non-optimal XDC constraints or non-optimal design architecture
Related violations: <none>

TIMING-16#889 Warning
Large setup violation  
There is a large setup violation of -3.221 ns between nicmodule/acc_mag_reg[0]/C (clocked by sys_clk_pin) and nicmodule/det_val_reg[8]/D (clocked by sys_clk_pin). Large setup violations at the end of those stages might be difficult to fix during the post-placement implementation flow and could be the result of non-optimal XDC constraints or non-optimal design architecture
Related violations: <none>

TIMING-16#890 Warning
Large setup violation  
There is a large setup violation of -3.233 ns between msemd/xpos_reg[6]/C (clocked by sys_clk_pin) and ryanmodule/saved_coef_b_reg[5]_rep__5/CE (clocked by sys_clk_pin). Large setup violations at the end of those stages might be difficult to fix during the post-placement implementation flow and could be the result of non-optimal XDC constraints or non-optimal design architecture
Related violations: <none>

TIMING-16#891 Warning
Large setup violation  
There is a large setup violation of -3.299 ns between nicmodule/cursor_y_reg[1]/C (clocked by sys_clk_pin) and nicmodule/matA_saved_reg[0][0][0]/CE (clocked by sys_clk_pin). Large setup violations at the end of those stages might be difficult to fix during the post-placement implementation flow and could be the result of non-optimal XDC constraints or non-optimal design architecture
Related violations: <none>

TIMING-16#892 Warning
Large setup violation  
There is a large setup violation of -3.299 ns between nicmodule/cursor_y_reg[1]/C (clocked by sys_clk_pin) and nicmodule/matA_saved_reg[0][0][6]/CE (clocked by sys_clk_pin). Large setup violations at the end of those stages might be difficult to fix during the post-placement implementation flow and could be the result of non-optimal XDC constraints or non-optimal design architecture
Related violations: <none>

TIMING-16#893 Warning
Large setup violation  
There is a large setup violation of -3.323 ns between msemd/ypos_reg[5]/C (clocked by sys_clk_pin) and main_menu_inst/drag_offset_y_reg[0]/D (clocked by sys_clk_pin). Large setup violations at the end of those stages might be difficult to fix during the post-placement implementation flow and could be the result of non-optimal XDC constraints or non-optimal design architecture
Related violations: <none>

TIMING-16#894 Warning
Large setup violation  
There is a large setup violation of -3.348 ns between msemd/xpos_reg[6]/C (clocked by sys_clk_pin) and ryanmodule/saved_coef_a_reg[0]_rep/CE (clocked by sys_clk_pin). Large setup violations at the end of those stages might be difficult to fix during the post-placement implementation flow and could be the result of non-optimal XDC constraints or non-optimal design architecture
Related violations: <none>

TIMING-16#895 Warning
Large setup violation  
There is a large setup violation of -3.348 ns between msemd/xpos_reg[6]/C (clocked by sys_clk_pin) and ryanmodule/saved_coef_a_reg[0]_rep__1/CE (clocked by sys_clk_pin). Large setup violations at the end of those stages might be difficult to fix during the post-placement implementation flow and could be the result of non-optimal XDC constraints or non-optimal design architecture
Related violations: <none>

TIMING-16#896 Warning
Large setup violation  
There is a large setup violation of -3.348 ns between msemd/xpos_reg[6]/C (clocked by sys_clk_pin) and ryanmodule/saved_coef_a_reg[2]/CE (clocked by sys_clk_pin). Large setup violations at the end of those stages might be difficult to fix during the post-placement implementation flow and could be the result of non-optimal XDC constraints or non-optimal design architecture
Related violations: <none>

TIMING-16#897 Warning
Large setup violation  
There is a large setup violation of -3.348 ns between msemd/xpos_reg[6]/C (clocked by sys_clk_pin) and ryanmodule/saved_coef_a_reg[3]/CE (clocked by sys_clk_pin). Large setup violations at the end of those stages might be difficult to fix during the post-placement implementation flow and could be the result of non-optimal XDC constraints or non-optimal design architecture
Related violations: <none>

TIMING-16#898 Warning
Large setup violation  
There is a large setup violation of -3.380 ns between vetrimodule/approxmd/linreg_plot/slope_reg[17]/C (clocked by sys_clk_pin) and vetrimodule/approxmd/linreg_plot/intercept_reg[2]/D (clocked by sys_clk_pin). Large setup violations at the end of those stages might be difficult to fix during the post-placement implementation flow and could be the result of non-optimal XDC constraints or non-optimal design architecture
Related violations: <none>

TIMING-16#899 Warning
Large setup violation  
There is a large setup violation of -3.393 ns between msemd/xpos_reg[6]/C (clocked by sys_clk_pin) and ryanmodule/saved_coef_c_reg[0]/CE (clocked by sys_clk_pin). Large setup violations at the end of those stages might be difficult to fix during the post-placement implementation flow and could be the result of non-optimal XDC constraints or non-optimal design architecture
Related violations: <none>

TIMING-16#900 Warning
Large setup violation  
There is a large setup violation of -3.393 ns between msemd/xpos_reg[6]/C (clocked by sys_clk_pin) and ryanmodule/saved_coef_c_reg[1]/CE (clocked by sys_clk_pin). Large setup violations at the end of those stages might be difficult to fix during the post-placement implementation flow and could be the result of non-optimal XDC constraints or non-optimal design architecture
Related violations: <none>

TIMING-16#901 Warning
Large setup violation  
There is a large setup violation of -3.393 ns between msemd/xpos_reg[6]/C (clocked by sys_clk_pin) and ryanmodule/saved_coef_c_reg[4]/CE (clocked by sys_clk_pin). Large setup violations at the end of those stages might be difficult to fix during the post-placement implementation flow and could be the result of non-optimal XDC constraints or non-optimal design architecture
Related violations: <none>

TIMING-16#902 Warning
Large setup violation  
There is a large setup violation of -3.393 ns between msemd/xpos_reg[6]/C (clocked by sys_clk_pin) and ryanmodule/saved_coef_c_reg[5]/CE (clocked by sys_clk_pin). Large setup violations at the end of those stages might be difficult to fix during the post-placement implementation flow and could be the result of non-optimal XDC constraints or non-optimal design architecture
Related violations: <none>

TIMING-16#903 Warning
Large setup violation  
There is a large setup violation of -3.422 ns between nicmodule/col_reg[0]/C (clocked by sys_clk_pin) and nicmodule/matMul_reg[0][1][7]/D (clocked by sys_clk_pin). Large setup violations at the end of those stages might be difficult to fix during the post-placement implementation flow and could be the result of non-optimal XDC constraints or non-optimal design architecture
Related violations: <none>

TIMING-16#904 Warning
Large setup violation  
There is a large setup violation of -3.424 ns between nicmodule/acc_mag_reg[0]/C (clocked by sys_clk_pin) and nicmodule/det_val_reg[9]/D (clocked by sys_clk_pin). Large setup violations at the end of those stages might be difficult to fix during the post-placement implementation flow and could be the result of non-optimal XDC constraints or non-optimal design architecture
Related violations: <none>

TIMING-16#905 Warning
Large setup violation  
There is a large setup violation of -3.449 ns between msemd/xpos_reg[6]/C (clocked by sys_clk_pin) and ryanmodule/saved_coef_a_reg[1]_rep/CE (clocked by sys_clk_pin). Large setup violations at the end of those stages might be difficult to fix during the post-placement implementation flow and could be the result of non-optimal XDC constraints or non-optimal design architecture
Related violations: <none>

TIMING-16#906 Warning
Large setup violation  
There is a large setup violation of -3.484 ns between vetrimodule/approxmd/linreg_plot/slope_reg[17]/C (clocked by sys_clk_pin) and vetrimodule/approxmd/linreg_plot/intercept_reg[3]/D (clocked by sys_clk_pin). Large setup violations at the end of those stages might be difficult to fix during the post-placement implementation flow and could be the result of non-optimal XDC constraints or non-optimal design architecture
Related violations: <none>

TIMING-16#907 Warning
Large setup violation  
There is a large setup violation of -3.489 ns between msemd/xpos_reg[6]/C (clocked by sys_clk_pin) and ryanmodule/saved_coef_a_reg[0]/CE (clocked by sys_clk_pin). Large setup violations at the end of those stages might be difficult to fix during the post-placement implementation flow and could be the result of non-optimal XDC constraints or non-optimal design architecture
Related violations: <none>

TIMING-16#908 Warning
Large setup violation  
There is a large setup violation of -3.489 ns between msemd/xpos_reg[6]/C (clocked by sys_clk_pin) and ryanmodule/saved_coef_a_reg[1]/CE (clocked by sys_clk_pin). Large setup violations at the end of those stages might be difficult to fix during the post-placement implementation flow and could be the result of non-optimal XDC constraints or non-optimal design architecture
Related violations: <none>

TIMING-16#909 Warning
Large setup violation  
There is a large setup violation of -3.489 ns between msemd/xpos_reg[6]/C (clocked by sys_clk_pin) and ryanmodule/saved_coef_a_reg[4]/CE (clocked by sys_clk_pin). Large setup violations at the end of those stages might be difficult to fix during the post-placement implementation flow and could be the result of non-optimal XDC constraints or non-optimal design architecture
Related violations: <none>

TIMING-16#910 Warning
Large setup violation  
There is a large setup violation of -3.489 ns between msemd/xpos_reg[6]/C (clocked by sys_clk_pin) and ryanmodule/saved_coef_a_reg[5]_rep/CE (clocked by sys_clk_pin). Large setup violations at the end of those stages might be difficult to fix during the post-placement implementation flow and could be the result of non-optimal XDC constraints or non-optimal design architecture
Related violations: <none>

TIMING-16#911 Warning
Large setup violation  
There is a large setup violation of -3.489 ns between msemd/xpos_reg[6]/C (clocked by sys_clk_pin) and ryanmodule/saved_coef_a_reg[5]_rep__1/CE (clocked by sys_clk_pin). Large setup violations at the end of those stages might be difficult to fix during the post-placement implementation flow and could be the result of non-optimal XDC constraints or non-optimal design architecture
Related violations: <none>

TIMING-16#912 Warning
Large setup violation  
There is a large setup violation of -3.494 ns between msemd/xpos_reg[6]/C (clocked by sys_clk_pin) and ryanmodule/saved_coef_a_reg[5]_rep__0/CE (clocked by sys_clk_pin). Large setup violations at the end of those stages might be difficult to fix during the post-placement implementation flow and could be the result of non-optimal XDC constraints or non-optimal design architecture
Related violations: <none>

TIMING-16#913 Warning
Large setup violation  
There is a large setup violation of -3.510 ns between msemd/xpos_reg[6]/C (clocked by sys_clk_pin) and ryanmodule/saved_coef_a_reg[5]/CE (clocked by sys_clk_pin). Large setup violations at the end of those stages might be difficult to fix during the post-placement implementation flow and could be the result of non-optimal XDC constraints or non-optimal design architecture
Related violations: <none>

TIMING-16#914 Warning
Large setup violation  
There is a large setup violation of -3.510 ns between msemd/xpos_reg[6]/C (clocked by sys_clk_pin) and ryanmodule/saved_coef_b_reg[5]_rep/CE (clocked by sys_clk_pin). Large setup violations at the end of those stages might be difficult to fix during the post-placement implementation flow and could be the result of non-optimal XDC constraints or non-optimal design architecture
Related violations: <none>

TIMING-16#915 Warning
Large setup violation  
There is a large setup violation of -3.510 ns between msemd/xpos_reg[6]/C (clocked by sys_clk_pin) and ryanmodule/saved_coef_b_reg[5]_rep__3/CE (clocked by sys_clk_pin). Large setup violations at the end of those stages might be difficult to fix during the post-placement implementation flow and could be the result of non-optimal XDC constraints or non-optimal design architecture
Related violations: <none>

TIMING-16#916 Warning
Large setup violation  
There is a large setup violation of -3.514 ns between nicmodule/acc_cnt_reg[1]/C (clocked by sys_clk_pin) and nicmodule/matMul_reg[0][0][5]/D (clocked by sys_clk_pin). Large setup violations at the end of those stages might be difficult to fix during the post-placement implementation flow and could be the result of non-optimal XDC constraints or non-optimal design architecture
Related violations: <none>

TIMING-16#917 Warning
Large setup violation  
There is a large setup violation of -3.556 ns between nicmodule/acc_mag_reg[0]/C (clocked by sys_clk_pin) and nicmodule/matMul_reg[1][1][7]/D (clocked by sys_clk_pin). Large setup violations at the end of those stages might be difficult to fix during the post-placement implementation flow and could be the result of non-optimal XDC constraints or non-optimal design architecture
Related violations: <none>

TIMING-16#918 Warning
Large setup violation  
There is a large setup violation of -3.623 ns between nicmodule/cursor_y_reg[1]/C (clocked by sys_clk_pin) and nicmodule/matA_saved_reg[0][0][1]/CE (clocked by sys_clk_pin). Large setup violations at the end of those stages might be difficult to fix during the post-placement implementation flow and could be the result of non-optimal XDC constraints or non-optimal design architecture
Related violations: <none>

TIMING-16#919 Warning
Large setup violation  
There is a large setup violation of -3.623 ns between nicmodule/cursor_y_reg[1]/C (clocked by sys_clk_pin) and nicmodule/matA_saved_reg[0][0][3]/CE (clocked by sys_clk_pin). Large setup violations at the end of those stages might be difficult to fix during the post-placement implementation flow and could be the result of non-optimal XDC constraints or non-optimal design architecture
Related violations: <none>

TIMING-16#920 Warning
Large setup violation  
There is a large setup violation of -3.623 ns between nicmodule/cursor_y_reg[1]/C (clocked by sys_clk_pin) and nicmodule/matA_saved_reg[0][0][4]/CE (clocked by sys_clk_pin). Large setup violations at the end of those stages might be difficult to fix during the post-placement implementation flow and could be the result of non-optimal XDC constraints or non-optimal design architecture
Related violations: <none>

TIMING-16#921 Warning
Large setup violation  
There is a large setup violation of -3.623 ns between nicmodule/cursor_y_reg[1]/C (clocked by sys_clk_pin) and nicmodule/matA_saved_reg[0][0][7]/CE (clocked by sys_clk_pin). Large setup violations at the end of those stages might be difficult to fix during the post-placement implementation flow and could be the result of non-optimal XDC constraints or non-optimal design architecture
Related violations: <none>

TIMING-16#922 Warning
Large setup violation  
There is a large setup violation of -3.651 ns between msemd/ypos_reg[5]/C (clocked by sys_clk_pin) and main_menu_inst/drag_offset_y_reg[1]/D (clocked by sys_clk_pin). Large setup violations at the end of those stages might be difficult to fix during the post-placement implementation flow and could be the result of non-optimal XDC constraints or non-optimal design architecture
Related violations: <none>

TIMING-16#923 Warning
Large setup violation  
There is a large setup violation of -3.752 ns between vetrimodule/approxmd/linreg_plot/slope_reg[17]/C (clocked by sys_clk_pin) and vetrimodule/approxmd/linreg_plot/intercept_reg[4]/D (clocked by sys_clk_pin). Large setup violations at the end of those stages might be difficult to fix during the post-placement implementation flow and could be the result of non-optimal XDC constraints or non-optimal design architecture
Related violations: <none>

TIMING-16#924 Warning
Large setup violation  
There is a large setup violation of -3.772 ns between nicmodule/acc_mag_reg[0]/C (clocked by sys_clk_pin) and nicmodule/det_val_reg[10]/D (clocked by sys_clk_pin). Large setup violations at the end of those stages might be difficult to fix during the post-placement implementation flow and could be the result of non-optimal XDC constraints or non-optimal design architecture
Related violations: <none>

TIMING-16#925 Warning
Large setup violation  
There is a large setup violation of -3.837 ns between nicmodule/acc_mag_reg[0]/C (clocked by sys_clk_pin) and nicmodule/det_val_reg[11]/D (clocked by sys_clk_pin). Large setup violations at the end of those stages might be difficult to fix during the post-placement implementation flow and could be the result of non-optimal XDC constraints or non-optimal design architecture
Related violations: <none>

TIMING-16#926 Warning
Large setup violation  
There is a large setup violation of -3.847 ns between vetrimodule/approxmd/linreg_plot/slope_reg[17]/C (clocked by sys_clk_pin) and vetrimodule/approxmd/linreg_plot/intercept_reg[6]/D (clocked by sys_clk_pin). Large setup violations at the end of those stages might be difficult to fix during the post-placement implementation flow and could be the result of non-optimal XDC constraints or non-optimal design architecture
Related violations: <none>

TIMING-16#927 Warning
Large setup violation  
There is a large setup violation of -3.863 ns between vetrimodule/approxmd/linreg_plot/slope_reg[17]/C (clocked by sys_clk_pin) and vetrimodule/approxmd/linreg_plot/intercept_reg[5]/D (clocked by sys_clk_pin). Large setup violations at the end of those stages might be difficult to fix during the post-placement implementation flow and could be the result of non-optimal XDC constraints or non-optimal design architecture
Related violations: <none>

TIMING-16#928 Warning
Large setup violation  
There is a large setup violation of -3.866 ns between nicmodule/cursor_y_reg[1]/C (clocked by sys_clk_pin) and nicmodule/matA_saved_reg[0][0][2]/CE (clocked by sys_clk_pin). Large setup violations at the end of those stages might be difficult to fix during the post-placement implementation flow and could be the result of non-optimal XDC constraints or non-optimal design architecture
Related violations: <none>

TIMING-16#929 Warning
Large setup violation  
There is a large setup violation of -3.866 ns between nicmodule/cursor_y_reg[1]/C (clocked by sys_clk_pin) and nicmodule/matA_saved_reg[0][0][5]/CE (clocked by sys_clk_pin). Large setup violations at the end of those stages might be difficult to fix during the post-placement implementation flow and could be the result of non-optimal XDC constraints or non-optimal design architecture
Related violations: <none>

TIMING-16#930 Warning
Large setup violation  
There is a large setup violation of -3.867 ns between nicmodule/acc_cnt_reg[1]/C (clocked by sys_clk_pin) and nicmodule/matMul_reg[0][0][6]/D (clocked by sys_clk_pin). Large setup violations at the end of those stages might be difficult to fix during the post-placement implementation flow and could be the result of non-optimal XDC constraints or non-optimal design architecture
Related violations: <none>

TIMING-16#931 Warning
Large setup violation  
There is a large setup violation of -3.907 ns between vetrimodule/approxmd/linreg_plot/slope_reg[17]/C (clocked by sys_clk_pin) and vetrimodule/approxmd/linreg_plot/intercept_reg[7]/D (clocked by sys_clk_pin). Large setup violations at the end of those stages might be difficult to fix during the post-placement implementation flow and could be the result of non-optimal XDC constraints or non-optimal design architecture
Related violations: <none>

TIMING-16#932 Warning
Large setup violation  
There is a large setup violation of -3.991 ns between nicmodule/acc_mag_reg[0]/C (clocked by sys_clk_pin) and nicmodule/det_val_reg[12]/D (clocked by sys_clk_pin). Large setup violations at the end of those stages might be difficult to fix during the post-placement implementation flow and could be the result of non-optimal XDC constraints or non-optimal design architecture
Related violations: <none>

TIMING-16#933 Warning
Large setup violation  
There is a large setup violation of -4.004 ns between msemd/ypos_reg[5]/C (clocked by sys_clk_pin) and main_menu_inst/drag_offset_y_reg[2]/D (clocked by sys_clk_pin). Large setup violations at the end of those stages might be difficult to fix during the post-placement implementation flow and could be the result of non-optimal XDC constraints or non-optimal design architecture
Related violations: <none>

TIMING-16#934 Warning
Large setup violation  
There is a large setup violation of -4.064 ns between msemd/ypos_reg[5]/C (clocked by sys_clk_pin) and main_menu_inst/drag_offset_y_reg[3]/D (clocked by sys_clk_pin). Large setup violations at the end of those stages might be difficult to fix during the post-placement implementation flow and could be the result of non-optimal XDC constraints or non-optimal design architecture
Related violations: <none>

TIMING-16#935 Warning
Large setup violation  
There is a large setup violation of -4.095 ns between nicmodule/acc_mag_reg[0]/C (clocked by sys_clk_pin) and nicmodule/det_val_reg[13]/D (clocked by sys_clk_pin). Large setup violations at the end of those stages might be difficult to fix during the post-placement implementation flow and could be the result of non-optimal XDC constraints or non-optimal design architecture
Related violations: <none>

TIMING-16#936 Warning
Large setup violation  
There is a large setup violation of -4.142 ns between vetrimodule/approxmd/linreg_plot/slope_reg[17]/C (clocked by sys_clk_pin) and vetrimodule/approxmd/linreg_plot/intercept_reg[8]/D (clocked by sys_clk_pin). Large setup violations at the end of those stages might be difficult to fix during the post-placement implementation flow and could be the result of non-optimal XDC constraints or non-optimal design architecture
Related violations: <none>

TIMING-16#937 Warning
Large setup violation  
There is a large setup violation of -4.151 ns between nicmodule/acc_mag_reg[0]/C (clocked by sys_clk_pin) and nicmodule/det_val_reg[14]/D (clocked by sys_clk_pin). Large setup violations at the end of those stages might be difficult to fix during the post-placement implementation flow and could be the result of non-optimal XDC constraints or non-optimal design architecture
Related violations: <none>

TIMING-16#938 Warning
Large setup violation  
There is a large setup violation of -4.158 ns between vetrimodule/approxmd/linreg_plot/slope_reg[17]/C (clocked by sys_clk_pin) and vetrimodule/approxmd/linreg_plot/intercept_reg[10]/D (clocked by sys_clk_pin). Large setup violations at the end of those stages might be difficult to fix during the post-placement implementation flow and could be the result of non-optimal XDC constraints or non-optimal design architecture
Related violations: <none>

TIMING-16#939 Warning
Large setup violation  
There is a large setup violation of -4.215 ns between nicmodule/acc_mag_reg[0]/C (clocked by sys_clk_pin) and nicmodule/det_val_reg[15]/D (clocked by sys_clk_pin). Large setup violations at the end of those stages might be difficult to fix during the post-placement implementation flow and could be the result of non-optimal XDC constraints or non-optimal design architecture
Related violations: <none>

TIMING-16#940 Warning
Large setup violation  
There is a large setup violation of -4.232 ns between vetrimodule/approxmd/linreg_plot/slope_reg[17]/C (clocked by sys_clk_pin) and vetrimodule/approxmd/linreg_plot/intercept_reg[11]/D (clocked by sys_clk_pin). Large setup violations at the end of those stages might be difficult to fix during the post-placement implementation flow and could be the result of non-optimal XDC constraints or non-optimal design architecture
Related violations: <none>

TIMING-16#941 Warning
Large setup violation  
There is a large setup violation of -4.253 ns between vetrimodule/approxmd/linreg_plot/slope_reg[17]/C (clocked by sys_clk_pin) and vetrimodule/approxmd/linreg_plot/intercept_reg[9]/D (clocked by sys_clk_pin). Large setup violations at the end of those stages might be difficult to fix during the post-placement implementation flow and could be the result of non-optimal XDC constraints or non-optimal design architecture
Related violations: <none>

TIMING-16#942 Warning
Large setup violation  
There is a large setup violation of -4.302 ns between vetrimodule/approxmd/linreg_plot/slope_reg[17]/C (clocked by sys_clk_pin) and vetrimodule/approxmd/linreg_plot/intercept_reg[12]/D (clocked by sys_clk_pin). Large setup violations at the end of those stages might be difficult to fix during the post-placement implementation flow and could be the result of non-optimal XDC constraints or non-optimal design architecture
Related violations: <none>

TIMING-16#943 Warning
Large setup violation  
There is a large setup violation of -4.318 ns between vetrimodule/approxmd/linreg_plot/slope_reg[17]/C (clocked by sys_clk_pin) and vetrimodule/approxmd/linreg_plot/intercept_reg[14]/D (clocked by sys_clk_pin). Large setup violations at the end of those stages might be difficult to fix during the post-placement implementation flow and could be the result of non-optimal XDC constraints or non-optimal design architecture
Related violations: <none>

TIMING-16#944 Warning
Large setup violation  
There is a large setup violation of -4.356 ns between nicmodule/acc_cnt_reg[1]/C (clocked by sys_clk_pin) and nicmodule/matMul_reg[0][0][7]/D (clocked by sys_clk_pin). Large setup violations at the end of those stages might be difficult to fix during the post-placement implementation flow and could be the result of non-optimal XDC constraints or non-optimal design architecture
Related violations: <none>

TIMING-16#945 Warning
Large setup violation  
There is a large setup violation of -4.392 ns between vetrimodule/approxmd/linreg_plot/slope_reg[17]/C (clocked by sys_clk_pin) and vetrimodule/approxmd/linreg_plot/intercept_reg[15]/D (clocked by sys_clk_pin). Large setup violations at the end of those stages might be difficult to fix during the post-placement implementation flow and could be the result of non-optimal XDC constraints or non-optimal design architecture
Related violations: <none>

TIMING-16#946 Warning
Large setup violation  
There is a large setup violation of -4.413 ns between vetrimodule/approxmd/linreg_plot/slope_reg[17]/C (clocked by sys_clk_pin) and vetrimodule/approxmd/linreg_plot/intercept_reg[13]/D (clocked by sys_clk_pin). Large setup violations at the end of those stages might be difficult to fix during the post-placement implementation flow and could be the result of non-optimal XDC constraints or non-optimal design architecture
Related violations: <none>

TIMING-16#947 Warning
Large setup violation  
There is a large setup violation of -4.483 ns between vetrimodule/approxmd/linreg_plot/slope_reg[17]/C (clocked by sys_clk_pin) and vetrimodule/approxmd/linreg_plot/intercept_reg[16]/D (clocked by sys_clk_pin). Large setup violations at the end of those stages might be difficult to fix during the post-placement implementation flow and could be the result of non-optimal XDC constraints or non-optimal design architecture
Related violations: <none>

TIMING-16#948 Warning
Large setup violation  
There is a large setup violation of -4.499 ns between vetrimodule/approxmd/linreg_plot/slope_reg[17]/C (clocked by sys_clk_pin) and vetrimodule/approxmd/linreg_plot/intercept_reg[18]/D (clocked by sys_clk_pin). Large setup violations at the end of those stages might be difficult to fix during the post-placement implementation flow and could be the result of non-optimal XDC constraints or non-optimal design architecture
Related violations: <none>

TIMING-16#949 Warning
Large setup violation  
There is a large setup violation of -4.530 ns between msemd/ypos_reg[5]/C (clocked by sys_clk_pin) and main_menu_inst/drag_offset_y_reg[4]/D (clocked by sys_clk_pin). Large setup violations at the end of those stages might be difficult to fix during the post-placement implementation flow and could be the result of non-optimal XDC constraints or non-optimal design architecture
Related violations: <none>

TIMING-16#950 Warning
Large setup violation  
There is a large setup violation of -4.573 ns between vetrimodule/approxmd/linreg_plot/slope_reg[17]/C (clocked by sys_clk_pin) and vetrimodule/approxmd/linreg_plot/intercept_reg[19]/D (clocked by sys_clk_pin). Large setup violations at the end of those stages might be difficult to fix during the post-placement implementation flow and could be the result of non-optimal XDC constraints or non-optimal design architecture
Related violations: <none>

TIMING-16#951 Warning
Large setup violation  
There is a large setup violation of -4.594 ns between vetrimodule/approxmd/linreg_plot/slope_reg[17]/C (clocked by sys_clk_pin) and vetrimodule/approxmd/linreg_plot/intercept_reg[17]/D (clocked by sys_clk_pin). Large setup violations at the end of those stages might be difficult to fix during the post-placement implementation flow and could be the result of non-optimal XDC constraints or non-optimal design architecture
Related violations: <none>

TIMING-16#952 Warning
Large setup violation  
There is a large setup violation of -4.707 ns between msemd/ypos_reg[5]/C (clocked by sys_clk_pin) and main_menu_inst/drag_offset_y_reg[5]/D (clocked by sys_clk_pin). Large setup violations at the end of those stages might be difficult to fix during the post-placement implementation flow and could be the result of non-optimal XDC constraints or non-optimal design architecture
Related violations: <none>

TIMING-16#953 Warning
Large setup violation  
There is a large setup violation of -5.195 ns between vetrimodule/approxmd/linreg_plot/slope_reg[17]/C (clocked by sys_clk_pin) and vetrimodule/approxmd/linreg_plot/intercept_reg[20]/D (clocked by sys_clk_pin). Large setup violations at the end of those stages might be difficult to fix during the post-placement implementation flow and could be the result of non-optimal XDC constraints or non-optimal design architecture
Related violations: <none>

TIMING-16#954 Warning
Large setup violation  
There is a large setup violation of -5.196 ns between msemd/ypos_reg[5]/C (clocked by sys_clk_pin) and main_menu_inst/drag_offset_x_reg[0]/D (clocked by sys_clk_pin). Large setup violations at the end of those stages might be difficult to fix during the post-placement implementation flow and could be the result of non-optimal XDC constraints or non-optimal design architecture
Related violations: <none>

TIMING-16#955 Warning
Large setup violation  
There is a large setup violation of -5.373 ns between msemd/ypos_reg[5]/C (clocked by sys_clk_pin) and main_menu_inst/drag_offset_x_reg[1]/D (clocked by sys_clk_pin). Large setup violations at the end of those stages might be difficult to fix during the post-placement implementation flow and could be the result of non-optimal XDC constraints or non-optimal design architecture
Related violations: <none>

TIMING-16#956 Warning
Large setup violation  
There is a large setup violation of -5.466 ns between vetrimodule/approxmd/linreg_plot/slope_reg[17]/C (clocked by sys_clk_pin) and vetrimodule/approxmd/linreg_plot/intercept_reg[21]/D (clocked by sys_clk_pin). Large setup violations at the end of those stages might be difficult to fix during the post-placement implementation flow and could be the result of non-optimal XDC constraints or non-optimal design architecture
Related violations: <none>

TIMING-16#957 Warning
Large setup violation  
There is a large setup violation of -5.496 ns between msemd/ypos_reg[5]/C (clocked by sys_clk_pin) and main_menu_inst/drag_offset_x_reg[2]/D (clocked by sys_clk_pin). Large setup violations at the end of those stages might be difficult to fix during the post-placement implementation flow and could be the result of non-optimal XDC constraints or non-optimal design architecture
Related violations: <none>

TIMING-16#958 Warning
Large setup violation  
There is a large setup violation of -5.555 ns between msemd/ypos_reg[5]/C (clocked by sys_clk_pin) and main_menu_inst/drag_offset_x_reg[3]/D (clocked by sys_clk_pin). Large setup violations at the end of those stages might be difficult to fix during the post-placement implementation flow and could be the result of non-optimal XDC constraints or non-optimal design architecture
Related violations: <none>

TIMING-16#959 Warning
Large setup violation  
There is a large setup violation of -5.703 ns between msemd/ypos_reg[5]/C (clocked by sys_clk_pin) and main_menu_inst/drag_offset_x_reg[4]/D (clocked by sys_clk_pin). Large setup violations at the end of those stages might be difficult to fix during the post-placement implementation flow and could be the result of non-optimal XDC constraints or non-optimal design architecture
Related violations: <none>

TIMING-16#960 Warning
Large setup violation  
There is a large setup violation of -5.719 ns between msemd/ypos_reg[5]/C (clocked by sys_clk_pin) and main_menu_inst/drag_offset_x_reg[6]/D (clocked by sys_clk_pin). Large setup violations at the end of those stages might be difficult to fix during the post-placement implementation flow and could be the result of non-optimal XDC constraints or non-optimal design architecture
Related violations: <none>

TIMING-16#961 Warning
Large setup violation  
There is a large setup violation of -5.814 ns between msemd/ypos_reg[5]/C (clocked by sys_clk_pin) and main_menu_inst/drag_offset_x_reg[5]/D (clocked by sys_clk_pin). Large setup violations at the end of those stages might be difficult to fix during the post-placement implementation flow and could be the result of non-optimal XDC constraints or non-optimal design architecture
Related violations: <none>

TIMING-16#962 Warning
Large setup violation  
There is a large setup violation of -52.873 ns between vetrimodule/approxmd/linreg_plot/temp2_reg[0]/C (clocked by sys_clk_pin) and vetrimodule/approxmd/linreg_plot/slope_reg[0]/D (clocked by sys_clk_pin). Large setup violations at the end of those stages might be difficult to fix during the post-placement implementation flow and could be the result of non-optimal XDC constraints or non-optimal design architecture
Related violations: <none>

TIMING-16#963 Warning
Large setup violation  
There is a large setup violation of -54.292 ns between vetrimodule/approxmd/linreg_plot/temp2_reg[0]/C (clocked by sys_clk_pin) and vetrimodule/approxmd/linreg_plot/slope_reg[1]/D (clocked by sys_clk_pin). Large setup violations at the end of those stages might be difficult to fix during the post-placement implementation flow and could be the result of non-optimal XDC constraints or non-optimal design architecture
Related violations: <none>

TIMING-16#964 Warning
Large setup violation  
There is a large setup violation of -54.332 ns between vetrimodule/approxmd/linreg_plot/temp2_reg[0]/C (clocked by sys_clk_pin) and vetrimodule/approxmd/linreg_plot/slope_reg[3]/D (clocked by sys_clk_pin). Large setup violations at the end of those stages might be difficult to fix during the post-placement implementation flow and could be the result of non-optimal XDC constraints or non-optimal design architecture
Related violations: <none>

TIMING-16#965 Warning
Large setup violation  
There is a large setup violation of -54.392 ns between vetrimodule/approxmd/linreg_plot/temp2_reg[0]/C (clocked by sys_clk_pin) and vetrimodule/approxmd/linreg_plot/slope_reg[4]/D (clocked by sys_clk_pin). Large setup violations at the end of those stages might be difficult to fix during the post-placement implementation flow and could be the result of non-optimal XDC constraints or non-optimal design architecture
Related violations: <none>

TIMING-16#966 Warning
Large setup violation  
There is a large setup violation of -54.576 ns between vetrimodule/approxmd/linreg_plot/temp2_reg[0]/C (clocked by sys_clk_pin) and vetrimodule/approxmd/linreg_plot/slope_reg[2]/D (clocked by sys_clk_pin). Large setup violations at the end of those stages might be difficult to fix during the post-placement implementation flow and could be the result of non-optimal XDC constraints or non-optimal design architecture
Related violations: <none>

TIMING-16#967 Warning
Large setup violation  
There is a large setup violation of -54.583 ns between vetrimodule/approxmd/linreg_plot/temp2_reg[0]/C (clocked by sys_clk_pin) and vetrimodule/approxmd/linreg_plot/slope_reg[5]/D (clocked by sys_clk_pin). Large setup violations at the end of those stages might be difficult to fix during the post-placement implementation flow and could be the result of non-optimal XDC constraints or non-optimal design architecture
Related violations: <none>

TIMING-16#968 Warning
Large setup violation  
There is a large setup violation of -54.606 ns between vetrimodule/approxmd/linreg_plot/temp2_reg[0]/C (clocked by sys_clk_pin) and vetrimodule/approxmd/linreg_plot/slope_reg[7]/D (clocked by sys_clk_pin). Large setup violations at the end of those stages might be difficult to fix during the post-placement implementation flow and could be the result of non-optimal XDC constraints or non-optimal design architecture
Related violations: <none>

TIMING-16#969 Warning
Large setup violation  
There is a large setup violation of -54.694 ns between vetrimodule/approxmd/linreg_plot/temp2_reg[0]/C (clocked by sys_clk_pin) and vetrimodule/approxmd/linreg_plot/slope_reg[8]/D (clocked by sys_clk_pin). Large setup violations at the end of those stages might be difficult to fix during the post-placement implementation flow and could be the result of non-optimal XDC constraints or non-optimal design architecture
Related violations: <none>

TIMING-16#970 Warning
Large setup violation  
There is a large setup violation of -54.699 ns between vetrimodule/approxmd/linreg_plot/temp2_reg[0]/C (clocked by sys_clk_pin) and vetrimodule/approxmd/linreg_plot/slope_reg[6]/D (clocked by sys_clk_pin). Large setup violations at the end of those stages might be difficult to fix during the post-placement implementation flow and could be the result of non-optimal XDC constraints or non-optimal design architecture
Related violations: <none>

TIMING-16#971 Warning
Large setup violation  
There is a large setup violation of -54.726 ns between vetrimodule/approxmd/linreg_plot/temp2_reg[0]/C (clocked by sys_clk_pin) and vetrimodule/approxmd/linreg_plot/slope_reg[11]/D (clocked by sys_clk_pin). Large setup violations at the end of those stages might be difficult to fix during the post-placement implementation flow and could be the result of non-optimal XDC constraints or non-optimal design architecture
Related violations: <none>

TIMING-16#972 Warning
Large setup violation  
There is a large setup violation of -54.776 ns between vetrimodule/approxmd/linreg_plot/temp2_reg[0]/C (clocked by sys_clk_pin) and vetrimodule/approxmd/linreg_plot/slope_reg[10]/D (clocked by sys_clk_pin). Large setup violations at the end of those stages might be difficult to fix during the post-placement implementation flow and could be the result of non-optimal XDC constraints or non-optimal design architecture
Related violations: <none>

TIMING-16#973 Warning
Large setup violation  
There is a large setup violation of -54.812 ns between vetrimodule/approxmd/linreg_plot/temp2_reg[0]/C (clocked by sys_clk_pin) and vetrimodule/approxmd/linreg_plot/slope_reg[13]/D (clocked by sys_clk_pin). Large setup violations at the end of those stages might be difficult to fix during the post-placement implementation flow and could be the result of non-optimal XDC constraints or non-optimal design architecture
Related violations: <none>

TIMING-16#974 Warning
Large setup violation  
There is a large setup violation of -54.923 ns between vetrimodule/approxmd/linreg_plot/temp2_reg[0]/C (clocked by sys_clk_pin) and vetrimodule/approxmd/linreg_plot/slope_reg[16]/D (clocked by sys_clk_pin). Large setup violations at the end of those stages might be difficult to fix during the post-placement implementation flow and could be the result of non-optimal XDC constraints or non-optimal design architecture
Related violations: <none>

TIMING-16#975 Warning
Large setup violation  
There is a large setup violation of -54.950 ns between vetrimodule/approxmd/linreg_plot/temp2_reg[0]/C (clocked by sys_clk_pin) and vetrimodule/approxmd/linreg_plot/slope_reg[15]/D (clocked by sys_clk_pin). Large setup violations at the end of those stages might be difficult to fix during the post-placement implementation flow and could be the result of non-optimal XDC constraints or non-optimal design architecture
Related violations: <none>

TIMING-16#976 Warning
Large setup violation  
There is a large setup violation of -54.956 ns between vetrimodule/approxmd/linreg_plot/temp2_reg[0]/C (clocked by sys_clk_pin) and vetrimodule/approxmd/linreg_plot/slope_reg[12]/D (clocked by sys_clk_pin). Large setup violations at the end of those stages might be difficult to fix during the post-placement implementation flow and could be the result of non-optimal XDC constraints or non-optimal design architecture
Related violations: <none>

TIMING-16#977 Warning
Large setup violation  
There is a large setup violation of -54.967 ns between vetrimodule/approxmd/linreg_plot/temp2_reg[0]/C (clocked by sys_clk_pin) and vetrimodule/approxmd/linreg_plot/slope_reg[9]/D (clocked by sys_clk_pin). Large setup violations at the end of those stages might be difficult to fix during the post-placement implementation flow and could be the result of non-optimal XDC constraints or non-optimal design architecture
Related violations: <none>

TIMING-16#978 Warning
Large setup violation  
There is a large setup violation of -55.002 ns between vetrimodule/approxmd/linreg_plot/temp2_reg[0]/C (clocked by sys_clk_pin) and vetrimodule/approxmd/linreg_plot/slope_reg[19]/D (clocked by sys_clk_pin). Large setup violations at the end of those stages might be difficult to fix during the post-placement implementation flow and could be the result of non-optimal XDC constraints or non-optimal design architecture
Related violations: <none>

TIMING-16#979 Warning
Large setup violation  
There is a large setup violation of -55.040 ns between vetrimodule/approxmd/linreg_plot/temp2_reg[0]/C (clocked by sys_clk_pin) and vetrimodule/approxmd/linreg_plot/slope_reg[14]/D (clocked by sys_clk_pin). Large setup violations at the end of those stages might be difficult to fix during the post-placement implementation flow and could be the result of non-optimal XDC constraints or non-optimal design architecture
Related violations: <none>

TIMING-16#980 Warning
Large setup violation  
There is a large setup violation of -55.041 ns between vetrimodule/approxmd/linreg_plot/temp2_reg[0]/C (clocked by sys_clk_pin) and vetrimodule/approxmd/linreg_plot/slope_reg[18]/D (clocked by sys_clk_pin). Large setup violations at the end of those stages might be difficult to fix during the post-placement implementation flow and could be the result of non-optimal XDC constraints or non-optimal design architecture
Related violations: <none>

TIMING-16#981 Warning
Large setup violation  
There is a large setup violation of -55.048 ns between vetrimodule/approxmd/linreg_plot/temp2_reg[0]/C (clocked by sys_clk_pin) and vetrimodule/approxmd/linreg_plot/slope_reg[21]/D (clocked by sys_clk_pin). Large setup violations at the end of those stages might be difficult to fix during the post-placement implementation flow and could be the result of non-optimal XDC constraints or non-optimal design architecture
Related violations: <none>

TIMING-16#982 Warning
Large setup violation  
There is a large setup violation of -55.051 ns between vetrimodule/approxmd/linreg_plot/temp2_reg[0]/C (clocked by sys_clk_pin) and vetrimodule/approxmd/linreg_plot/slope_reg[17]/D (clocked by sys_clk_pin). Large setup violations at the end of those stages might be difficult to fix during the post-placement implementation flow and could be the result of non-optimal XDC constraints or non-optimal design architecture
Related violations: <none>

TIMING-16#983 Warning
Large setup violation  
There is a large setup violation of -55.156 ns between vetrimodule/approxmd/linreg_plot/temp2_reg[0]/C (clocked by sys_clk_pin) and vetrimodule/approxmd/linreg_plot/slope_reg[20]/D (clocked by sys_clk_pin). Large setup violations at the end of those stages might be difficult to fix during the post-placement implementation flow and could be the result of non-optimal XDC constraints or non-optimal design architecture
Related violations: <none>

TIMING-16#984 Warning
Large setup violation  
There is a large setup violation of -7.181 ns between vetrimodule/approxmd/linreg_plot/slope_reg[21]/C (clocked by sys_clk_pin) and vetrimodule/approxmd/appx_oleddata_reg[4]/D (clocked by sys_clk_pin). Large setup violations at the end of those stages might be difficult to fix during the post-placement implementation flow and could be the result of non-optimal XDC constraints or non-optimal design architecture
Related violations: <none>

TIMING-16#985 Warning
Large setup violation  
There is a large setup violation of -7.237 ns between vetrimodule/approxmd/linreg_plot/slope_reg[21]/C (clocked by sys_clk_pin) and vetrimodule/approxmd/appx_oleddata_reg[3]/D (clocked by sys_clk_pin). Large setup violations at the end of those stages might be difficult to fix during the post-placement implementation flow and could be the result of non-optimal XDC constraints or non-optimal design architecture
Related violations: <none>

TIMING-16#986 Warning
Large setup violation  
There is a large setup violation of -8.747 ns between msemd/ypos_reg[5]/C (clocked by sys_clk_pin) and main_menu_inst/drag_offset_y_reg[0]/CE (clocked by sys_clk_pin). Large setup violations at the end of those stages might be difficult to fix during the post-placement implementation flow and could be the result of non-optimal XDC constraints or non-optimal design architecture
Related violations: <none>

TIMING-16#987 Warning
Large setup violation  
There is a large setup violation of -8.747 ns between msemd/ypos_reg[5]/C (clocked by sys_clk_pin) and main_menu_inst/drag_offset_y_reg[1]/CE (clocked by sys_clk_pin). Large setup violations at the end of those stages might be difficult to fix during the post-placement implementation flow and could be the result of non-optimal XDC constraints or non-optimal design architecture
Related violations: <none>

TIMING-16#988 Warning
Large setup violation  
There is a large setup violation of -8.747 ns between msemd/ypos_reg[5]/C (clocked by sys_clk_pin) and main_menu_inst/drag_offset_y_reg[2]/CE (clocked by sys_clk_pin). Large setup violations at the end of those stages might be difficult to fix during the post-placement implementation flow and could be the result of non-optimal XDC constraints or non-optimal design architecture
Related violations: <none>

TIMING-16#989 Warning
Large setup violation  
There is a large setup violation of -8.747 ns between msemd/ypos_reg[5]/C (clocked by sys_clk_pin) and main_menu_inst/drag_offset_y_reg[3]/CE (clocked by sys_clk_pin). Large setup violations at the end of those stages might be difficult to fix during the post-placement implementation flow and could be the result of non-optimal XDC constraints or non-optimal design architecture
Related violations: <none>

TIMING-16#990 Warning
Large setup violation  
There is a large setup violation of -8.895 ns between msemd/ypos_reg[5]/C (clocked by sys_clk_pin) and main_menu_inst/drag_offset_y_reg[4]/CE (clocked by sys_clk_pin). Large setup violations at the end of those stages might be difficult to fix during the post-placement implementation flow and could be the result of non-optimal XDC constraints or non-optimal design architecture
Related violations: <none>

TIMING-16#991 Warning
Large setup violation  
There is a large setup violation of -8.895 ns between msemd/ypos_reg[5]/C (clocked by sys_clk_pin) and main_menu_inst/drag_offset_y_reg[5]/CE (clocked by sys_clk_pin). Large setup violations at the end of those stages might be difficult to fix during the post-placement implementation flow and could be the result of non-optimal XDC constraints or non-optimal design architecture
Related violations: <none>

TIMING-16#992 Warning
Large setup violation  
There is a large setup violation of -9.208 ns between msemd/ypos_reg[5]/C (clocked by sys_clk_pin) and main_menu_inst/FSM_sequential_drag_state_reg[0]/D (clocked by sys_clk_pin). Large setup violations at the end of those stages might be difficult to fix during the post-placement implementation flow and could be the result of non-optimal XDC constraints or non-optimal design architecture
Related violations: <none>

TIMING-16#993 Warning
Large setup violation  
There is a large setup violation of -9.466 ns between msemd/ypos_reg[5]/C (clocked by sys_clk_pin) and main_menu_inst/FSM_sequential_drag_state_reg[1]/D (clocked by sys_clk_pin). Large setup violations at the end of those stages might be difficult to fix during the post-placement implementation flow and could be the result of non-optimal XDC constraints or non-optimal design architecture
Related violations: <none>

TIMING-16#994 Warning
Large setup violation  
There is a large setup violation of -9.511 ns between msemd/ypos_reg[5]/C (clocked by sys_clk_pin) and main_menu_inst/drag_offset_x_reg[4]/CE (clocked by sys_clk_pin). Large setup violations at the end of those stages might be difficult to fix during the post-placement implementation flow and could be the result of non-optimal XDC constraints or non-optimal design architecture
Related violations: <none>

TIMING-16#995 Warning
Large setup violation  
There is a large setup violation of -9.511 ns between msemd/ypos_reg[5]/C (clocked by sys_clk_pin) and main_menu_inst/drag_offset_x_reg[5]/CE (clocked by sys_clk_pin). Large setup violations at the end of those stages might be difficult to fix during the post-placement implementation flow and could be the result of non-optimal XDC constraints or non-optimal design architecture
Related violations: <none>

TIMING-16#996 Warning
Large setup violation  
There is a large setup violation of -9.511 ns between msemd/ypos_reg[5]/C (clocked by sys_clk_pin) and main_menu_inst/drag_offset_x_reg[6]/CE (clocked by sys_clk_pin). Large setup violations at the end of those stages might be difficult to fix during the post-placement implementation flow and could be the result of non-optimal XDC constraints or non-optimal design architecture
Related violations: <none>

TIMING-16#997 Warning
Large setup violation  
There is a large setup violation of -9.527 ns between msemd/ypos_reg[5]/C (clocked by sys_clk_pin) and main_menu_inst/drag_offset_x_reg[0]/CE (clocked by sys_clk_pin). Large setup violations at the end of those stages might be difficult to fix during the post-placement implementation flow and could be the result of non-optimal XDC constraints or non-optimal design architecture
Related violations: <none>

TIMING-16#998 Warning
Large setup violation  
There is a large setup violation of -9.527 ns between msemd/ypos_reg[5]/C (clocked by sys_clk_pin) and main_menu_inst/drag_offset_x_reg[1]/CE (clocked by sys_clk_pin). Large setup violations at the end of those stages might be difficult to fix during the post-placement implementation flow and could be the result of non-optimal XDC constraints or non-optimal design architecture
Related violations: <none>

TIMING-16#999 Warning
Large setup violation  
There is a large setup violation of -9.527 ns between msemd/ypos_reg[5]/C (clocked by sys_clk_pin) and main_menu_inst/drag_offset_x_reg[2]/CE (clocked by sys_clk_pin). Large setup violations at the end of those stages might be difficult to fix during the post-placement implementation flow and could be the result of non-optimal XDC constraints or non-optimal design architecture
Related violations: <none>

TIMING-16#1000 Warning
Large setup violation  
There is a large setup violation of -9.527 ns between msemd/ypos_reg[5]/C (clocked by sys_clk_pin) and main_menu_inst/drag_offset_x_reg[3]/CE (clocked by sys_clk_pin). Large setup violations at the end of those stages might be difficult to fix during the post-placement implementation flow and could be the result of non-optimal XDC constraints or non-optimal design architecture
Related violations: <none>

TIMING-17#1 Warning
Non-clocked sequential cell  
The clock pin nicmodule/add_bcd00/q_reg/CLKARDCLK is not reached by a timing clock
Related violations: <none>

TIMING-17#2 Warning
Non-clocked sequential cell  
The clock pin nicmodule/add_bcd00/q_reg/CLKBWRCLK is not reached by a timing clock
Related violations: <none>

TIMING-17#3 Warning
Non-clocked sequential cell  
The clock pin nicmodule/add_bcd10/q_reg/CLKARDCLK is not reached by a timing clock
Related violations: <none>

TIMING-17#4 Warning
Non-clocked sequential cell  
The clock pin nicmodule/add_bcd10/q_reg/CLKBWRCLK is not reached by a timing clock
Related violations: <none>

TIMING-17#5 Warning
Non-clocked sequential cell  
The clock pin nicmodule/adj_bcd01/q_reg/CLKARDCLK is not reached by a timing clock
Related violations: <none>

TIMING-17#6 Warning
Non-clocked sequential cell  
The clock pin nicmodule/adj_bcd01/q_reg/CLKBWRCLK is not reached by a timing clock
Related violations: <none>

TIMING-17#7 Warning
Non-clocked sequential cell  
The clock pin nicmodule/adj_bcd11/q_reg/CLKARDCLK is not reached by a timing clock
Related violations: <none>

TIMING-17#8 Warning
Non-clocked sequential cell  
The clock pin nicmodule/det_bcd/q_reg/CLKARDCLK is not reached by a timing clock
Related violations: <none>

TIMING-17#9 Warning
Non-clocked sequential cell  
The clock pin nicmodule/det_bcd/q_reg/CLKBWRCLK is not reached by a timing clock
Related violations: <none>

TIMING-17#10 Warning
Non-clocked sequential cell  
The clock pin nicmodule/mul_bcd00/q_reg/CLKARDCLK is not reached by a timing clock
Related violations: <none>

TIMING-17#11 Warning
Non-clocked sequential cell  
The clock pin nicmodule/mul_bcd00/q_reg/CLKBWRCLK is not reached by a timing clock
Related violations: <none>

TIMING-17#12 Warning
Non-clocked sequential cell  
The clock pin nicmodule/mul_bcd10/q_reg/CLKARDCLK is not reached by a timing clock
Related violations: <none>

TIMING-17#13 Warning
Non-clocked sequential cell  
The clock pin nicmodule/mul_bcd10/q_reg/CLKBWRCLK is not reached by a timing clock
Related violations: <none>

TIMING-17#14 Warning
Non-clocked sequential cell  
The clock pin nicmodule/oled_data_reg[10]/C is not reached by a timing clock
Related violations: <none>

TIMING-17#15 Warning
Non-clocked sequential cell  
The clock pin nicmodule/oled_data_reg[11]/C is not reached by a timing clock
Related violations: <none>

TIMING-17#16 Warning
Non-clocked sequential cell  
The clock pin nicmodule/oled_data_reg[12]/C is not reached by a timing clock
Related violations: <none>

TIMING-17#17 Warning
Non-clocked sequential cell  
The clock pin nicmodule/oled_data_reg[13]/C is not reached by a timing clock
Related violations: <none>

TIMING-17#18 Warning
Non-clocked sequential cell  
The clock pin nicmodule/oled_data_reg[14]/C is not reached by a timing clock
Related violations: <none>

TIMING-17#19 Warning
Non-clocked sequential cell  
The clock pin nicmodule/oled_data_reg[15]/C is not reached by a timing clock
Related violations: <none>

TIMING-17#20 Warning
Non-clocked sequential cell  
The clock pin nicmodule/oled_data_reg[1]/C is not reached by a timing clock
Related violations: <none>

TIMING-17#21 Warning
Non-clocked sequential cell  
The clock pin nicmodule/oled_data_reg[2]/C is not reached by a timing clock
Related violations: <none>

TIMING-17#22 Warning
Non-clocked sequential cell  
The clock pin nicmodule/oled_data_reg[3]/C is not reached by a timing clock
Related violations: <none>

TIMING-17#23 Warning
Non-clocked sequential cell  
The clock pin nicmodule/oled_data_reg[4]/C is not reached by a timing clock
Related violations: <none>

TIMING-17#24 Warning
Non-clocked sequential cell  
The clock pin nicmodule/oled_data_reg[6]/C is not reached by a timing clock
Related violations: <none>

TIMING-17#25 Warning
Non-clocked sequential cell  
The clock pin nicmodule/oled_data_reg[7]/C is not reached by a timing clock
Related violations: <none>

TIMING-17#26 Warning
Non-clocked sequential cell  
The clock pin nicmodule/oled_data_reg[8]/C is not reached by a timing clock
Related violations: <none>

TIMING-17#27 Warning
Non-clocked sequential cell  
The clock pin nicmodule/oled_data_reg[9]/C is not reached by a timing clock
Related violations: <none>

TIMING-17#28 Warning
Non-clocked sequential cell  
The clock pin nicmodule/pix_out_reg[10]/C is not reached by a timing clock
Related violations: <none>

TIMING-17#29 Warning
Non-clocked sequential cell  
The clock pin nicmodule/pix_out_reg[11]/C is not reached by a timing clock
Related violations: <none>

TIMING-17#30 Warning
Non-clocked sequential cell  
The clock pin nicmodule/pix_out_reg[12]/C is not reached by a timing clock
Related violations: <none>

TIMING-17#31 Warning
Non-clocked sequential cell  
The clock pin nicmodule/pix_out_reg[13]/C is not reached by a timing clock
Related violations: <none>

TIMING-17#32 Warning
Non-clocked sequential cell  
The clock pin nicmodule/pix_out_reg[14]/C is not reached by a timing clock
Related violations: <none>

TIMING-17#33 Warning
Non-clocked sequential cell  
The clock pin nicmodule/pix_out_reg[15]/C is not reached by a timing clock
Related violations: <none>

TIMING-17#34 Warning
Non-clocked sequential cell  
The clock pin nicmodule/pix_out_reg[1]/C is not reached by a timing clock
Related violations: <none>

TIMING-17#35 Warning
Non-clocked sequential cell  
The clock pin nicmodule/pix_out_reg[2]/C is not reached by a timing clock
Related violations: <none>

TIMING-17#36 Warning
Non-clocked sequential cell  
The clock pin nicmodule/pix_out_reg[3]/C is not reached by a timing clock
Related violations: <none>

TIMING-17#37 Warning
Non-clocked sequential cell  
The clock pin nicmodule/pix_out_reg[4]/C is not reached by a timing clock
Related violations: <none>

TIMING-17#38 Warning
Non-clocked sequential cell  
The clock pin nicmodule/pix_out_reg[6]/C is not reached by a timing clock
Related violations: <none>

TIMING-17#39 Warning
Non-clocked sequential cell  
The clock pin nicmodule/pix_out_reg[7]/C is not reached by a timing clock
Related violations: <none>

TIMING-17#40 Warning
Non-clocked sequential cell  
The clock pin nicmodule/pix_out_reg[8]/C is not reached by a timing clock
Related violations: <none>

TIMING-17#41 Warning
Non-clocked sequential cell  
The clock pin nicmodule/pix_out_reg[9]/C is not reached by a timing clock
Related violations: <none>

TIMING-17#42 Warning
Non-clocked sequential cell  
The clock pin nicmodule/sub_bcd00/q_reg/CLKARDCLK is not reached by a timing clock
Related violations: <none>

TIMING-17#43 Warning
Non-clocked sequential cell  
The clock pin nicmodule/sub_bcd00/q_reg/CLKBWRCLK is not reached by a timing clock
Related violations: <none>

TIMING-17#44 Warning
Non-clocked sequential cell  
The clock pin nicmodule/sub_bcd10/q_reg/CLKARDCLK is not reached by a timing clock
Related violations: <none>

TIMING-17#45 Warning
Non-clocked sequential cell  
The clock pin nicmodule/sub_bcd10/q_reg/CLKBWRCLK is not reached by a timing clock
Related violations: <none>

TIMING-17#46 Warning
Non-clocked sequential cell  
The clock pin oledmd/FSM_onehot_state_reg[0]/C is not reached by a timing clock
Related violations: <none>

TIMING-17#47 Warning
Non-clocked sequential cell  
The clock pin oledmd/FSM_onehot_state_reg[10]/C is not reached by a timing clock
Related violations: <none>

TIMING-17#48 Warning
Non-clocked sequential cell  
The clock pin oledmd/FSM_onehot_state_reg[11]/C is not reached by a timing clock
Related violations: <none>

TIMING-17#49 Warning
Non-clocked sequential cell  
The clock pin oledmd/FSM_onehot_state_reg[12]/C is not reached by a timing clock
Related violations: <none>

TIMING-17#50 Warning
Non-clocked sequential cell  
The clock pin oledmd/FSM_onehot_state_reg[13]/C is not reached by a timing clock
Related violations: <none>

TIMING-17#51 Warning
Non-clocked sequential cell  
The clock pin oledmd/FSM_onehot_state_reg[14]/C is not reached by a timing clock
Related violations: <none>

TIMING-17#52 Warning
Non-clocked sequential cell  
The clock pin oledmd/FSM_onehot_state_reg[15]/C is not reached by a timing clock
Related violations: <none>

TIMING-17#53 Warning
Non-clocked sequential cell  
The clock pin oledmd/FSM_onehot_state_reg[16]/C is not reached by a timing clock
Related violations: <none>

TIMING-17#54 Warning
Non-clocked sequential cell  
The clock pin oledmd/FSM_onehot_state_reg[17]/C is not reached by a timing clock
Related violations: <none>

TIMING-17#55 Warning
Non-clocked sequential cell  
The clock pin oledmd/FSM_onehot_state_reg[18]/C is not reached by a timing clock
Related violations: <none>

TIMING-17#56 Warning
Non-clocked sequential cell  
The clock pin oledmd/FSM_onehot_state_reg[19]/C is not reached by a timing clock
Related violations: <none>

TIMING-17#57 Warning
Non-clocked sequential cell  
The clock pin oledmd/FSM_onehot_state_reg[1]/C is not reached by a timing clock
Related violations: <none>

TIMING-17#58 Warning
Non-clocked sequential cell  
The clock pin oledmd/FSM_onehot_state_reg[20]/C is not reached by a timing clock
Related violations: <none>

TIMING-17#59 Warning
Non-clocked sequential cell  
The clock pin oledmd/FSM_onehot_state_reg[21]/C is not reached by a timing clock
Related violations: <none>

TIMING-17#60 Warning
Non-clocked sequential cell  
The clock pin oledmd/FSM_onehot_state_reg[22]/C is not reached by a timing clock
Related violations: <none>

TIMING-17#61 Warning
Non-clocked sequential cell  
The clock pin oledmd/FSM_onehot_state_reg[23]/C is not reached by a timing clock
Related violations: <none>

TIMING-17#62 Warning
Non-clocked sequential cell  
The clock pin oledmd/FSM_onehot_state_reg[24]/C is not reached by a timing clock
Related violations: <none>

TIMING-17#63 Warning
Non-clocked sequential cell  
The clock pin oledmd/FSM_onehot_state_reg[25]/C is not reached by a timing clock
Related violations: <none>

TIMING-17#64 Warning
Non-clocked sequential cell  
The clock pin oledmd/FSM_onehot_state_reg[26]/C is not reached by a timing clock
Related violations: <none>

TIMING-17#65 Warning
Non-clocked sequential cell  
The clock pin oledmd/FSM_onehot_state_reg[27]/C is not reached by a timing clock
Related violations: <none>

TIMING-17#66 Warning
Non-clocked sequential cell  
The clock pin oledmd/FSM_onehot_state_reg[28]/C is not reached by a timing clock
Related violations: <none>

TIMING-17#67 Warning
Non-clocked sequential cell  
The clock pin oledmd/FSM_onehot_state_reg[29]/C is not reached by a timing clock
Related violations: <none>

TIMING-17#68 Warning
Non-clocked sequential cell  
The clock pin oledmd/FSM_onehot_state_reg[2]/C is not reached by a timing clock
Related violations: <none>

TIMING-17#69 Warning
Non-clocked sequential cell  
The clock pin oledmd/FSM_onehot_state_reg[30]/C is not reached by a timing clock
Related violations: <none>

TIMING-17#70 Warning
Non-clocked sequential cell  
The clock pin oledmd/FSM_onehot_state_reg[31]/C is not reached by a timing clock
Related violations: <none>

TIMING-17#71 Warning
Non-clocked sequential cell  
The clock pin oledmd/FSM_onehot_state_reg[3]/C is not reached by a timing clock
Related violations: <none>

TIMING-17#72 Warning
Non-clocked sequential cell  
The clock pin oledmd/FSM_onehot_state_reg[4]/C is not reached by a timing clock
Related violations: <none>

TIMING-17#73 Warning
Non-clocked sequential cell  
The clock pin oledmd/FSM_onehot_state_reg[5]/C is not reached by a timing clock
Related violations: <none>

TIMING-17#74 Warning
Non-clocked sequential cell  
The clock pin oledmd/FSM_onehot_state_reg[6]/C is not reached by a timing clock
Related violations: <none>

TIMING-17#75 Warning
Non-clocked sequential cell  
The clock pin oledmd/FSM_onehot_state_reg[7]/C is not reached by a timing clock
Related violations: <none>

TIMING-17#76 Warning
Non-clocked sequential cell  
The clock pin oledmd/FSM_onehot_state_reg[8]/C is not reached by a timing clock
Related violations: <none>

TIMING-17#77 Warning
Non-clocked sequential cell  
The clock pin oledmd/FSM_onehot_state_reg[9]/C is not reached by a timing clock
Related violations: <none>

TIMING-17#78 Warning
Non-clocked sequential cell  
The clock pin oledmd/delay_reg[0]/C is not reached by a timing clock
Related violations: <none>

TIMING-17#79 Warning
Non-clocked sequential cell  
The clock pin oledmd/delay_reg[10]/C is not reached by a timing clock
Related violations: <none>

TIMING-17#80 Warning
Non-clocked sequential cell  
The clock pin oledmd/delay_reg[11]/C is not reached by a timing clock
Related violations: <none>

TIMING-17#81 Warning
Non-clocked sequential cell  
The clock pin oledmd/delay_reg[12]/C is not reached by a timing clock
Related violations: <none>

TIMING-17#82 Warning
Non-clocked sequential cell  
The clock pin oledmd/delay_reg[13]/C is not reached by a timing clock
Related violations: <none>

TIMING-17#83 Warning
Non-clocked sequential cell  
The clock pin oledmd/delay_reg[14]/C is not reached by a timing clock
Related violations: <none>

TIMING-17#84 Warning
Non-clocked sequential cell  
The clock pin oledmd/delay_reg[15]/C is not reached by a timing clock
Related violations: <none>

TIMING-17#85 Warning
Non-clocked sequential cell  
The clock pin oledmd/delay_reg[16]/C is not reached by a timing clock
Related violations: <none>

TIMING-17#86 Warning
Non-clocked sequential cell  
The clock pin oledmd/delay_reg[17]/C is not reached by a timing clock
Related violations: <none>

TIMING-17#87 Warning
Non-clocked sequential cell  
The clock pin oledmd/delay_reg[18]/C is not reached by a timing clock
Related violations: <none>

TIMING-17#88 Warning
Non-clocked sequential cell  
The clock pin oledmd/delay_reg[19]/C is not reached by a timing clock
Related violations: <none>

TIMING-17#89 Warning
Non-clocked sequential cell  
The clock pin oledmd/delay_reg[1]/C is not reached by a timing clock
Related violations: <none>

TIMING-17#90 Warning
Non-clocked sequential cell  
The clock pin oledmd/delay_reg[2]/C is not reached by a timing clock
Related violations: <none>

TIMING-17#91 Warning
Non-clocked sequential cell  
The clock pin oledmd/delay_reg[3]/C is not reached by a timing clock
Related violations: <none>

TIMING-17#92 Warning
Non-clocked sequential cell  
The clock pin oledmd/delay_reg[4]/C is not reached by a timing clock
Related violations: <none>

TIMING-17#93 Warning
Non-clocked sequential cell  
The clock pin oledmd/delay_reg[5]/C is not reached by a timing clock
Related violations: <none>

TIMING-17#94 Warning
Non-clocked sequential cell  
The clock pin oledmd/delay_reg[6]/C is not reached by a timing clock
Related violations: <none>

TIMING-17#95 Warning
Non-clocked sequential cell  
The clock pin oledmd/delay_reg[7]/C is not reached by a timing clock
Related violations: <none>

TIMING-17#96 Warning
Non-clocked sequential cell  
The clock pin oledmd/delay_reg[8]/C is not reached by a timing clock
Related violations: <none>

TIMING-17#97 Warning
Non-clocked sequential cell  
The clock pin oledmd/delay_reg[9]/C is not reached by a timing clock
Related violations: <none>

TIMING-17#98 Warning
Non-clocked sequential cell  
The clock pin oledmd/frame_counter_reg[0]/C is not reached by a timing clock
Related violations: <none>

TIMING-17#99 Warning
Non-clocked sequential cell  
The clock pin oledmd/frame_counter_reg[10]/C is not reached by a timing clock
Related violations: <none>

TIMING-17#100 Warning
Non-clocked sequential cell  
The clock pin oledmd/frame_counter_reg[11]/C is not reached by a timing clock
Related violations: <none>

TIMING-17#101 Warning
Non-clocked sequential cell  
The clock pin oledmd/frame_counter_reg[12]/C is not reached by a timing clock
Related violations: <none>

TIMING-17#102 Warning
Non-clocked sequential cell  
The clock pin oledmd/frame_counter_reg[13]/C is not reached by a timing clock
Related violations: <none>

TIMING-17#103 Warning
Non-clocked sequential cell  
The clock pin oledmd/frame_counter_reg[14]/C is not reached by a timing clock
Related violations: <none>

TIMING-17#104 Warning
Non-clocked sequential cell  
The clock pin oledmd/frame_counter_reg[15]/C is not reached by a timing clock
Related violations: <none>

TIMING-17#105 Warning
Non-clocked sequential cell  
The clock pin oledmd/frame_counter_reg[16]/C is not reached by a timing clock
Related violations: <none>

TIMING-17#106 Warning
Non-clocked sequential cell  
The clock pin oledmd/frame_counter_reg[1]/C is not reached by a timing clock
Related violations: <none>

TIMING-17#107 Warning
Non-clocked sequential cell  
The clock pin oledmd/frame_counter_reg[2]/C is not reached by a timing clock
Related violations: <none>

TIMING-17#108 Warning
Non-clocked sequential cell  
The clock pin oledmd/frame_counter_reg[3]/C is not reached by a timing clock
Related violations: <none>

TIMING-17#109 Warning
Non-clocked sequential cell  
The clock pin oledmd/frame_counter_reg[4]/C is not reached by a timing clock
Related violations: <none>

TIMING-17#110 Warning
Non-clocked sequential cell  
The clock pin oledmd/frame_counter_reg[5]/C is not reached by a timing clock
Related violations: <none>

TIMING-17#111 Warning
Non-clocked sequential cell  
The clock pin oledmd/frame_counter_reg[6]/C is not reached by a timing clock
Related violations: <none>

TIMING-17#112 Warning
Non-clocked sequential cell  
The clock pin oledmd/frame_counter_reg[7]/C is not reached by a timing clock
Related violations: <none>

TIMING-17#113 Warning
Non-clocked sequential cell  
The clock pin oledmd/frame_counter_reg[8]/C is not reached by a timing clock
Related violations: <none>

TIMING-17#114 Warning
Non-clocked sequential cell  
The clock pin oledmd/frame_counter_reg[9]/C is not reached by a timing clock
Related violations: <none>

TIMING-17#115 Warning
Non-clocked sequential cell  
The clock pin oledmd/spi_word_bit_count_reg[0]/C is not reached by a timing clock
Related violations: <none>

TIMING-17#116 Warning
Non-clocked sequential cell  
The clock pin oledmd/spi_word_bit_count_reg[1]/C is not reached by a timing clock
Related violations: <none>

TIMING-17#117 Warning
Non-clocked sequential cell  
The clock pin oledmd/spi_word_bit_count_reg[2]/C is not reached by a timing clock
Related violations: <none>

TIMING-17#118 Warning
Non-clocked sequential cell  
The clock pin oledmd/spi_word_bit_count_reg[3]/C is not reached by a timing clock
Related violations: <none>

TIMING-17#119 Warning
Non-clocked sequential cell  
The clock pin oledmd/spi_word_bit_count_reg[4]/C is not reached by a timing clock
Related violations: <none>

TIMING-17#120 Warning
Non-clocked sequential cell  
The clock pin oledmd/spi_word_bit_count_reg[5]/C is not reached by a timing clock
Related violations: <none>

TIMING-17#121 Warning
Non-clocked sequential cell  
The clock pin oledmd/spi_word_reg[0]/C is not reached by a timing clock
Related violations: <none>

TIMING-17#122 Warning
Non-clocked sequential cell  
The clock pin oledmd/spi_word_reg[10]/C is not reached by a timing clock
Related violations: <none>

TIMING-17#123 Warning
Non-clocked sequential cell  
The clock pin oledmd/spi_word_reg[11]/C is not reached by a timing clock
Related violations: <none>

TIMING-17#124 Warning
Non-clocked sequential cell  
The clock pin oledmd/spi_word_reg[12]/C is not reached by a timing clock
Related violations: <none>

TIMING-17#125 Warning
Non-clocked sequential cell  
The clock pin oledmd/spi_word_reg[13]/C is not reached by a timing clock
Related violations: <none>

TIMING-17#126 Warning
Non-clocked sequential cell  
The clock pin oledmd/spi_word_reg[14]/C is not reached by a timing clock
Related violations: <none>

TIMING-17#127 Warning
Non-clocked sequential cell  
The clock pin oledmd/spi_word_reg[15]/C is not reached by a timing clock
Related violations: <none>

TIMING-17#128 Warning
Non-clocked sequential cell  
The clock pin oledmd/spi_word_reg[16]/C is not reached by a timing clock
Related violations: <none>

TIMING-17#129 Warning
Non-clocked sequential cell  
The clock pin oledmd/spi_word_reg[17]/C is not reached by a timing clock
Related violations: <none>

TIMING-17#130 Warning
Non-clocked sequential cell  
The clock pin oledmd/spi_word_reg[18]/C is not reached by a timing clock
Related violations: <none>

TIMING-17#131 Warning
Non-clocked sequential cell  
The clock pin oledmd/spi_word_reg[19]/C is not reached by a timing clock
Related violations: <none>

TIMING-17#132 Warning
Non-clocked sequential cell  
The clock pin oledmd/spi_word_reg[1]/C is not reached by a timing clock
Related violations: <none>

TIMING-17#133 Warning
Non-clocked sequential cell  
The clock pin oledmd/spi_word_reg[20]/C is not reached by a timing clock
Related violations: <none>

TIMING-17#134 Warning
Non-clocked sequential cell  
The clock pin oledmd/spi_word_reg[21]/C is not reached by a timing clock
Related violations: <none>

TIMING-17#135 Warning
Non-clocked sequential cell  
The clock pin oledmd/spi_word_reg[22]/C is not reached by a timing clock
Related violations: <none>

TIMING-17#136 Warning
Non-clocked sequential cell  
The clock pin oledmd/spi_word_reg[23]/C is not reached by a timing clock
Related violations: <none>

TIMING-17#137 Warning
Non-clocked sequential cell  
The clock pin oledmd/spi_word_reg[24]/C is not reached by a timing clock
Related violations: <none>

TIMING-17#138 Warning
Non-clocked sequential cell  
The clock pin oledmd/spi_word_reg[25]/C is not reached by a timing clock
Related violations: <none>

TIMING-17#139 Warning
Non-clocked sequential cell  
The clock pin oledmd/spi_word_reg[26]/C is not reached by a timing clock
Related violations: <none>

TIMING-17#140 Warning
Non-clocked sequential cell  
The clock pin oledmd/spi_word_reg[27]/C is not reached by a timing clock
Related violations: <none>

TIMING-17#141 Warning
Non-clocked sequential cell  
The clock pin oledmd/spi_word_reg[28]/C is not reached by a timing clock
Related violations: <none>

TIMING-17#142 Warning
Non-clocked sequential cell  
The clock pin oledmd/spi_word_reg[29]/C is not reached by a timing clock
Related violations: <none>

TIMING-17#143 Warning
Non-clocked sequential cell  
The clock pin oledmd/spi_word_reg[2]/C is not reached by a timing clock
Related violations: <none>

TIMING-17#144 Warning
Non-clocked sequential cell  
The clock pin oledmd/spi_word_reg[30]/C is not reached by a timing clock
Related violations: <none>

TIMING-17#145 Warning
Non-clocked sequential cell  
The clock pin oledmd/spi_word_reg[31]/C is not reached by a timing clock
Related violations: <none>

TIMING-17#146 Warning
Non-clocked sequential cell  
The clock pin oledmd/spi_word_reg[32]/C is not reached by a timing clock
Related violations: <none>

TIMING-17#147 Warning
Non-clocked sequential cell  
The clock pin oledmd/spi_word_reg[33]/C is not reached by a timing clock
Related violations: <none>

TIMING-17#148 Warning
Non-clocked sequential cell  
The clock pin oledmd/spi_word_reg[34]/C is not reached by a timing clock
Related violations: <none>

TIMING-17#149 Warning
Non-clocked sequential cell  
The clock pin oledmd/spi_word_reg[35]/C is not reached by a timing clock
Related violations: <none>

TIMING-17#150 Warning
Non-clocked sequential cell  
The clock pin oledmd/spi_word_reg[36]/C is not reached by a timing clock
Related violations: <none>

TIMING-17#151 Warning
Non-clocked sequential cell  
The clock pin oledmd/spi_word_reg[37]/C is not reached by a timing clock
Related violations: <none>

TIMING-17#152 Warning
Non-clocked sequential cell  
The clock pin oledmd/spi_word_reg[38]/C is not reached by a timing clock
Related violations: <none>

TIMING-17#153 Warning
Non-clocked sequential cell  
The clock pin oledmd/spi_word_reg[39]/C is not reached by a timing clock
Related violations: <none>

TIMING-17#154 Warning
Non-clocked sequential cell  
The clock pin oledmd/spi_word_reg[3]/C is not reached by a timing clock
Related violations: <none>

TIMING-17#155 Warning
Non-clocked sequential cell  
The clock pin oledmd/spi_word_reg[4]/C is not reached by a timing clock
Related violations: <none>

TIMING-17#156 Warning
Non-clocked sequential cell  
The clock pin oledmd/spi_word_reg[5]/C is not reached by a timing clock
Related violations: <none>

TIMING-17#157 Warning
Non-clocked sequential cell  
The clock pin oledmd/spi_word_reg[6]/C is not reached by a timing clock
Related violations: <none>

TIMING-17#158 Warning
Non-clocked sequential cell  
The clock pin oledmd/spi_word_reg[7]/C is not reached by a timing clock
Related violations: <none>

TIMING-17#159 Warning
Non-clocked sequential cell  
The clock pin oledmd/spi_word_reg[8]/C is not reached by a timing clock
Related violations: <none>

TIMING-17#160 Warning
Non-clocked sequential cell  
The clock pin oledmd/spi_word_reg[9]/C is not reached by a timing clock
Related violations: <none>

TIMING-17#161 Warning
Non-clocked sequential cell  
The clock pin ryanmodule/px_x_reg[0]/C is not reached by a timing clock
Related violations: <none>

TIMING-17#162 Warning
Non-clocked sequential cell  
The clock pin ryanmodule/px_x_reg[0]_rep/C is not reached by a timing clock
Related violations: <none>

TIMING-17#163 Warning
Non-clocked sequential cell  
The clock pin ryanmodule/px_x_reg[0]_rep__0/C is not reached by a timing clock
Related violations: <none>

TIMING-17#164 Warning
Non-clocked sequential cell  
The clock pin ryanmodule/px_x_reg[0]_rep__1/C is not reached by a timing clock
Related violations: <none>

TIMING-17#165 Warning
Non-clocked sequential cell  
The clock pin ryanmodule/px_x_reg[0]_rep__2/C is not reached by a timing clock
Related violations: <none>

TIMING-17#166 Warning
Non-clocked sequential cell  
The clock pin ryanmodule/px_x_reg[1]/C is not reached by a timing clock
Related violations: <none>

TIMING-17#167 Warning
Non-clocked sequential cell  
The clock pin ryanmodule/px_x_reg[1]_rep/C is not reached by a timing clock
Related violations: <none>

TIMING-17#168 Warning
Non-clocked sequential cell  
The clock pin ryanmodule/px_x_reg[1]_rep__0/C is not reached by a timing clock
Related violations: <none>

TIMING-17#169 Warning
Non-clocked sequential cell  
The clock pin ryanmodule/px_x_reg[1]_rep__1/C is not reached by a timing clock
Related violations: <none>

TIMING-17#170 Warning
Non-clocked sequential cell  
The clock pin ryanmodule/px_x_reg[2]/C is not reached by a timing clock
Related violations: <none>

TIMING-17#171 Warning
Non-clocked sequential cell  
The clock pin ryanmodule/px_x_reg[2]_rep/C is not reached by a timing clock
Related violations: <none>

TIMING-17#172 Warning
Non-clocked sequential cell  
The clock pin ryanmodule/px_x_reg[2]_rep__0/C is not reached by a timing clock
Related violations: <none>

TIMING-17#173 Warning
Non-clocked sequential cell  
The clock pin ryanmodule/px_x_reg[2]_rep__1/C is not reached by a timing clock
Related violations: <none>

TIMING-17#174 Warning
Non-clocked sequential cell  
The clock pin ryanmodule/px_x_reg[3]/C is not reached by a timing clock
Related violations: <none>

TIMING-17#175 Warning
Non-clocked sequential cell  
The clock pin ryanmodule/px_x_reg[3]_rep/C is not reached by a timing clock
Related violations: <none>

TIMING-17#176 Warning
Non-clocked sequential cell  
The clock pin ryanmodule/px_x_reg[3]_rep__0/C is not reached by a timing clock
Related violations: <none>

TIMING-17#177 Warning
Non-clocked sequential cell  
The clock pin ryanmodule/px_x_reg[3]_rep__1/C is not reached by a timing clock
Related violations: <none>

TIMING-17#178 Warning
Non-clocked sequential cell  
The clock pin ryanmodule/px_x_reg[4]/C is not reached by a timing clock
Related violations: <none>

TIMING-17#179 Warning
Non-clocked sequential cell  
The clock pin ryanmodule/px_x_reg[4]_rep/C is not reached by a timing clock
Related violations: <none>

TIMING-17#180 Warning
Non-clocked sequential cell  
The clock pin ryanmodule/px_x_reg[4]_rep__0/C is not reached by a timing clock
Related violations: <none>

TIMING-17#181 Warning
Non-clocked sequential cell  
The clock pin ryanmodule/px_x_reg[4]_rep__1/C is not reached by a timing clock
Related violations: <none>

TIMING-17#182 Warning
Non-clocked sequential cell  
The clock pin ryanmodule/px_x_reg[4]_rep__2/C is not reached by a timing clock
Related violations: <none>

TIMING-17#183 Warning
Non-clocked sequential cell  
The clock pin ryanmodule/px_x_reg[5]/C is not reached by a timing clock
Related violations: <none>

TIMING-17#184 Warning
Non-clocked sequential cell  
The clock pin ryanmodule/px_x_reg[5]_rep/C is not reached by a timing clock
Related violations: <none>

TIMING-17#185 Warning
Non-clocked sequential cell  
The clock pin ryanmodule/px_x_reg[5]_rep__0/C is not reached by a timing clock
Related violations: <none>

TIMING-17#186 Warning
Non-clocked sequential cell  
The clock pin ryanmodule/px_x_reg[5]_rep__1/C is not reached by a timing clock
Related violations: <none>

TIMING-17#187 Warning
Non-clocked sequential cell  
The clock pin ryanmodule/px_x_reg[5]_rep__2/C is not reached by a timing clock
Related violations: <none>

TIMING-17#188 Warning
Non-clocked sequential cell  
The clock pin ryanmodule/px_x_reg[6]/C is not reached by a timing clock
Related violations: <none>

TIMING-17#189 Warning
Non-clocked sequential cell  
The clock pin ryanmodule/px_x_reg[6]_rep/C is not reached by a timing clock
Related violations: <none>

TIMING-17#190 Warning
Non-clocked sequential cell  
The clock pin ryanmodule/px_x_reg[6]_rep__0/C is not reached by a timing clock
Related violations: <none>

TIMING-17#191 Warning
Non-clocked sequential cell  
The clock pin ryanmodule/px_x_reg[6]_rep__1/C is not reached by a timing clock
Related violations: <none>

TIMING-17#192 Warning
Non-clocked sequential cell  
The clock pin ryanmodule/px_y_reg[0]/C is not reached by a timing clock
Related violations: <none>

TIMING-17#193 Warning
Non-clocked sequential cell  
The clock pin ryanmodule/px_y_reg[0]_rep/C is not reached by a timing clock
Related violations: <none>

TIMING-17#194 Warning
Non-clocked sequential cell  
The clock pin ryanmodule/px_y_reg[0]_rep__0/C is not reached by a timing clock
Related violations: <none>

TIMING-17#195 Warning
Non-clocked sequential cell  
The clock pin ryanmodule/px_y_reg[0]_rep__1/C is not reached by a timing clock
Related violations: <none>

TIMING-17#196 Warning
Non-clocked sequential cell  
The clock pin ryanmodule/px_y_reg[1]/C is not reached by a timing clock
Related violations: <none>

TIMING-17#197 Warning
Non-clocked sequential cell  
The clock pin ryanmodule/px_y_reg[1]_rep/C is not reached by a timing clock
Related violations: <none>

TIMING-17#198 Warning
Non-clocked sequential cell  
The clock pin ryanmodule/px_y_reg[1]_rep__0/C is not reached by a timing clock
Related violations: <none>

TIMING-17#199 Warning
Non-clocked sequential cell  
The clock pin ryanmodule/px_y_reg[1]_rep__1/C is not reached by a timing clock
Related violations: <none>

TIMING-17#200 Warning
Non-clocked sequential cell  
The clock pin ryanmodule/px_y_reg[2]/C is not reached by a timing clock
Related violations: <none>

TIMING-17#201 Warning
Non-clocked sequential cell  
The clock pin ryanmodule/px_y_reg[3]/C is not reached by a timing clock
Related violations: <none>

TIMING-17#202 Warning
Non-clocked sequential cell  
The clock pin ryanmodule/px_y_reg[4]/C is not reached by a timing clock
Related violations: <none>

TIMING-17#203 Warning
Non-clocked sequential cell  
The clock pin ryanmodule/px_y_reg[5]/C is not reached by a timing clock
Related violations: <none>

TIMING-17#204 Warning
Non-clocked sequential cell  
The clock pin ryanmodule/px_y_reg[6]/C is not reached by a timing clock
Related violations: <none>

TIMING-18#1 Warning
Missing input or output delay  
An input delay is missing on PS2Clk relative to clock(s) sys_clk_pin
Related violations: <none>

TIMING-18#2 Warning
Missing input or output delay  
An input delay is missing on PS2Data relative to clock(s) sys_clk_pin
Related violations: <none>

TIMING-18#3 Warning
Missing input or output delay  
An input delay is missing on pb[0] relative to clock(s) sys_clk_pin
Related violations: <none>

TIMING-18#4 Warning
Missing input or output delay  
An input delay is missing on pb[1] relative to clock(s) sys_clk_pin
Related violations: <none>

TIMING-18#5 Warning
Missing input or output delay  
An input delay is missing on pb[2] relative to clock(s) sys_clk_pin
Related violations: <none>

TIMING-18#6 Warning
Missing input or output delay  
An input delay is missing on pb[3] relative to clock(s) sys_clk_pin
Related violations: <none>

TIMING-18#7 Warning
Missing input or output delay  
An input delay is missing on pb[4] relative to clock(s) sys_clk_pin
Related violations: <none>

TIMING-18#8 Warning
Missing input or output delay  
An input delay is missing on sw[0] relative to clock(s) sys_clk_pin
Related violations: <none>

TIMING-18#9 Warning
Missing input or output delay  
An input delay is missing on sw[10] relative to clock(s) sys_clk_pin
Related violations: <none>

TIMING-18#10 Warning
Missing input or output delay  
An input delay is missing on sw[11] relative to clock(s) sys_clk_pin
Related violations: <none>

TIMING-18#11 Warning
Missing input or output delay  
An input delay is missing on sw[12] relative to clock(s) sys_clk_pin
Related violations: <none>

TIMING-18#12 Warning
Missing input or output delay  
An input delay is missing on sw[13] relative to clock(s) sys_clk_pin
Related violations: <none>

TIMING-18#13 Warning
Missing input or output delay  
An input delay is missing on sw[14] relative to clock(s) sys_clk_pin
Related violations: <none>

TIMING-18#14 Warning
Missing input or output delay  
An input delay is missing on sw[15] relative to clock(s) sys_clk_pin
Related violations: <none>

TIMING-18#15 Warning
Missing input or output delay  
An input delay is missing on sw[1] relative to clock(s) sys_clk_pin
Related violations: <none>

TIMING-18#16 Warning
Missing input or output delay  
An input delay is missing on sw[2] relative to clock(s) sys_clk_pin
Related violations: <none>

TIMING-18#17 Warning
Missing input or output delay  
An input delay is missing on sw[3] relative to clock(s) sys_clk_pin
Related violations: <none>

TIMING-18#18 Warning
Missing input or output delay  
An input delay is missing on sw[4] relative to clock(s) sys_clk_pin
Related violations: <none>

TIMING-18#19 Warning
Missing input or output delay  
An input delay is missing on sw[5] relative to clock(s) sys_clk_pin
Related violations: <none>

TIMING-18#20 Warning
Missing input or output delay  
An input delay is missing on sw[6] relative to clock(s) sys_clk_pin
Related violations: <none>

TIMING-18#21 Warning
Missing input or output delay  
An input delay is missing on sw[7] relative to clock(s) sys_clk_pin
Related violations: <none>

TIMING-18#22 Warning
Missing input or output delay  
An input delay is missing on sw[8] relative to clock(s) sys_clk_pin
Related violations: <none>

TIMING-18#23 Warning
Missing input or output delay  
An input delay is missing on sw[9] relative to clock(s) sys_clk_pin
Related violations: <none>

TIMING-18#24 Warning
Missing input or output delay  
An output delay is missing on JC[0] relative to clock(s) sys_clk_pin
Related violations: <none>

TIMING-18#25 Warning
Missing input or output delay  
An output delay is missing on JC[1] relative to clock(s) sys_clk_pin
Related violations: <none>

TIMING-18#26 Warning
Missing input or output delay  
An output delay is missing on JC[2] relative to clock(s) sys_clk_pin
Related violations: <none>

TIMING-18#27 Warning
Missing input or output delay  
An output delay is missing on JC[3] relative to clock(s) sys_clk_pin
Related violations: <none>

TIMING-18#28 Warning
Missing input or output delay  
An output delay is missing on JC[4] relative to clock(s) sys_clk_pin
Related violations: <none>

TIMING-18#29 Warning
Missing input or output delay  
An output delay is missing on JC[5] relative to clock(s) sys_clk_pin
Related violations: <none>

TIMING-18#30 Warning
Missing input or output delay  
An output delay is missing on JC[6] relative to clock(s) sys_clk_pin
Related violations: <none>

TIMING-18#31 Warning
Missing input or output delay  
An output delay is missing on JC[7] relative to clock(s) sys_clk_pin
Related violations: <none>

TIMING-18#32 Warning
Missing input or output delay  
An output delay is missing on LED[0] relative to clock(s) sys_clk_pin
Related violations: <none>

TIMING-18#33 Warning
Missing input or output delay  
An output delay is missing on LED[10] relative to clock(s) sys_clk_pin
Related violations: <none>

TIMING-18#34 Warning
Missing input or output delay  
An output delay is missing on LED[11] relative to clock(s) sys_clk_pin
Related violations: <none>

TIMING-18#35 Warning
Missing input or output delay  
An output delay is missing on LED[12] relative to clock(s) sys_clk_pin
Related violations: <none>

TIMING-18#36 Warning
Missing input or output delay  
An output delay is missing on LED[13] relative to clock(s) sys_clk_pin
Related violations: <none>

TIMING-18#37 Warning
Missing input or output delay  
An output delay is missing on LED[14] relative to clock(s) sys_clk_pin
Related violations: <none>

TIMING-18#38 Warning
Missing input or output delay  
An output delay is missing on LED[15] relative to clock(s) sys_clk_pin
Related violations: <none>

TIMING-18#39 Warning
Missing input or output delay  
An output delay is missing on LED[1] relative to clock(s) sys_clk_pin
Related violations: <none>

TIMING-18#40 Warning
Missing input or output delay  
An output delay is missing on LED[2] relative to clock(s) sys_clk_pin
Related violations: <none>

TIMING-18#41 Warning
Missing input or output delay  
An output delay is missing on LED[3] relative to clock(s) sys_clk_pin
Related violations: <none>

TIMING-18#42 Warning
Missing input or output delay  
An output delay is missing on LED[4] relative to clock(s) sys_clk_pin
Related violations: <none>

TIMING-18#43 Warning
Missing input or output delay  
An output delay is missing on LED[5] relative to clock(s) sys_clk_pin
Related violations: <none>

TIMING-18#44 Warning
Missing input or output delay  
An output delay is missing on LED[6] relative to clock(s) sys_clk_pin
Related violations: <none>

TIMING-18#45 Warning
Missing input or output delay  
An output delay is missing on LED[7] relative to clock(s) sys_clk_pin
Related violations: <none>

TIMING-18#46 Warning
Missing input or output delay  
An output delay is missing on LED[8] relative to clock(s) sys_clk_pin
Related violations: <none>

TIMING-18#47 Warning
Missing input or output delay  
An output delay is missing on LED[9] relative to clock(s) sys_clk_pin
Related violations: <none>


