Copyright 1986-2018 Xilinx, Inc. All Rights Reserved.
--------------------------------------------------------------------------------------------------------------------------------------------------------------------------------------------------------
| Tool Version : Vivado v.2018.2 (win64) Build 2258646 Thu Jun 14 20:03:12 MDT 2018
| Date         : Sat Nov  8 19:12:17 2025
| Host         : vetri-laptop running 64-bit major release  (build 9200)
| Command      : report_timing_summary -max_paths 10 -file Top_Student_timing_summary_routed.rpt -pb Top_Student_timing_summary_routed.pb -rpx Top_Student_timing_summary_routed.rpx -warn_on_violation
| Design       : Top_Student
| Device       : 7a35t-cpg236
| Speed File   : -1  PRODUCTION 1.22 2018-03-21
--------------------------------------------------------------------------------------------------------------------------------------------------------------------------------------------------------

Timing Summary Report

------------------------------------------------------------------------------------------------
| Timer Settings
| --------------
------------------------------------------------------------------------------------------------

  Enable Multi Corner Analysis               :  Yes
  Enable Pessimism Removal                   :  Yes
  Pessimism Removal Resolution               :  Nearest Common Node
  Enable Input Delay Default Clock           :  No
  Enable Preset / Clear Arcs                 :  No
  Disable Flight Delays                      :  No
  Ignore I/O Paths                           :  No
  Timing Early Launch at Borrowing Latches   :  false

  Corner  Analyze    Analyze    
  Name    Max Paths  Min Paths  
  ------  ---------  ---------  
  Slow    Yes        Yes        
  Fast    Yes        Yes        



check_timing report

Table of Contents
-----------------
1. checking no_clock
2. checking constant_clock
3. checking pulse_width_clock
4. checking unconstrained_internal_endpoints
5. checking no_input_delay
6. checking no_output_delay
7. checking multiple_clock
8. checking generated_clocks
9. checking loops
10. checking partial_input_delay
11. checking partial_output_delay
12. checking latch_loops

1. checking no_clock
--------------------
 There are 204 register/latch pins with no clock driven by root clock pin: md0/clk6p25m_reg/Q (HIGH)


2. checking constant_clock
--------------------------
 There are 0 register/latch pins with constant_clock.


3. checking pulse_width_clock
-----------------------------
 There are 0 register/latch pins which need pulse_width check


4. checking unconstrained_internal_endpoints
--------------------------------------------
 There are 485 pins that are not constrained for maximum delay. (HIGH)

 There are 0 pins that are not constrained for maximum delay due to constant clock.


5. checking no_input_delay
--------------------------
 There are 23 input ports with no input delay specified. (HIGH)

 There are 0 input ports with no input delay but user has a false path constraint.


6. checking no_output_delay
---------------------------
 There are 12 ports with no output delay specified. (HIGH)

 There are 0 ports with no output delay but user has a false path constraint

 There are 0 ports with no output delay but with a timing clock defined on it or propagating through it


7. checking multiple_clock
--------------------------
 There are 0 register/latch pins with multiple clocks.


8. checking generated_clocks
----------------------------
 There are 0 generated clocks that are not connected to a clock source.


9. checking loops
-----------------
 There are 0 combinational loops in the design.


10. checking partial_input_delay
--------------------------------
 There are 0 input ports with partial input delay specified.


11. checking partial_output_delay
---------------------------------
 There are 0 ports with partial output delay specified.


12. checking latch_loops
------------------------
 There are 0 combinational latch loops in the design through latch input



------------------------------------------------------------------------------------------------
| Design Timing Summary
| ---------------------
------------------------------------------------------------------------------------------------

    WNS(ns)      TNS(ns)  TNS Failing Endpoints  TNS Total Endpoints      WHS(ns)      THS(ns)  THS Failing Endpoints  THS Total Endpoints     WPWS(ns)     TPWS(ns)  TPWS Failing Endpoints  TPWS Total Endpoints  
    -------      -------  ---------------------  -------------------      -------      -------  ---------------------  -------------------     --------     --------  ----------------------  --------------------  
    -55.156    -3995.227                   2168                 9986        0.123        0.000                      0                 9986        4.500        0.000                       0                  4569  


Timing constraints are not met.


------------------------------------------------------------------------------------------------
| Clock Summary
| -------------
------------------------------------------------------------------------------------------------

Clock        Waveform(ns)       Period(ns)      Frequency(MHz)
-----        ------------       ----------      --------------
sys_clk_pin  {0.000 5.000}      10.000          100.000         


------------------------------------------------------------------------------------------------
| Intra Clock Table
| -----------------
------------------------------------------------------------------------------------------------

Clock             WNS(ns)      TNS(ns)  TNS Failing Endpoints  TNS Total Endpoints      WHS(ns)      THS(ns)  THS Failing Endpoints  THS Total Endpoints     WPWS(ns)     TPWS(ns)  TPWS Failing Endpoints  TPWS Total Endpoints  
-----             -------      -------  ---------------------  -------------------      -------      -------  ---------------------  -------------------     --------     --------  ----------------------  --------------------  
sys_clk_pin       -55.156    -3936.746                   2098                 9280        0.123        0.000                      0                 9280        4.500        0.000                       0                  4569  


------------------------------------------------------------------------------------------------
| Inter Clock Table
| -----------------
------------------------------------------------------------------------------------------------

From Clock    To Clock          WNS(ns)      TNS(ns)  TNS Failing Endpoints  TNS Total Endpoints      WHS(ns)      THS(ns)  THS Failing Endpoints  THS Total Endpoints  
----------    --------          -------      -------  ---------------------  -------------------      -------      -------  ---------------------  -------------------  


------------------------------------------------------------------------------------------------
| Other Path Groups Table
| -----------------------
------------------------------------------------------------------------------------------------

Path Group         From Clock         To Clock               WNS(ns)      TNS(ns)  TNS Failing Endpoints  TNS Total Endpoints      WHS(ns)      THS(ns)  THS Failing Endpoints  THS Total Endpoints  
----------         ----------         --------               -------      -------  ---------------------  -------------------      -------      -------  ---------------------  -------------------  
**async_default**  sys_clk_pin        sys_clk_pin             -1.946      -58.481                     70                  706        0.419        0.000                      0                  706  


------------------------------------------------------------------------------------------------
| Timing Details
| --------------
------------------------------------------------------------------------------------------------


---------------------------------------------------------------------------------------------------
From Clock:  sys_clk_pin
  To Clock:  sys_clk_pin

Setup :         2098  Failing Endpoints,  Worst Slack      -55.156ns,  Total Violation    -3936.746ns
Hold  :            0  Failing Endpoints,  Worst Slack        0.123ns,  Total Violation        0.000ns
PW    :            0  Failing Endpoints,  Worst Slack        4.500ns,  Total Violation        0.000ns
---------------------------------------------------------------------------------------------------


Max Delay Paths
--------------------------------------------------------------------------------------
Slack (VIOLATED) :        -55.156ns  (required time - arrival time)
  Source:                 vetrimodule/approxmd/linreg_plot/temp2_reg[0]/C
                            (rising edge-triggered cell FDCE clocked by sys_clk_pin  {rise@0.000ns fall@5.000ns period=10.000ns})
  Destination:            vetrimodule/approxmd/linreg_plot/slope_reg[20]/D
                            (rising edge-triggered cell FDCE clocked by sys_clk_pin  {rise@0.000ns fall@5.000ns period=10.000ns})
  Path Group:             sys_clk_pin
  Path Type:              Setup (Max at Slow Process Corner)
  Requirement:            10.000ns  (sys_clk_pin rise@10.000ns - sys_clk_pin rise@0.000ns)
  Data Path Delay:        65.187ns  (logic 41.934ns (64.329%)  route 23.253ns (35.671%))
  Logic Levels:           199  (CARRY4=173 LUT1=2 LUT2=10 LUT3=1 LUT4=1 LUT5=12)
  Clock Path Skew:        -0.013ns (DCD - SCD + CPR)
    Destination Clock Delay (DCD):    4.943ns = ( 14.943 - 10.000 ) 
    Source Clock Delay      (SCD):    5.143ns
    Clock Pessimism Removal (CPR):    0.187ns
  Clock Uncertainty:      0.035ns  ((TSJ^2 + TIJ^2)^1/2 + DJ) / 2 + PE
    Total System Jitter     (TSJ):    0.071ns
    Total Input Jitter      (TIJ):    0.000ns
    Discrete Jitter          (DJ):    0.000ns
    Phase Error              (PE):    0.000ns

    Location             Delay type                Incr(ns)  Path(ns)    Netlist Resource(s)
  -------------------------------------------------------------------    -------------------
                         (clock sys_clk_pin rise edge)
                                                      0.000     0.000 r  
    W5                                                0.000     0.000 r  CLOCK (IN)
                         net (fo=0)                   0.000     0.000    CLOCK
    W5                   IBUF (Prop_ibuf_I_O)         1.458     1.458 r  CLOCK_IBUF_inst/O
                         net (fo=1, routed)           1.967     3.425    CLOCK_IBUF
    BUFGCTRL_X0Y0        BUFG (Prop_bufg_I_O)         0.096     3.521 r  CLOCK_IBUF_BUFG_inst/O
                         net (fo=4568, routed)        1.622     5.143    vetrimodule/approxmd/linreg_plot/CLOCK_IBUF_BUFG
    SLICE_X58Y88         FDCE                                         r  vetrimodule/approxmd/linreg_plot/temp2_reg[0]/C
  -------------------------------------------------------------------    -------------------
    SLICE_X58Y88         FDCE (Prop_fdce_C_Q)         0.456     5.599 f  vetrimodule/approxmd/linreg_plot/temp2_reg[0]/Q
                         net (fo=36, routed)          0.301     5.900    vetrimodule/approxmd/linreg_plot/temp2[0]
    SLICE_X59Y88         LUT1 (Prop_lut1_I0_O)        0.124     6.024 r  vetrimodule/approxmd/linreg_plot/slope20_carry_i_1/O
                         net (fo=1, routed)           0.336     6.360    vetrimodule/approxmd/linreg_plot/slope20_carry_i_1_n_0
    SLICE_X58Y87         CARRY4 (Prop_carry4_CYINIT_CO[3])
                                                      0.580     6.940 r  vetrimodule/approxmd/linreg_plot/slope20_carry/CO[3]
                         net (fo=1, routed)           0.000     6.940    vetrimodule/approxmd/linreg_plot/slope20_carry_n_0
    SLICE_X58Y88         CARRY4 (Prop_carry4_CI_CO[3])
                                                      0.114     7.054 r  vetrimodule/approxmd/linreg_plot/slope20_carry__0/CO[3]
                         net (fo=1, routed)           0.000     7.054    vetrimodule/approxmd/linreg_plot/slope20_carry__0_n_0
    SLICE_X58Y89         CARRY4 (Prop_carry4_CI_CO[3])
                                                      0.114     7.168 r  vetrimodule/approxmd/linreg_plot/slope20_carry__1/CO[3]
                         net (fo=1, routed)           0.000     7.168    vetrimodule/approxmd/linreg_plot/slope20_carry__1_n_0
    SLICE_X58Y90         CARRY4 (Prop_carry4_CI_CO[0])
                                                      0.271     7.439 r  vetrimodule/approxmd/linreg_plot/i___578_i_9/CO[0]
                         net (fo=275, routed)         0.976     8.415    vetrimodule/approxmd/linreg_plot/i___578_i_9_n_3
    SLICE_X58Y94         LUT2 (Prop_lut2_I0_O)        0.373     8.788 r  vetrimodule/approxmd/linreg_plot/i___578_i_7/O
                         net (fo=1, routed)           0.000     8.788    vetrimodule/approxmd/linreg_plot/i___578_i_7_n_0
    SLICE_X58Y94         CARRY4 (Prop_carry4_S[1]_CO[3])
                                                      0.550     9.338 r  vetrimodule/approxmd/linreg_plot/slope1_inferred__0/i___578/CO[3]
                         net (fo=1, routed)           0.000     9.338    vetrimodule/approxmd/linreg_plot/slope1_inferred__0/i___578_n_0
    SLICE_X58Y95         CARRY4 (Prop_carry4_CI_CO[3])
                                                      0.114     9.452 r  vetrimodule/approxmd/linreg_plot/slope1_inferred__0/i___579/CO[3]
                         net (fo=1, routed)           0.000     9.452    vetrimodule/approxmd/linreg_plot/slope1_inferred__0/i___579_n_0
    SLICE_X58Y96         CARRY4 (Prop_carry4_CI_CO[3])
                                                      0.114     9.566 r  vetrimodule/approxmd/linreg_plot/slope1_inferred__0/i___580/CO[3]
                         net (fo=1, routed)           0.000     9.566    vetrimodule/approxmd/linreg_plot/slope1_inferred__0/i___580_n_0
    SLICE_X58Y97         CARRY4 (Prop_carry4_CI_CO[0])
                                                      0.271     9.837 r  vetrimodule/approxmd/linreg_plot/slope1_inferred__0/i___581/CO[0]
                         net (fo=27, routed)          0.923    10.760    vetrimodule/approxmd/linreg_plot/slope1_inferred__0/i___581_n_3
    SLICE_X59Y90         LUT4 (Prop_lut4_I0_O)        0.373    11.133 r  vetrimodule/approxmd/linreg_plot/i___582_i_4/O
                         net (fo=1, routed)           0.000    11.133    vetrimodule/approxmd/linreg_plot/i___582_i_4_n_0
    SLICE_X59Y90         CARRY4 (Prop_carry4_S[1]_CO[3])
                                                      0.550    11.683 r  vetrimodule/approxmd/linreg_plot/slope1_inferred__0/i___582/CO[3]
                         net (fo=1, routed)           0.000    11.683    vetrimodule/approxmd/linreg_plot/slope1_inferred__0/i___582_n_0
    SLICE_X59Y91         CARRY4 (Prop_carry4_CI_CO[3])
                                                      0.114    11.797 r  vetrimodule/approxmd/linreg_plot/slope1_inferred__0/i___583/CO[3]
                         net (fo=1, routed)           0.000    11.797    vetrimodule/approxmd/linreg_plot/slope1_inferred__0/i___583_n_0
    SLICE_X59Y92         CARRY4 (Prop_carry4_CI_CO[3])
                                                      0.114    11.911 r  vetrimodule/approxmd/linreg_plot/slope1_inferred__0/i___584/CO[3]
                         net (fo=1, routed)           0.000    11.911    vetrimodule/approxmd/linreg_plot/slope1_inferred__0/i___584_n_0
    SLICE_X59Y93         CARRY4 (Prop_carry4_CI_CO[3])
                                                      0.114    12.025 r  vetrimodule/approxmd/linreg_plot/slope1_inferred__0/i___585/CO[3]
                         net (fo=1, routed)           0.000    12.025    vetrimodule/approxmd/linreg_plot/slope1_inferred__0/i___585_n_0
    SLICE_X59Y94         CARRY4 (Prop_carry4_CI_CO[3])
                                                      0.114    12.139 r  vetrimodule/approxmd/linreg_plot/slope1_inferred__0/i___586/CO[3]
                         net (fo=1, routed)           0.000    12.139    vetrimodule/approxmd/linreg_plot/slope1_inferred__0/i___586_n_0
    SLICE_X59Y95         CARRY4 (Prop_carry4_CI_CO[3])
                                                      0.114    12.253 r  vetrimodule/approxmd/linreg_plot/slope1_inferred__0/i___587/CO[3]
                         net (fo=1, routed)           0.000    12.253    vetrimodule/approxmd/linreg_plot/slope1_inferred__0/i___587_n_0
    SLICE_X59Y96         CARRY4 (Prop_carry4_CI_CO[1])
                                                      0.157    12.410 r  vetrimodule/approxmd/linreg_plot/slope1_inferred__0/i___588/CO[1]
                         net (fo=27, routed)          1.093    13.502    vetrimodule/approxmd/linreg_plot/slope1_inferred__0/i___588_n_2
    SLICE_X57Y89         LUT5 (Prop_lut5_I0_O)        0.329    13.831 r  vetrimodule/approxmd/linreg_plot/i___589_i_4/O
                         net (fo=1, routed)           0.000    13.831    vetrimodule/approxmd/linreg_plot/i___589_i_4_n_0
    SLICE_X57Y89         CARRY4 (Prop_carry4_S[1]_CO[3])
                                                      0.550    14.381 r  vetrimodule/approxmd/linreg_plot/slope1_inferred__0/i___589/CO[3]
                         net (fo=1, routed)           0.000    14.381    vetrimodule/approxmd/linreg_plot/slope1_inferred__0/i___589_n_0
    SLICE_X57Y90         CARRY4 (Prop_carry4_CI_CO[3])
                                                      0.114    14.495 r  vetrimodule/approxmd/linreg_plot/slope1_inferred__0/i___590/CO[3]
                         net (fo=1, routed)           0.000    14.495    vetrimodule/approxmd/linreg_plot/slope1_inferred__0/i___590_n_0
    SLICE_X57Y91         CARRY4 (Prop_carry4_CI_CO[3])
                                                      0.114    14.609 r  vetrimodule/approxmd/linreg_plot/slope1_inferred__0/i___591/CO[3]
                         net (fo=1, routed)           0.000    14.609    vetrimodule/approxmd/linreg_plot/slope1_inferred__0/i___591_n_0
    SLICE_X57Y92         CARRY4 (Prop_carry4_CI_CO[3])
                                                      0.114    14.723 r  vetrimodule/approxmd/linreg_plot/slope1_inferred__0/i___592/CO[3]
                         net (fo=1, routed)           0.000    14.723    vetrimodule/approxmd/linreg_plot/slope1_inferred__0/i___592_n_0
    SLICE_X57Y93         CARRY4 (Prop_carry4_CI_CO[3])
                                                      0.114    14.837 r  vetrimodule/approxmd/linreg_plot/slope1_inferred__0/i___593/CO[3]
                         net (fo=1, routed)           0.000    14.837    vetrimodule/approxmd/linreg_plot/slope1_inferred__0/i___593_n_0
    SLICE_X57Y94         CARRY4 (Prop_carry4_CI_CO[3])
                                                      0.114    14.951 r  vetrimodule/approxmd/linreg_plot/slope1_inferred__0/i___594/CO[3]
                         net (fo=1, routed)           0.000    14.951    vetrimodule/approxmd/linreg_plot/slope1_inferred__0/i___594_n_0
    SLICE_X57Y95         CARRY4 (Prop_carry4_CI_CO[1])
                                                      0.157    15.108 r  vetrimodule/approxmd/linreg_plot/slope1_inferred__0/i___595/CO[1]
                         net (fo=29, routed)          1.030    16.138    vetrimodule/approxmd/linreg_plot/slope10_in[21]
    SLICE_X55Y87         LUT5 (Prop_lut5_I0_O)        0.329    16.467 r  vetrimodule/approxmd/linreg_plot/i___596_i_4/O
                         net (fo=1, routed)           0.000    16.467    vetrimodule/approxmd/linreg_plot/i___596_i_4_n_0
    SLICE_X55Y87         CARRY4 (Prop_carry4_S[1]_CO[3])
                                                      0.550    17.017 r  vetrimodule/approxmd/linreg_plot/slope1_inferred__0/i___596/CO[3]
                         net (fo=1, routed)           0.000    17.017    vetrimodule/approxmd/linreg_plot/slope1_inferred__0/i___596_n_0
    SLICE_X55Y88         CARRY4 (Prop_carry4_CI_CO[3])
                                                      0.114    17.131 r  vetrimodule/approxmd/linreg_plot/slope1_inferred__0/i___597/CO[3]
                         net (fo=1, routed)           0.000    17.131    vetrimodule/approxmd/linreg_plot/slope1_inferred__0/i___597_n_0
    SLICE_X55Y89         CARRY4 (Prop_carry4_CI_CO[3])
                                                      0.114    17.245 r  vetrimodule/approxmd/linreg_plot/slope1_inferred__0/i___598/CO[3]
                         net (fo=1, routed)           0.000    17.245    vetrimodule/approxmd/linreg_plot/slope1_inferred__0/i___598_n_0
    SLICE_X55Y90         CARRY4 (Prop_carry4_CI_CO[3])
                                                      0.114    17.359 r  vetrimodule/approxmd/linreg_plot/slope1_inferred__0/i___599/CO[3]
                         net (fo=1, routed)           0.000    17.359    vetrimodule/approxmd/linreg_plot/slope1_inferred__0/i___599_n_0
    SLICE_X55Y91         CARRY4 (Prop_carry4_CI_CO[3])
                                                      0.114    17.473 r  vetrimodule/approxmd/linreg_plot/slope1_inferred__0/i___600/CO[3]
                         net (fo=1, routed)           0.000    17.473    vetrimodule/approxmd/linreg_plot/slope1_inferred__0/i___600_n_0
    SLICE_X55Y92         CARRY4 (Prop_carry4_CI_CO[3])
                                                      0.114    17.587 r  vetrimodule/approxmd/linreg_plot/slope1_inferred__0/i___601/CO[3]
                         net (fo=1, routed)           0.000    17.587    vetrimodule/approxmd/linreg_plot/slope1_inferred__0/i___601_n_0
    SLICE_X55Y93         CARRY4 (Prop_carry4_CI_CO[1])
                                                      0.157    17.744 r  vetrimodule/approxmd/linreg_plot/slope1_inferred__0/i___602/CO[1]
                         net (fo=29, routed)          0.888    18.632    vetrimodule/approxmd/linreg_plot/slope10_in[20]
    SLICE_X54Y86         LUT5 (Prop_lut5_I0_O)        0.329    18.961 r  vetrimodule/approxmd/linreg_plot/i___603_i_4/O
                         net (fo=1, routed)           0.000    18.961    vetrimodule/approxmd/linreg_plot/i___603_i_4_n_0
    SLICE_X54Y86         CARRY4 (Prop_carry4_S[1]_CO[3])
                                                      0.533    19.494 r  vetrimodule/approxmd/linreg_plot/slope1_inferred__0/i___603/CO[3]
                         net (fo=1, routed)           0.000    19.494    vetrimodule/approxmd/linreg_plot/slope1_inferred__0/i___603_n_0
    SLICE_X54Y87         CARRY4 (Prop_carry4_CI_CO[3])
                                                      0.117    19.611 r  vetrimodule/approxmd/linreg_plot/slope1_inferred__0/i___604/CO[3]
                         net (fo=1, routed)           0.000    19.611    vetrimodule/approxmd/linreg_plot/slope1_inferred__0/i___604_n_0
    SLICE_X54Y88         CARRY4 (Prop_carry4_CI_CO[3])
                                                      0.117    19.728 r  vetrimodule/approxmd/linreg_plot/slope1_inferred__0/i___605/CO[3]
                         net (fo=1, routed)           0.000    19.728    vetrimodule/approxmd/linreg_plot/slope1_inferred__0/i___605_n_0
    SLICE_X54Y89         CARRY4 (Prop_carry4_CI_CO[3])
                                                      0.117    19.845 r  vetrimodule/approxmd/linreg_plot/slope1_inferred__0/i___606/CO[3]
                         net (fo=1, routed)           0.000    19.845    vetrimodule/approxmd/linreg_plot/slope1_inferred__0/i___606_n_0
    SLICE_X54Y90         CARRY4 (Prop_carry4_CI_CO[3])
                                                      0.117    19.962 r  vetrimodule/approxmd/linreg_plot/slope1_inferred__0/i___607/CO[3]
                         net (fo=1, routed)           0.000    19.962    vetrimodule/approxmd/linreg_plot/slope1_inferred__0/i___607_n_0
    SLICE_X54Y91         CARRY4 (Prop_carry4_CI_CO[3])
                                                      0.117    20.079 r  vetrimodule/approxmd/linreg_plot/slope1_inferred__0/i___608/CO[3]
                         net (fo=1, routed)           0.000    20.079    vetrimodule/approxmd/linreg_plot/slope1_inferred__0/i___608_n_0
    SLICE_X54Y92         CARRY4 (Prop_carry4_CI_CO[1])
                                                      0.157    20.236 r  vetrimodule/approxmd/linreg_plot/slope1_inferred__0/i___609/CO[1]
                         net (fo=29, routed)          0.666    20.902    vetrimodule/approxmd/linreg_plot/slope10_in[19]
    SLICE_X54Y93         LUT5 (Prop_lut5_I0_O)        0.332    21.234 r  vetrimodule/approxmd/linreg_plot/i___610_i_4/O
                         net (fo=1, routed)           0.000    21.234    vetrimodule/approxmd/linreg_plot/i___610_i_4_n_0
    SLICE_X54Y93         CARRY4 (Prop_carry4_S[1]_CO[3])
                                                      0.533    21.767 r  vetrimodule/approxmd/linreg_plot/slope1_inferred__0/i___610/CO[3]
                         net (fo=1, routed)           0.000    21.767    vetrimodule/approxmd/linreg_plot/slope1_inferred__0/i___610_n_0
    SLICE_X54Y94         CARRY4 (Prop_carry4_CI_CO[3])
                                                      0.117    21.884 r  vetrimodule/approxmd/linreg_plot/slope1_inferred__0/i___611/CO[3]
                         net (fo=1, routed)           0.000    21.884    vetrimodule/approxmd/linreg_plot/slope1_inferred__0/i___611_n_0
    SLICE_X54Y95         CARRY4 (Prop_carry4_CI_CO[3])
                                                      0.117    22.001 r  vetrimodule/approxmd/linreg_plot/slope1_inferred__0/i___612/CO[3]
                         net (fo=1, routed)           0.000    22.001    vetrimodule/approxmd/linreg_plot/slope1_inferred__0/i___612_n_0
    SLICE_X54Y96         CARRY4 (Prop_carry4_CI_CO[3])
                                                      0.117    22.118 r  vetrimodule/approxmd/linreg_plot/slope1_inferred__0/i___613/CO[3]
                         net (fo=1, routed)           0.000    22.118    vetrimodule/approxmd/linreg_plot/slope1_inferred__0/i___613_n_0
    SLICE_X54Y97         CARRY4 (Prop_carry4_CI_CO[3])
                                                      0.117    22.235 r  vetrimodule/approxmd/linreg_plot/slope1_inferred__0/i___614/CO[3]
                         net (fo=1, routed)           0.000    22.235    vetrimodule/approxmd/linreg_plot/slope1_inferred__0/i___614_n_0
    SLICE_X54Y98         CARRY4 (Prop_carry4_CI_CO[3])
                                                      0.117    22.352 r  vetrimodule/approxmd/linreg_plot/slope1_inferred__0/i___615/CO[3]
                         net (fo=1, routed)           0.000    22.352    vetrimodule/approxmd/linreg_plot/slope1_inferred__0/i___615_n_0
    SLICE_X54Y99         CARRY4 (Prop_carry4_CI_CO[1])
                                                      0.157    22.509 r  vetrimodule/approxmd/linreg_plot/slope1_inferred__0/i___616/CO[1]
                         net (fo=29, routed)          0.786    23.296    vetrimodule/approxmd/linreg_plot/slope10_in[18]
    SLICE_X56Y94         LUT5 (Prop_lut5_I0_O)        0.332    23.628 r  vetrimodule/approxmd/linreg_plot/i___617_i_4/O
                         net (fo=1, routed)           0.000    23.628    vetrimodule/approxmd/linreg_plot/i___617_i_4_n_0
    SLICE_X56Y94         CARRY4 (Prop_carry4_S[1]_CO[3])
                                                      0.533    24.161 r  vetrimodule/approxmd/linreg_plot/slope1_inferred__0/i___617/CO[3]
                         net (fo=1, routed)           0.000    24.161    vetrimodule/approxmd/linreg_plot/slope1_inferred__0/i___617_n_0
    SLICE_X56Y95         CARRY4 (Prop_carry4_CI_CO[3])
                                                      0.117    24.278 r  vetrimodule/approxmd/linreg_plot/slope1_inferred__0/i___618/CO[3]
                         net (fo=1, routed)           0.000    24.278    vetrimodule/approxmd/linreg_plot/slope1_inferred__0/i___618_n_0
    SLICE_X56Y96         CARRY4 (Prop_carry4_CI_CO[3])
                                                      0.117    24.395 r  vetrimodule/approxmd/linreg_plot/slope1_inferred__0/i___619/CO[3]
                         net (fo=1, routed)           0.000    24.395    vetrimodule/approxmd/linreg_plot/slope1_inferred__0/i___619_n_0
    SLICE_X56Y97         CARRY4 (Prop_carry4_CI_CO[3])
                                                      0.117    24.512 r  vetrimodule/approxmd/linreg_plot/slope1_inferred__0/i___620/CO[3]
                         net (fo=1, routed)           0.000    24.512    vetrimodule/approxmd/linreg_plot/slope1_inferred__0/i___620_n_0
    SLICE_X56Y98         CARRY4 (Prop_carry4_CI_CO[3])
                                                      0.117    24.629 r  vetrimodule/approxmd/linreg_plot/slope1_inferred__0/i___621/CO[3]
                         net (fo=1, routed)           0.000    24.629    vetrimodule/approxmd/linreg_plot/slope1_inferred__0/i___621_n_0
    SLICE_X56Y99         CARRY4 (Prop_carry4_CI_CO[3])
                                                      0.117    24.746 r  vetrimodule/approxmd/linreg_plot/slope1_inferred__0/i___622/CO[3]
                         net (fo=1, routed)           0.001    24.746    vetrimodule/approxmd/linreg_plot/slope1_inferred__0/i___622_n_0
    SLICE_X56Y100        CARRY4 (Prop_carry4_CI_CO[1])
                                                      0.157    24.903 r  vetrimodule/approxmd/linreg_plot/slope1_inferred__0/i___623/CO[1]
                         net (fo=29, routed)          0.864    25.767    vetrimodule/approxmd/linreg_plot/slope10_in[17]
    SLICE_X55Y95         LUT5 (Prop_lut5_I0_O)        0.332    26.099 r  vetrimodule/approxmd/linreg_plot/i___624_i_4/O
                         net (fo=1, routed)           0.000    26.099    vetrimodule/approxmd/linreg_plot/i___624_i_4_n_0
    SLICE_X55Y95         CARRY4 (Prop_carry4_S[1]_CO[3])
                                                      0.550    26.649 r  vetrimodule/approxmd/linreg_plot/slope1_inferred__0/i___624/CO[3]
                         net (fo=1, routed)           0.000    26.649    vetrimodule/approxmd/linreg_plot/slope1_inferred__0/i___624_n_0
    SLICE_X55Y96         CARRY4 (Prop_carry4_CI_CO[3])
                                                      0.114    26.763 r  vetrimodule/approxmd/linreg_plot/slope1_inferred__0/i___625/CO[3]
                         net (fo=1, routed)           0.000    26.763    vetrimodule/approxmd/linreg_plot/slope1_inferred__0/i___625_n_0
    SLICE_X55Y97         CARRY4 (Prop_carry4_CI_CO[3])
                                                      0.114    26.877 r  vetrimodule/approxmd/linreg_plot/slope1_inferred__0/i___626/CO[3]
                         net (fo=1, routed)           0.000    26.877    vetrimodule/approxmd/linreg_plot/slope1_inferred__0/i___626_n_0
    SLICE_X55Y98         CARRY4 (Prop_carry4_CI_CO[3])
                                                      0.114    26.991 r  vetrimodule/approxmd/linreg_plot/slope1_inferred__0/i___627/CO[3]
                         net (fo=1, routed)           0.000    26.991    vetrimodule/approxmd/linreg_plot/slope1_inferred__0/i___627_n_0
    SLICE_X55Y99         CARRY4 (Prop_carry4_CI_CO[3])
                                                      0.114    27.105 r  vetrimodule/approxmd/linreg_plot/slope1_inferred__0/i___628/CO[3]
                         net (fo=1, routed)           0.001    27.106    vetrimodule/approxmd/linreg_plot/slope1_inferred__0/i___628_n_0
    SLICE_X55Y100        CARRY4 (Prop_carry4_CI_CO[3])
                                                      0.114    27.220 r  vetrimodule/approxmd/linreg_plot/slope1_inferred__0/i___629/CO[3]
                         net (fo=1, routed)           0.000    27.220    vetrimodule/approxmd/linreg_plot/slope1_inferred__0/i___629_n_0
    SLICE_X55Y101        CARRY4 (Prop_carry4_CI_CO[1])
                                                      0.157    27.377 r  vetrimodule/approxmd/linreg_plot/slope1_inferred__0/i___630/CO[1]
                         net (fo=29, routed)          0.667    28.044    vetrimodule/approxmd/linreg_plot/slope10_in[16]
    SLICE_X54Y100        LUT5 (Prop_lut5_I0_O)        0.329    28.373 r  vetrimodule/approxmd/linreg_plot/i___631_i_4/O
                         net (fo=1, routed)           0.000    28.373    vetrimodule/approxmd/linreg_plot/i___631_i_4_n_0
    SLICE_X54Y100        CARRY4 (Prop_carry4_S[1]_CO[3])
                                                      0.533    28.906 r  vetrimodule/approxmd/linreg_plot/slope1_inferred__0/i___631/CO[3]
                         net (fo=1, routed)           0.000    28.906    vetrimodule/approxmd/linreg_plot/slope1_inferred__0/i___631_n_0
    SLICE_X54Y101        CARRY4 (Prop_carry4_CI_CO[3])
                                                      0.117    29.023 r  vetrimodule/approxmd/linreg_plot/slope1_inferred__0/i___632/CO[3]
                         net (fo=1, routed)           0.000    29.023    vetrimodule/approxmd/linreg_plot/slope1_inferred__0/i___632_n_0
    SLICE_X54Y102        CARRY4 (Prop_carry4_CI_CO[3])
                                                      0.117    29.140 r  vetrimodule/approxmd/linreg_plot/slope1_inferred__0/i___633/CO[3]
                         net (fo=1, routed)           0.000    29.140    vetrimodule/approxmd/linreg_plot/slope1_inferred__0/i___633_n_0
    SLICE_X54Y103        CARRY4 (Prop_carry4_CI_CO[3])
                                                      0.117    29.257 r  vetrimodule/approxmd/linreg_plot/slope1_inferred__0/i___634/CO[3]
                         net (fo=1, routed)           0.000    29.257    vetrimodule/approxmd/linreg_plot/slope1_inferred__0/i___634_n_0
    SLICE_X54Y104        CARRY4 (Prop_carry4_CI_CO[3])
                                                      0.117    29.374 r  vetrimodule/approxmd/linreg_plot/slope1_inferred__0/i___635/CO[3]
                         net (fo=1, routed)           0.000    29.374    vetrimodule/approxmd/linreg_plot/slope1_inferred__0/i___635_n_0
    SLICE_X54Y105        CARRY4 (Prop_carry4_CI_CO[3])
                                                      0.117    29.491 r  vetrimodule/approxmd/linreg_plot/slope1_inferred__0/i___636/CO[3]
                         net (fo=1, routed)           0.000    29.491    vetrimodule/approxmd/linreg_plot/slope1_inferred__0/i___636_n_0
    SLICE_X54Y106        CARRY4 (Prop_carry4_CI_CO[1])
                                                      0.157    29.648 r  vetrimodule/approxmd/linreg_plot/slope1_inferred__0/i___637/CO[1]
                         net (fo=29, routed)          1.088    30.736    vetrimodule/approxmd/linreg_plot/slope10_in[15]
    SLICE_X51Y97         LUT5 (Prop_lut5_I0_O)        0.332    31.068 r  vetrimodule/approxmd/linreg_plot/i___638_i_4/O
                         net (fo=1, routed)           0.000    31.068    vetrimodule/approxmd/linreg_plot/i___638_i_4_n_0
    SLICE_X51Y97         CARRY4 (Prop_carry4_S[1]_CO[3])
                                                      0.550    31.618 r  vetrimodule/approxmd/linreg_plot/slope1_inferred__0/i___638/CO[3]
                         net (fo=1, routed)           0.000    31.618    vetrimodule/approxmd/linreg_plot/slope1_inferred__0/i___638_n_0
    SLICE_X51Y98         CARRY4 (Prop_carry4_CI_CO[3])
                                                      0.114    31.732 r  vetrimodule/approxmd/linreg_plot/slope1_inferred__0/i___639/CO[3]
                         net (fo=1, routed)           0.000    31.732    vetrimodule/approxmd/linreg_plot/slope1_inferred__0/i___639_n_0
    SLICE_X51Y99         CARRY4 (Prop_carry4_CI_CO[3])
                                                      0.114    31.846 r  vetrimodule/approxmd/linreg_plot/slope1_inferred__0/i___640/CO[3]
                         net (fo=1, routed)           0.001    31.847    vetrimodule/approxmd/linreg_plot/slope1_inferred__0/i___640_n_0
    SLICE_X51Y100        CARRY4 (Prop_carry4_CI_CO[3])
                                                      0.114    31.961 r  vetrimodule/approxmd/linreg_plot/slope1_inferred__0/i___641/CO[3]
                         net (fo=1, routed)           0.000    31.961    vetrimodule/approxmd/linreg_plot/slope1_inferred__0/i___641_n_0
    SLICE_X51Y101        CARRY4 (Prop_carry4_CI_CO[3])
                                                      0.114    32.075 r  vetrimodule/approxmd/linreg_plot/slope1_inferred__0/i___642/CO[3]
                         net (fo=1, routed)           0.000    32.075    vetrimodule/approxmd/linreg_plot/slope1_inferred__0/i___642_n_0
    SLICE_X51Y102        CARRY4 (Prop_carry4_CI_CO[3])
                                                      0.114    32.189 r  vetrimodule/approxmd/linreg_plot/slope1_inferred__0/i___643/CO[3]
                         net (fo=1, routed)           0.000    32.189    vetrimodule/approxmd/linreg_plot/slope1_inferred__0/i___643_n_0
    SLICE_X51Y103        CARRY4 (Prop_carry4_CI_CO[1])
                                                      0.157    32.346 r  vetrimodule/approxmd/linreg_plot/slope1_inferred__0/i___644/CO[1]
                         net (fo=29, routed)          1.041    33.387    vetrimodule/approxmd/linreg_plot/slope10_in[14]
    SLICE_X52Y95         LUT5 (Prop_lut5_I0_O)        0.329    33.716 r  vetrimodule/approxmd/linreg_plot/i___645_i_4/O
                         net (fo=1, routed)           0.000    33.716    vetrimodule/approxmd/linreg_plot/i___645_i_4_n_0
    SLICE_X52Y95         CARRY4 (Prop_carry4_S[1]_CO[3])
                                                      0.533    34.249 r  vetrimodule/approxmd/linreg_plot/slope1_inferred__0/i___645/CO[3]
                         net (fo=1, routed)           0.000    34.249    vetrimodule/approxmd/linreg_plot/slope1_inferred__0/i___645_n_0
    SLICE_X52Y96         CARRY4 (Prop_carry4_CI_CO[3])
                                                      0.117    34.366 r  vetrimodule/approxmd/linreg_plot/slope1_inferred__0/i___646/CO[3]
                         net (fo=1, routed)           0.000    34.366    vetrimodule/approxmd/linreg_plot/slope1_inferred__0/i___646_n_0
    SLICE_X52Y97         CARRY4 (Prop_carry4_CI_CO[3])
                                                      0.117    34.483 r  vetrimodule/approxmd/linreg_plot/slope1_inferred__0/i___647/CO[3]
                         net (fo=1, routed)           0.000    34.483    vetrimodule/approxmd/linreg_plot/slope1_inferred__0/i___647_n_0
    SLICE_X52Y98         CARRY4 (Prop_carry4_CI_CO[3])
                                                      0.117    34.600 r  vetrimodule/approxmd/linreg_plot/slope1_inferred__0/i___648/CO[3]
                         net (fo=1, routed)           0.000    34.600    vetrimodule/approxmd/linreg_plot/slope1_inferred__0/i___648_n_0
    SLICE_X52Y99         CARRY4 (Prop_carry4_CI_CO[3])
                                                      0.117    34.717 r  vetrimodule/approxmd/linreg_plot/slope1_inferred__0/i___649/CO[3]
                         net (fo=1, routed)           0.001    34.718    vetrimodule/approxmd/linreg_plot/slope1_inferred__0/i___649_n_0
    SLICE_X52Y100        CARRY4 (Prop_carry4_CI_CO[3])
                                                      0.117    34.835 r  vetrimodule/approxmd/linreg_plot/slope1_inferred__0/i___650/CO[3]
                         net (fo=1, routed)           0.000    34.835    vetrimodule/approxmd/linreg_plot/slope1_inferred__0/i___650_n_0
    SLICE_X52Y101        CARRY4 (Prop_carry4_CI_CO[1])
                                                      0.157    34.992 r  vetrimodule/approxmd/linreg_plot/slope1_inferred__0/i___651/CO[1]
                         net (fo=29, routed)          0.819    35.811    vetrimodule/approxmd/linreg_plot/slope10_in[13]
    SLICE_X53Y97         LUT5 (Prop_lut5_I0_O)        0.332    36.143 r  vetrimodule/approxmd/linreg_plot/i___652_i_4/O
                         net (fo=1, routed)           0.000    36.143    vetrimodule/approxmd/linreg_plot/i___652_i_4_n_0
    SLICE_X53Y97         CARRY4 (Prop_carry4_S[1]_CO[3])
                                                      0.550    36.693 r  vetrimodule/approxmd/linreg_plot/slope1_inferred__0/i___652/CO[3]
                         net (fo=1, routed)           0.000    36.693    vetrimodule/approxmd/linreg_plot/slope1_inferred__0/i___652_n_0
    SLICE_X53Y98         CARRY4 (Prop_carry4_CI_CO[3])
                                                      0.114    36.807 r  vetrimodule/approxmd/linreg_plot/slope1_inferred__0/i___653/CO[3]
                         net (fo=1, routed)           0.000    36.807    vetrimodule/approxmd/linreg_plot/slope1_inferred__0/i___653_n_0
    SLICE_X53Y99         CARRY4 (Prop_carry4_CI_CO[3])
                                                      0.114    36.921 r  vetrimodule/approxmd/linreg_plot/slope1_inferred__0/i___654/CO[3]
                         net (fo=1, routed)           0.001    36.921    vetrimodule/approxmd/linreg_plot/slope1_inferred__0/i___654_n_0
    SLICE_X53Y100        CARRY4 (Prop_carry4_CI_CO[3])
                                                      0.114    37.035 r  vetrimodule/approxmd/linreg_plot/slope1_inferred__0/i___655/CO[3]
                         net (fo=1, routed)           0.000    37.035    vetrimodule/approxmd/linreg_plot/slope1_inferred__0/i___655_n_0
    SLICE_X53Y101        CARRY4 (Prop_carry4_CI_CO[3])
                                                      0.114    37.149 r  vetrimodule/approxmd/linreg_plot/slope1_inferred__0/i___656/CO[3]
                         net (fo=1, routed)           0.000    37.149    vetrimodule/approxmd/linreg_plot/slope1_inferred__0/i___656_n_0
    SLICE_X53Y102        CARRY4 (Prop_carry4_CI_CO[3])
                                                      0.114    37.263 r  vetrimodule/approxmd/linreg_plot/slope1_inferred__0/i___657/CO[3]
                         net (fo=1, routed)           0.000    37.263    vetrimodule/approxmd/linreg_plot/slope1_inferred__0/i___657_n_0
    SLICE_X53Y103        CARRY4 (Prop_carry4_CI_CO[1])
                                                      0.157    37.420 r  vetrimodule/approxmd/linreg_plot/slope1_inferred__0/i___658/CO[1]
                         net (fo=29, routed)          0.672    38.093    vetrimodule/approxmd/linreg_plot/slope10_in[12]
    SLICE_X48Y105        LUT5 (Prop_lut5_I0_O)        0.329    38.422 r  vetrimodule/approxmd/linreg_plot/i___660_i_3/O
                         net (fo=1, routed)           0.000    38.422    vetrimodule/approxmd/linreg_plot/i___660_i_3_n_0
    SLICE_X48Y105        CARRY4 (Prop_carry4_S[1]_CO[3])
                                                      0.550    38.972 r  vetrimodule/approxmd/linreg_plot/slope1_inferred__0/i___660/CO[3]
                         net (fo=1, routed)           0.000    38.972    vetrimodule/approxmd/linreg_plot/slope1_inferred__0/i___660_n_0
    SLICE_X48Y106        CARRY4 (Prop_carry4_CI_CO[3])
                                                      0.114    39.086 r  vetrimodule/approxmd/linreg_plot/slope1_inferred__0/i___661/CO[3]
                         net (fo=1, routed)           0.000    39.086    vetrimodule/approxmd/linreg_plot/slope1_inferred__0/i___661_n_0
    SLICE_X48Y107        CARRY4 (Prop_carry4_CI_CO[3])
                                                      0.114    39.200 r  vetrimodule/approxmd/linreg_plot/slope1_inferred__0/i___662/CO[3]
                         net (fo=1, routed)           0.000    39.200    vetrimodule/approxmd/linreg_plot/slope1_inferred__0/i___662_n_0
    SLICE_X48Y108        CARRY4 (Prop_carry4_CI_CO[3])
                                                      0.114    39.314 r  vetrimodule/approxmd/linreg_plot/slope1_inferred__0/i___663/CO[3]
                         net (fo=1, routed)           0.000    39.314    vetrimodule/approxmd/linreg_plot/slope1_inferred__0/i___663_n_0
    SLICE_X48Y109        CARRY4 (Prop_carry4_CI_CO[3])
                                                      0.114    39.428 r  vetrimodule/approxmd/linreg_plot/slope1_inferred__0/i___664/CO[3]
                         net (fo=1, routed)           0.000    39.428    vetrimodule/approxmd/linreg_plot/slope1_inferred__0/i___664_n_0
    SLICE_X48Y110        CARRY4 (Prop_carry4_CI_CO[1])
                                                      0.157    39.585 r  vetrimodule/approxmd/linreg_plot/slope1_inferred__0/i___665/CO[1]
                         net (fo=29, routed)          0.774    40.358    vetrimodule/approxmd/linreg_plot/slope10_in[11]
    SLICE_X51Y105        LUT3 (Prop_lut3_I0_O)        0.329    40.687 r  vetrimodule/approxmd/linreg_plot/i___666_i_3/O
                         net (fo=1, routed)           0.000    40.687    vetrimodule/approxmd/linreg_plot/i___666_i_3_n_0
    SLICE_X51Y105        CARRY4 (Prop_carry4_S[1]_CO[3])
                                                      0.550    41.237 r  vetrimodule/approxmd/linreg_plot/slope1_inferred__0/i___666/CO[3]
                         net (fo=1, routed)           0.000    41.237    vetrimodule/approxmd/linreg_plot/slope1_inferred__0/i___666_n_0
    SLICE_X51Y106        CARRY4 (Prop_carry4_CI_CO[3])
                                                      0.114    41.351 r  vetrimodule/approxmd/linreg_plot/slope1_inferred__0/i___667/CO[3]
                         net (fo=1, routed)           0.000    41.351    vetrimodule/approxmd/linreg_plot/slope1_inferred__0/i___667_n_0
    SLICE_X51Y107        CARRY4 (Prop_carry4_CI_CO[3])
                                                      0.114    41.465 r  vetrimodule/approxmd/linreg_plot/slope1_inferred__0/i___668/CO[3]
                         net (fo=1, routed)           0.000    41.465    vetrimodule/approxmd/linreg_plot/slope1_inferred__0/i___668_n_0
    SLICE_X51Y108        CARRY4 (Prop_carry4_CI_CO[3])
                                                      0.114    41.579 r  vetrimodule/approxmd/linreg_plot/slope1_inferred__0/i___669/CO[3]
                         net (fo=1, routed)           0.000    41.579    vetrimodule/approxmd/linreg_plot/slope1_inferred__0/i___669_n_0
    SLICE_X51Y109        CARRY4 (Prop_carry4_CI_CO[3])
                                                      0.114    41.693 r  vetrimodule/approxmd/linreg_plot/slope1_inferred__0/i___670/CO[3]
                         net (fo=1, routed)           0.000    41.693    vetrimodule/approxmd/linreg_plot/slope1_inferred__0/i___670_n_0
    SLICE_X51Y110        CARRY4 (Prop_carry4_CI_CO[3])
                                                      0.114    41.807 r  vetrimodule/approxmd/linreg_plot/slope1_inferred__0/i___671/CO[3]
                         net (fo=1, routed)           0.000    41.807    vetrimodule/approxmd/linreg_plot/slope1_inferred__0/i___671_n_0
    SLICE_X51Y111        CARRY4 (Prop_carry4_CI_CO[1])
                                                      0.157    41.964 r  vetrimodule/approxmd/linreg_plot/slope1_inferred__0/i___672/CO[1]
                         net (fo=30, routed)          0.888    42.853    vetrimodule/approxmd/linreg_plot/slope10_in[10]
    SLICE_X55Y106        LUT2 (Prop_lut2_I1_O)        0.329    43.182 r  vetrimodule/approxmd/linreg_plot/i___673_i_4/O
                         net (fo=1, routed)           0.000    43.182    vetrimodule/approxmd/linreg_plot/i___673_i_4_n_0
    SLICE_X55Y106        CARRY4 (Prop_carry4_S[1]_CO[3])
                                                      0.550    43.732 r  vetrimodule/approxmd/linreg_plot/slope1_inferred__0/i___673/CO[3]
                         net (fo=1, routed)           0.000    43.732    vetrimodule/approxmd/linreg_plot/slope1_inferred__0/i___673_n_0
    SLICE_X55Y107        CARRY4 (Prop_carry4_CI_CO[3])
                                                      0.114    43.846 r  vetrimodule/approxmd/linreg_plot/slope1_inferred__0/i___674/CO[3]
                         net (fo=1, routed)           0.000    43.846    vetrimodule/approxmd/linreg_plot/slope1_inferred__0/i___674_n_0
    SLICE_X55Y108        CARRY4 (Prop_carry4_CI_CO[3])
                                                      0.114    43.960 r  vetrimodule/approxmd/linreg_plot/slope1_inferred__0/i___675/CO[3]
                         net (fo=1, routed)           0.000    43.960    vetrimodule/approxmd/linreg_plot/slope1_inferred__0/i___675_n_0
    SLICE_X55Y109        CARRY4 (Prop_carry4_CI_CO[3])
                                                      0.114    44.074 r  vetrimodule/approxmd/linreg_plot/slope1_inferred__0/i___676/CO[3]
                         net (fo=1, routed)           0.000    44.074    vetrimodule/approxmd/linreg_plot/slope1_inferred__0/i___676_n_0
    SLICE_X55Y110        CARRY4 (Prop_carry4_CI_CO[3])
                                                      0.114    44.188 r  vetrimodule/approxmd/linreg_plot/slope1_inferred__0/i___677/CO[3]
                         net (fo=1, routed)           0.000    44.188    vetrimodule/approxmd/linreg_plot/slope1_inferred__0/i___677_n_0
    SLICE_X55Y111        CARRY4 (Prop_carry4_CI_CO[3])
                                                      0.114    44.302 r  vetrimodule/approxmd/linreg_plot/slope1_inferred__0/i___678/CO[3]
                         net (fo=1, routed)           0.000    44.302    vetrimodule/approxmd/linreg_plot/slope1_inferred__0/i___678_n_0
    SLICE_X55Y112        CARRY4 (Prop_carry4_CI_CO[1])
                                                      0.157    44.459 r  vetrimodule/approxmd/linreg_plot/slope1_inferred__0/i___679/CO[1]
                         net (fo=30, routed)          0.699    45.158    vetrimodule/approxmd/linreg_plot/slope10_in[9]
    SLICE_X54Y110        LUT2 (Prop_lut2_I1_O)        0.329    45.487 r  vetrimodule/approxmd/linreg_plot/i___680_i_4/O
                         net (fo=1, routed)           0.000    45.487    vetrimodule/approxmd/linreg_plot/i___680_i_4_n_0
    SLICE_X54Y110        CARRY4 (Prop_carry4_S[1]_CO[3])
                                                      0.533    46.020 r  vetrimodule/approxmd/linreg_plot/slope1_inferred__0/i___680/CO[3]
                         net (fo=1, routed)           0.000    46.020    vetrimodule/approxmd/linreg_plot/slope1_inferred__0/i___680_n_0
    SLICE_X54Y111        CARRY4 (Prop_carry4_CI_CO[3])
                                                      0.117    46.137 r  vetrimodule/approxmd/linreg_plot/slope1_inferred__0/i___681/CO[3]
                         net (fo=1, routed)           0.000    46.137    vetrimodule/approxmd/linreg_plot/slope1_inferred__0/i___681_n_0
    SLICE_X54Y112        CARRY4 (Prop_carry4_CI_CO[3])
                                                      0.117    46.254 r  vetrimodule/approxmd/linreg_plot/slope1_inferred__0/i___682/CO[3]
                         net (fo=1, routed)           0.000    46.254    vetrimodule/approxmd/linreg_plot/slope1_inferred__0/i___682_n_0
    SLICE_X54Y113        CARRY4 (Prop_carry4_CI_CO[3])
                                                      0.117    46.371 r  vetrimodule/approxmd/linreg_plot/slope1_inferred__0/i___683/CO[3]
                         net (fo=1, routed)           0.000    46.371    vetrimodule/approxmd/linreg_plot/slope1_inferred__0/i___683_n_0
    SLICE_X54Y114        CARRY4 (Prop_carry4_CI_CO[3])
                                                      0.117    46.488 r  vetrimodule/approxmd/linreg_plot/slope1_inferred__0/i___684/CO[3]
                         net (fo=1, routed)           0.000    46.488    vetrimodule/approxmd/linreg_plot/slope1_inferred__0/i___684_n_0
    SLICE_X54Y115        CARRY4 (Prop_carry4_CI_CO[3])
                                                      0.117    46.605 r  vetrimodule/approxmd/linreg_plot/slope1_inferred__0/i___685/CO[3]
                         net (fo=1, routed)           0.000    46.605    vetrimodule/approxmd/linreg_plot/slope1_inferred__0/i___685_n_0
    SLICE_X54Y116        CARRY4 (Prop_carry4_CI_CO[1])
                                                      0.157    46.762 r  vetrimodule/approxmd/linreg_plot/slope1_inferred__0/i___686/CO[1]
                         net (fo=30, routed)          1.067    47.829    vetrimodule/approxmd/linreg_plot/slope10_in[8]
    SLICE_X52Y109        CARRY4 (Prop_carry4_CYINIT_CO[3])
                                                      0.803    48.632 r  vetrimodule/approxmd/linreg_plot/slope1_inferred__0/i___687/CO[3]
                         net (fo=1, routed)           0.000    48.632    vetrimodule/approxmd/linreg_plot/slope1_inferred__0/i___687_n_0
    SLICE_X52Y110        CARRY4 (Prop_carry4_CI_CO[3])
                                                      0.117    48.749 r  vetrimodule/approxmd/linreg_plot/slope1_inferred__0/i___688/CO[3]
                         net (fo=1, routed)           0.000    48.749    vetrimodule/approxmd/linreg_plot/slope1_inferred__0/i___688_n_0
    SLICE_X52Y111        CARRY4 (Prop_carry4_CI_CO[3])
                                                      0.117    48.866 r  vetrimodule/approxmd/linreg_plot/slope1_inferred__0/i___689/CO[3]
                         net (fo=1, routed)           0.000    48.866    vetrimodule/approxmd/linreg_plot/slope1_inferred__0/i___689_n_0
    SLICE_X52Y112        CARRY4 (Prop_carry4_CI_CO[3])
                                                      0.117    48.983 r  vetrimodule/approxmd/linreg_plot/slope1_inferred__0/i___690/CO[3]
                         net (fo=1, routed)           0.000    48.983    vetrimodule/approxmd/linreg_plot/slope1_inferred__0/i___690_n_0
    SLICE_X52Y113        CARRY4 (Prop_carry4_CI_CO[3])
                                                      0.117    49.100 r  vetrimodule/approxmd/linreg_plot/slope1_inferred__0/i___691/CO[3]
                         net (fo=1, routed)           0.000    49.100    vetrimodule/approxmd/linreg_plot/slope1_inferred__0/i___691_n_0
    SLICE_X52Y114        CARRY4 (Prop_carry4_CI_CO[3])
                                                      0.117    49.217 r  vetrimodule/approxmd/linreg_plot/slope1_inferred__0/i___692/CO[3]
                         net (fo=1, routed)           0.000    49.217    vetrimodule/approxmd/linreg_plot/slope1_inferred__0/i___692_n_0
    SLICE_X52Y115        CARRY4 (Prop_carry4_CI_CO[1])
                                                      0.157    49.374 r  vetrimodule/approxmd/linreg_plot/slope1_inferred__0/i___693/CO[1]
                         net (fo=30, routed)          1.023    50.396    vetrimodule/approxmd/linreg_plot/slope10_in[7]
    SLICE_X53Y106        LUT2 (Prop_lut2_I1_O)        0.332    50.729 r  vetrimodule/approxmd/linreg_plot/i___694_i_4/O
                         net (fo=1, routed)           0.000    50.729    vetrimodule/approxmd/linreg_plot/i___694_i_4_n_0
    SLICE_X53Y106        CARRY4 (Prop_carry4_S[1]_CO[3])
                                                      0.550    51.278 r  vetrimodule/approxmd/linreg_plot/slope1_inferred__0/i___694/CO[3]
                         net (fo=1, routed)           0.000    51.278    vetrimodule/approxmd/linreg_plot/slope1_inferred__0/i___694_n_0
    SLICE_X53Y107        CARRY4 (Prop_carry4_CI_CO[3])
                                                      0.114    51.392 r  vetrimodule/approxmd/linreg_plot/slope1_inferred__0/i___695/CO[3]
                         net (fo=1, routed)           0.000    51.392    vetrimodule/approxmd/linreg_plot/slope1_inferred__0/i___695_n_0
    SLICE_X53Y108        CARRY4 (Prop_carry4_CI_CO[3])
                                                      0.114    51.506 r  vetrimodule/approxmd/linreg_plot/slope1_inferred__0/i___696/CO[3]
                         net (fo=1, routed)           0.000    51.506    vetrimodule/approxmd/linreg_plot/slope1_inferred__0/i___696_n_0
    SLICE_X53Y109        CARRY4 (Prop_carry4_CI_CO[3])
                                                      0.114    51.620 r  vetrimodule/approxmd/linreg_plot/slope1_inferred__0/i___697/CO[3]
                         net (fo=1, routed)           0.000    51.620    vetrimodule/approxmd/linreg_plot/slope1_inferred__0/i___697_n_0
    SLICE_X53Y110        CARRY4 (Prop_carry4_CI_CO[3])
                                                      0.114    51.734 r  vetrimodule/approxmd/linreg_plot/slope1_inferred__0/i___698/CO[3]
                         net (fo=1, routed)           0.000    51.734    vetrimodule/approxmd/linreg_plot/slope1_inferred__0/i___698_n_0
    SLICE_X53Y111        CARRY4 (Prop_carry4_CI_CO[3])
                                                      0.114    51.848 r  vetrimodule/approxmd/linreg_plot/slope1_inferred__0/i___699/CO[3]
                         net (fo=1, routed)           0.000    51.848    vetrimodule/approxmd/linreg_plot/slope1_inferred__0/i___699_n_0
    SLICE_X53Y112        CARRY4 (Prop_carry4_CI_CO[1])
                                                      0.157    52.005 r  vetrimodule/approxmd/linreg_plot/slope1_inferred__0/i___700/CO[1]
                         net (fo=30, routed)          0.679    52.684    vetrimodule/approxmd/linreg_plot/slope10_in[6]
    SLICE_X53Y114        LUT2 (Prop_lut2_I1_O)        0.329    53.013 r  vetrimodule/approxmd/linreg_plot/i___701_i_4/O
                         net (fo=1, routed)           0.000    53.013    vetrimodule/approxmd/linreg_plot/i___701_i_4_n_0
    SLICE_X53Y114        CARRY4 (Prop_carry4_S[1]_CO[3])
                                                      0.550    53.563 r  vetrimodule/approxmd/linreg_plot/slope1_inferred__0/i___701/CO[3]
                         net (fo=1, routed)           0.000    53.563    vetrimodule/approxmd/linreg_plot/slope1_inferred__0/i___701_n_0
    SLICE_X53Y115        CARRY4 (Prop_carry4_CI_CO[3])
                                                      0.114    53.677 r  vetrimodule/approxmd/linreg_plot/slope1_inferred__0/i___702/CO[3]
                         net (fo=1, routed)           0.000    53.677    vetrimodule/approxmd/linreg_plot/slope1_inferred__0/i___702_n_0
    SLICE_X53Y116        CARRY4 (Prop_carry4_CI_CO[3])
                                                      0.114    53.791 r  vetrimodule/approxmd/linreg_plot/slope1_inferred__0/i___703/CO[3]
                         net (fo=1, routed)           0.000    53.791    vetrimodule/approxmd/linreg_plot/slope1_inferred__0/i___703_n_0
    SLICE_X53Y117        CARRY4 (Prop_carry4_CI_CO[3])
                                                      0.114    53.905 r  vetrimodule/approxmd/linreg_plot/slope1_inferred__0/i___704/CO[3]
                         net (fo=1, routed)           0.000    53.905    vetrimodule/approxmd/linreg_plot/slope1_inferred__0/i___704_n_0
    SLICE_X53Y118        CARRY4 (Prop_carry4_CI_CO[3])
                                                      0.114    54.019 r  vetrimodule/approxmd/linreg_plot/slope1_inferred__0/i___705/CO[3]
                         net (fo=1, routed)           0.000    54.019    vetrimodule/approxmd/linreg_plot/slope1_inferred__0/i___705_n_0
    SLICE_X53Y119        CARRY4 (Prop_carry4_CI_CO[3])
                                                      0.114    54.133 r  vetrimodule/approxmd/linreg_plot/slope1_inferred__0/i___706/CO[3]
                         net (fo=1, routed)           0.000    54.133    vetrimodule/approxmd/linreg_plot/slope1_inferred__0/i___706_n_0
    SLICE_X53Y120        CARRY4 (Prop_carry4_CI_CO[1])
                                                      0.157    54.290 r  vetrimodule/approxmd/linreg_plot/slope1_inferred__0/i___707/CO[1]
                         net (fo=30, routed)          0.883    55.174    vetrimodule/approxmd/linreg_plot/slope10_in[5]
    SLICE_X52Y117        LUT2 (Prop_lut2_I1_O)        0.329    55.503 r  vetrimodule/approxmd/linreg_plot/i___708_i_4/O
                         net (fo=1, routed)           0.000    55.503    vetrimodule/approxmd/linreg_plot/i___708_i_4_n_0
    SLICE_X52Y117        CARRY4 (Prop_carry4_S[1]_CO[3])
                                                      0.533    56.036 r  vetrimodule/approxmd/linreg_plot/slope1_inferred__0/i___708/CO[3]
                         net (fo=1, routed)           0.000    56.036    vetrimodule/approxmd/linreg_plot/slope1_inferred__0/i___708_n_0
    SLICE_X52Y118        CARRY4 (Prop_carry4_CI_CO[3])
                                                      0.117    56.153 r  vetrimodule/approxmd/linreg_plot/slope1_inferred__0/i___709/CO[3]
                         net (fo=1, routed)           0.000    56.153    vetrimodule/approxmd/linreg_plot/slope1_inferred__0/i___709_n_0
    SLICE_X52Y119        CARRY4 (Prop_carry4_CI_CO[3])
                                                      0.117    56.270 r  vetrimodule/approxmd/linreg_plot/slope1_inferred__0/i___710/CO[3]
                         net (fo=1, routed)           0.000    56.270    vetrimodule/approxmd/linreg_plot/slope1_inferred__0/i___710_n_0
    SLICE_X52Y120        CARRY4 (Prop_carry4_CI_CO[3])
                                                      0.117    56.387 r  vetrimodule/approxmd/linreg_plot/slope1_inferred__0/i___711/CO[3]
                         net (fo=1, routed)           0.000    56.387    vetrimodule/approxmd/linreg_plot/slope1_inferred__0/i___711_n_0
    SLICE_X52Y121        CARRY4 (Prop_carry4_CI_CO[3])
                                                      0.117    56.504 r  vetrimodule/approxmd/linreg_plot/slope1_inferred__0/i___712/CO[3]
                         net (fo=1, routed)           0.000    56.504    vetrimodule/approxmd/linreg_plot/slope1_inferred__0/i___712_n_0
    SLICE_X52Y122        CARRY4 (Prop_carry4_CI_CO[3])
                                                      0.117    56.621 r  vetrimodule/approxmd/linreg_plot/slope1_inferred__0/i___713/CO[3]
                         net (fo=1, routed)           0.000    56.621    vetrimodule/approxmd/linreg_plot/slope1_inferred__0/i___713_n_0
    SLICE_X52Y123        CARRY4 (Prop_carry4_CI_CO[1])
                                                      0.157    56.778 r  vetrimodule/approxmd/linreg_plot/slope1_inferred__0/i___714/CO[1]
                         net (fo=30, routed)          0.940    57.718    vetrimodule/approxmd/linreg_plot/slope10_in[4]
    SLICE_X50Y118        LUT2 (Prop_lut2_I1_O)        0.332    58.050 r  vetrimodule/approxmd/linreg_plot/i___715_i_4/O
                         net (fo=1, routed)           0.000    58.050    vetrimodule/approxmd/linreg_plot/i___715_i_4_n_0
    SLICE_X50Y118        CARRY4 (Prop_carry4_S[1]_CO[3])
                                                      0.533    58.583 r  vetrimodule/approxmd/linreg_plot/slope1_inferred__0/i___715/CO[3]
                         net (fo=1, routed)           0.000    58.583    vetrimodule/approxmd/linreg_plot/slope1_inferred__0/i___715_n_0
    SLICE_X50Y119        CARRY4 (Prop_carry4_CI_CO[3])
                                                      0.117    58.700 r  vetrimodule/approxmd/linreg_plot/slope1_inferred__0/i___716/CO[3]
                         net (fo=1, routed)           0.000    58.700    vetrimodule/approxmd/linreg_plot/slope1_inferred__0/i___716_n_0
    SLICE_X50Y120        CARRY4 (Prop_carry4_CI_CO[3])
                                                      0.117    58.817 r  vetrimodule/approxmd/linreg_plot/slope1_inferred__0/i___717/CO[3]
                         net (fo=1, routed)           0.000    58.817    vetrimodule/approxmd/linreg_plot/slope1_inferred__0/i___717_n_0
    SLICE_X50Y121        CARRY4 (Prop_carry4_CI_CO[3])
                                                      0.117    58.934 r  vetrimodule/approxmd/linreg_plot/slope1_inferred__0/i___718/CO[3]
                         net (fo=1, routed)           0.000    58.934    vetrimodule/approxmd/linreg_plot/slope1_inferred__0/i___718_n_0
    SLICE_X50Y122        CARRY4 (Prop_carry4_CI_CO[3])
                                                      0.117    59.051 r  vetrimodule/approxmd/linreg_plot/slope1_inferred__0/i___719/CO[3]
                         net (fo=1, routed)           0.000    59.051    vetrimodule/approxmd/linreg_plot/slope1_inferred__0/i___719_n_0
    SLICE_X50Y123        CARRY4 (Prop_carry4_CI_CO[3])
                                                      0.117    59.168 r  vetrimodule/approxmd/linreg_plot/slope1_inferred__0/i___720/CO[3]
                         net (fo=1, routed)           0.000    59.168    vetrimodule/approxmd/linreg_plot/slope1_inferred__0/i___720_n_0
    SLICE_X50Y124        CARRY4 (Prop_carry4_CI_CO[1])
                                                      0.157    59.325 r  vetrimodule/approxmd/linreg_plot/slope1_inferred__0/i___721/CO[1]
                         net (fo=30, routed)          1.042    60.366    vetrimodule/approxmd/linreg_plot/slope10_in[3]
    SLICE_X56Y119        LUT2 (Prop_lut2_I1_O)        0.332    60.698 r  vetrimodule/approxmd/linreg_plot/i___722_i_4/O
                         net (fo=1, routed)           0.000    60.698    vetrimodule/approxmd/linreg_plot/i___722_i_4_n_0
    SLICE_X56Y119        CARRY4 (Prop_carry4_S[1]_CO[3])
                                                      0.533    61.231 r  vetrimodule/approxmd/linreg_plot/slope1_inferred__0/i___722/CO[3]
                         net (fo=1, routed)           0.000    61.231    vetrimodule/approxmd/linreg_plot/slope1_inferred__0/i___722_n_0
    SLICE_X56Y120        CARRY4 (Prop_carry4_CI_CO[3])
                                                      0.117    61.348 r  vetrimodule/approxmd/linreg_plot/slope1_inferred__0/i___723/CO[3]
                         net (fo=1, routed)           0.000    61.348    vetrimodule/approxmd/linreg_plot/slope1_inferred__0/i___723_n_0
    SLICE_X56Y121        CARRY4 (Prop_carry4_CI_CO[3])
                                                      0.117    61.465 r  vetrimodule/approxmd/linreg_plot/slope1_inferred__0/i___724/CO[3]
                         net (fo=1, routed)           0.000    61.465    vetrimodule/approxmd/linreg_plot/slope1_inferred__0/i___724_n_0
    SLICE_X56Y122        CARRY4 (Prop_carry4_CI_CO[3])
                                                      0.117    61.582 r  vetrimodule/approxmd/linreg_plot/slope1_inferred__0/i___725/CO[3]
                         net (fo=1, routed)           0.000    61.582    vetrimodule/approxmd/linreg_plot/slope1_inferred__0/i___725_n_0
    SLICE_X56Y123        CARRY4 (Prop_carry4_CI_CO[3])
                                                      0.117    61.699 r  vetrimodule/approxmd/linreg_plot/slope1_inferred__0/i___726/CO[3]
                         net (fo=1, routed)           0.000    61.699    vetrimodule/approxmd/linreg_plot/slope1_inferred__0/i___726_n_0
    SLICE_X56Y124        CARRY4 (Prop_carry4_CI_CO[3])
                                                      0.117    61.816 r  vetrimodule/approxmd/linreg_plot/slope1_inferred__0/i___727/CO[3]
                         net (fo=1, routed)           0.009    61.825    vetrimodule/approxmd/linreg_plot/slope1_inferred__0/i___727_n_0
    SLICE_X56Y125        CARRY4 (Prop_carry4_CI_CO[1])
                                                      0.157    61.982 r  vetrimodule/approxmd/linreg_plot/slope1_inferred__0/i___728/CO[1]
                         net (fo=30, routed)          0.945    62.928    vetrimodule/approxmd/linreg_plot/slope10_in[2]
    SLICE_X57Y118        LUT2 (Prop_lut2_I1_O)        0.332    63.260 r  vetrimodule/approxmd/linreg_plot/i___729_i_4/O
                         net (fo=1, routed)           0.000    63.260    vetrimodule/approxmd/linreg_plot/i___729_i_4_n_0
    SLICE_X57Y118        CARRY4 (Prop_carry4_S[1]_CO[3])
                                                      0.550    63.810 r  vetrimodule/approxmd/linreg_plot/slope1_inferred__0/i___729/CO[3]
                         net (fo=1, routed)           0.000    63.810    vetrimodule/approxmd/linreg_plot/slope1_inferred__0/i___729_n_0
    SLICE_X57Y119        CARRY4 (Prop_carry4_CI_CO[3])
                                                      0.114    63.924 r  vetrimodule/approxmd/linreg_plot/slope1_inferred__0/i___730/CO[3]
                         net (fo=1, routed)           0.000    63.924    vetrimodule/approxmd/linreg_plot/slope1_inferred__0/i___730_n_0
    SLICE_X57Y120        CARRY4 (Prop_carry4_CI_CO[3])
                                                      0.114    64.038 r  vetrimodule/approxmd/linreg_plot/slope1_inferred__0/i___731/CO[3]
                         net (fo=1, routed)           0.000    64.038    vetrimodule/approxmd/linreg_plot/slope1_inferred__0/i___731_n_0
    SLICE_X57Y121        CARRY4 (Prop_carry4_CI_CO[3])
                                                      0.114    64.152 r  vetrimodule/approxmd/linreg_plot/slope1_inferred__0/i___732/CO[3]
                         net (fo=1, routed)           0.000    64.152    vetrimodule/approxmd/linreg_plot/slope1_inferred__0/i___732_n_0
    SLICE_X57Y122        CARRY4 (Prop_carry4_CI_CO[3])
                                                      0.114    64.266 r  vetrimodule/approxmd/linreg_plot/slope1_inferred__0/i___733/CO[3]
                         net (fo=1, routed)           0.000    64.266    vetrimodule/approxmd/linreg_plot/slope1_inferred__0/i___733_n_0
    SLICE_X57Y123        CARRY4 (Prop_carry4_CI_CO[3])
                                                      0.114    64.380 r  vetrimodule/approxmd/linreg_plot/slope1_inferred__0/i___734/CO[3]
                         net (fo=1, routed)           0.000    64.380    vetrimodule/approxmd/linreg_plot/slope1_inferred__0/i___734_n_0
    SLICE_X57Y124        CARRY4 (Prop_carry4_CI_CO[1])
                                                      0.157    64.537 r  vetrimodule/approxmd/linreg_plot/slope1_inferred__0/i___735/CO[1]
                         net (fo=30, routed)          0.921    65.458    vetrimodule/approxmd/linreg_plot/slope10_in[1]
    SLICE_X55Y118        LUT2 (Prop_lut2_I1_O)        0.329    65.787 r  vetrimodule/approxmd/linreg_plot/i___736_i_5/O
                         net (fo=1, routed)           0.000    65.787    vetrimodule/approxmd/linreg_plot/i___736_i_5_n_0
    SLICE_X55Y118        CARRY4 (Prop_carry4_S[0]_CO[3])
                                                      0.532    66.319 r  vetrimodule/approxmd/linreg_plot/slope1_inferred__0/i___736/CO[3]
                         net (fo=1, routed)           0.000    66.319    vetrimodule/approxmd/linreg_plot/slope1_inferred__0/i___736_n_0
    SLICE_X55Y119        CARRY4 (Prop_carry4_CI_CO[3])
                                                      0.114    66.433 r  vetrimodule/approxmd/linreg_plot/slope1_inferred__0/i___737/CO[3]
                         net (fo=1, routed)           0.000    66.433    vetrimodule/approxmd/linreg_plot/slope1_inferred__0/i___737_n_0
    SLICE_X55Y120        CARRY4 (Prop_carry4_CI_CO[3])
                                                      0.114    66.547 r  vetrimodule/approxmd/linreg_plot/slope1_inferred__0/i___738/CO[3]
                         net (fo=1, routed)           0.000    66.547    vetrimodule/approxmd/linreg_plot/slope1_inferred__0/i___738_n_0
    SLICE_X55Y121        CARRY4 (Prop_carry4_CI_CO[3])
                                                      0.114    66.661 r  vetrimodule/approxmd/linreg_plot/slope1_inferred__0/i___739/CO[3]
                         net (fo=1, routed)           0.000    66.661    vetrimodule/approxmd/linreg_plot/slope1_inferred__0/i___739_n_0
    SLICE_X55Y122        CARRY4 (Prop_carry4_CI_CO[3])
                                                      0.114    66.775 r  vetrimodule/approxmd/linreg_plot/slope1_inferred__0/i___740/CO[3]
                         net (fo=1, routed)           0.000    66.775    vetrimodule/approxmd/linreg_plot/slope1_inferred__0/i___740_n_0
    SLICE_X55Y123        CARRY4 (Prop_carry4_CI_CO[3])
                                                      0.114    66.889 r  vetrimodule/approxmd/linreg_plot/slope1_inferred__0/i___741/CO[3]
                         net (fo=1, routed)           0.000    66.889    vetrimodule/approxmd/linreg_plot/slope1_inferred__0/i___741_n_0
    SLICE_X55Y124        CARRY4 (Prop_carry4_CI_CO[0])
                                                      0.271    67.160 f  vetrimodule/approxmd/linreg_plot/slope1_inferred__0/i___742/CO[0]
                         net (fo=2, routed)           0.369    67.529    vetrimodule/approxmd/linreg_plot/slope10_in[0]
    SLICE_X57Y125        LUT1 (Prop_lut1_I0_O)        0.373    67.902 r  vetrimodule/approxmd/linreg_plot/slope[4]_i_3/O
                         net (fo=1, routed)           0.384    68.286    vetrimodule/approxmd/linreg_plot/slope[4]_i_3_n_0
    SLICE_X54Y124        CARRY4 (Prop_carry4_CYINIT_CO[3])
                                                      0.595    68.881 r  vetrimodule/approxmd/linreg_plot/slope_reg[4]_i_2/CO[3]
                         net (fo=1, routed)           0.009    68.890    vetrimodule/approxmd/linreg_plot/slope_reg[4]_i_2_n_0
    SLICE_X54Y125        CARRY4 (Prop_carry4_CI_CO[3])
                                                      0.117    69.007 r  vetrimodule/approxmd/linreg_plot/slope_reg[8]_i_2/CO[3]
                         net (fo=1, routed)           0.000    69.007    vetrimodule/approxmd/linreg_plot/slope_reg[8]_i_2_n_0
    SLICE_X54Y126        CARRY4 (Prop_carry4_CI_CO[3])
                                                      0.117    69.124 r  vetrimodule/approxmd/linreg_plot/slope_reg[12]_i_2/CO[3]
                         net (fo=1, routed)           0.000    69.124    vetrimodule/approxmd/linreg_plot/slope_reg[12]_i_2_n_0
    SLICE_X54Y127        CARRY4 (Prop_carry4_CI_CO[3])
                                                      0.117    69.241 r  vetrimodule/approxmd/linreg_plot/slope_reg[16]_i_2/CO[3]
                         net (fo=1, routed)           0.000    69.241    vetrimodule/approxmd/linreg_plot/slope_reg[16]_i_2_n_0
    SLICE_X54Y128        CARRY4 (Prop_carry4_CI_O[3])
                                                      0.315    69.556 r  vetrimodule/approxmd/linreg_plot/slope_reg[20]_i_2/O[3]
                         net (fo=1, routed)           0.466    70.022    vetrimodule/approxmd/linreg_plot/slope1[20]
    SLICE_X56Y130        LUT5 (Prop_lut5_I4_O)        0.307    70.329 r  vetrimodule/approxmd/linreg_plot/slope[20]_i_1/O
                         net (fo=1, routed)           0.000    70.329    vetrimodule/approxmd/linreg_plot/slope[20]
    SLICE_X56Y130        FDCE                                         r  vetrimodule/approxmd/linreg_plot/slope_reg[20]/D
  -------------------------------------------------------------------    -------------------

                         (clock sys_clk_pin rise edge)
                                                     10.000    10.000 r  
    W5                                                0.000    10.000 r  CLOCK (IN)
                         net (fo=0)                   0.000    10.000    CLOCK
    W5                   IBUF (Prop_ibuf_I_O)         1.388    11.388 r  CLOCK_IBUF_inst/O
                         net (fo=1, routed)           1.862    13.250    CLOCK_IBUF
    BUFGCTRL_X0Y0        BUFG (Prop_bufg_I_O)         0.091    13.341 r  CLOCK_IBUF_BUFG_inst/O
                         net (fo=4568, routed)        1.602    14.943    vetrimodule/approxmd/linreg_plot/CLOCK_IBUF_BUFG
    SLICE_X56Y130        FDCE                                         r  vetrimodule/approxmd/linreg_plot/slope_reg[20]/C
                         clock pessimism              0.187    15.130    
                         clock uncertainty           -0.035    15.095    
    SLICE_X56Y130        FDCE (Setup_fdce_C_D)        0.079    15.174    vetrimodule/approxmd/linreg_plot/slope_reg[20]
  -------------------------------------------------------------------
                         required time                         15.174    
                         arrival time                         -70.329    
  -------------------------------------------------------------------
                         slack                                -55.156    

Slack (VIOLATED) :        -55.051ns  (required time - arrival time)
  Source:                 vetrimodule/approxmd/linreg_plot/temp2_reg[0]/C
                            (rising edge-triggered cell FDCE clocked by sys_clk_pin  {rise@0.000ns fall@5.000ns period=10.000ns})
  Destination:            vetrimodule/approxmd/linreg_plot/slope_reg[17]/D
                            (rising edge-triggered cell FDCE clocked by sys_clk_pin  {rise@0.000ns fall@5.000ns period=10.000ns})
  Path Group:             sys_clk_pin
  Path Type:              Setup (Max at Slow Process Corner)
  Requirement:            10.000ns  (sys_clk_pin rise@10.000ns - sys_clk_pin rise@0.000ns)
  Data Path Delay:        65.083ns  (logic 41.826ns (64.265%)  route 23.257ns (35.735%))
  Logic Levels:           199  (CARRY4=173 LUT1=2 LUT2=10 LUT3=1 LUT4=1 LUT5=12)
  Clock Path Skew:        -0.013ns (DCD - SCD + CPR)
    Destination Clock Delay (DCD):    4.943ns = ( 14.943 - 10.000 ) 
    Source Clock Delay      (SCD):    5.143ns
    Clock Pessimism Removal (CPR):    0.187ns
  Clock Uncertainty:      0.035ns  ((TSJ^2 + TIJ^2)^1/2 + DJ) / 2 + PE
    Total System Jitter     (TSJ):    0.071ns
    Total Input Jitter      (TIJ):    0.000ns
    Discrete Jitter          (DJ):    0.000ns
    Phase Error              (PE):    0.000ns

    Location             Delay type                Incr(ns)  Path(ns)    Netlist Resource(s)
  -------------------------------------------------------------------    -------------------
                         (clock sys_clk_pin rise edge)
                                                      0.000     0.000 r  
    W5                                                0.000     0.000 r  CLOCK (IN)
                         net (fo=0)                   0.000     0.000    CLOCK
    W5                   IBUF (Prop_ibuf_I_O)         1.458     1.458 r  CLOCK_IBUF_inst/O
                         net (fo=1, routed)           1.967     3.425    CLOCK_IBUF
    BUFGCTRL_X0Y0        BUFG (Prop_bufg_I_O)         0.096     3.521 r  CLOCK_IBUF_BUFG_inst/O
                         net (fo=4568, routed)        1.622     5.143    vetrimodule/approxmd/linreg_plot/CLOCK_IBUF_BUFG
    SLICE_X58Y88         FDCE                                         r  vetrimodule/approxmd/linreg_plot/temp2_reg[0]/C
  -------------------------------------------------------------------    -------------------
    SLICE_X58Y88         FDCE (Prop_fdce_C_Q)         0.456     5.599 f  vetrimodule/approxmd/linreg_plot/temp2_reg[0]/Q
                         net (fo=36, routed)          0.301     5.900    vetrimodule/approxmd/linreg_plot/temp2[0]
    SLICE_X59Y88         LUT1 (Prop_lut1_I0_O)        0.124     6.024 r  vetrimodule/approxmd/linreg_plot/slope20_carry_i_1/O
                         net (fo=1, routed)           0.336     6.360    vetrimodule/approxmd/linreg_plot/slope20_carry_i_1_n_0
    SLICE_X58Y87         CARRY4 (Prop_carry4_CYINIT_CO[3])
                                                      0.580     6.940 r  vetrimodule/approxmd/linreg_plot/slope20_carry/CO[3]
                         net (fo=1, routed)           0.000     6.940    vetrimodule/approxmd/linreg_plot/slope20_carry_n_0
    SLICE_X58Y88         CARRY4 (Prop_carry4_CI_CO[3])
                                                      0.114     7.054 r  vetrimodule/approxmd/linreg_plot/slope20_carry__0/CO[3]
                         net (fo=1, routed)           0.000     7.054    vetrimodule/approxmd/linreg_plot/slope20_carry__0_n_0
    SLICE_X58Y89         CARRY4 (Prop_carry4_CI_CO[3])
                                                      0.114     7.168 r  vetrimodule/approxmd/linreg_plot/slope20_carry__1/CO[3]
                         net (fo=1, routed)           0.000     7.168    vetrimodule/approxmd/linreg_plot/slope20_carry__1_n_0
    SLICE_X58Y90         CARRY4 (Prop_carry4_CI_CO[0])
                                                      0.271     7.439 r  vetrimodule/approxmd/linreg_plot/i___578_i_9/CO[0]
                         net (fo=275, routed)         0.976     8.415    vetrimodule/approxmd/linreg_plot/i___578_i_9_n_3
    SLICE_X58Y94         LUT2 (Prop_lut2_I0_O)        0.373     8.788 r  vetrimodule/approxmd/linreg_plot/i___578_i_7/O
                         net (fo=1, routed)           0.000     8.788    vetrimodule/approxmd/linreg_plot/i___578_i_7_n_0
    SLICE_X58Y94         CARRY4 (Prop_carry4_S[1]_CO[3])
                                                      0.550     9.338 r  vetrimodule/approxmd/linreg_plot/slope1_inferred__0/i___578/CO[3]
                         net (fo=1, routed)           0.000     9.338    vetrimodule/approxmd/linreg_plot/slope1_inferred__0/i___578_n_0
    SLICE_X58Y95         CARRY4 (Prop_carry4_CI_CO[3])
                                                      0.114     9.452 r  vetrimodule/approxmd/linreg_plot/slope1_inferred__0/i___579/CO[3]
                         net (fo=1, routed)           0.000     9.452    vetrimodule/approxmd/linreg_plot/slope1_inferred__0/i___579_n_0
    SLICE_X58Y96         CARRY4 (Prop_carry4_CI_CO[3])
                                                      0.114     9.566 r  vetrimodule/approxmd/linreg_plot/slope1_inferred__0/i___580/CO[3]
                         net (fo=1, routed)           0.000     9.566    vetrimodule/approxmd/linreg_plot/slope1_inferred__0/i___580_n_0
    SLICE_X58Y97         CARRY4 (Prop_carry4_CI_CO[0])
                                                      0.271     9.837 r  vetrimodule/approxmd/linreg_plot/slope1_inferred__0/i___581/CO[0]
                         net (fo=27, routed)          0.923    10.760    vetrimodule/approxmd/linreg_plot/slope1_inferred__0/i___581_n_3
    SLICE_X59Y90         LUT4 (Prop_lut4_I0_O)        0.373    11.133 r  vetrimodule/approxmd/linreg_plot/i___582_i_4/O
                         net (fo=1, routed)           0.000    11.133    vetrimodule/approxmd/linreg_plot/i___582_i_4_n_0
    SLICE_X59Y90         CARRY4 (Prop_carry4_S[1]_CO[3])
                                                      0.550    11.683 r  vetrimodule/approxmd/linreg_plot/slope1_inferred__0/i___582/CO[3]
                         net (fo=1, routed)           0.000    11.683    vetrimodule/approxmd/linreg_plot/slope1_inferred__0/i___582_n_0
    SLICE_X59Y91         CARRY4 (Prop_carry4_CI_CO[3])
                                                      0.114    11.797 r  vetrimodule/approxmd/linreg_plot/slope1_inferred__0/i___583/CO[3]
                         net (fo=1, routed)           0.000    11.797    vetrimodule/approxmd/linreg_plot/slope1_inferred__0/i___583_n_0
    SLICE_X59Y92         CARRY4 (Prop_carry4_CI_CO[3])
                                                      0.114    11.911 r  vetrimodule/approxmd/linreg_plot/slope1_inferred__0/i___584/CO[3]
                         net (fo=1, routed)           0.000    11.911    vetrimodule/approxmd/linreg_plot/slope1_inferred__0/i___584_n_0
    SLICE_X59Y93         CARRY4 (Prop_carry4_CI_CO[3])
                                                      0.114    12.025 r  vetrimodule/approxmd/linreg_plot/slope1_inferred__0/i___585/CO[3]
                         net (fo=1, routed)           0.000    12.025    vetrimodule/approxmd/linreg_plot/slope1_inferred__0/i___585_n_0
    SLICE_X59Y94         CARRY4 (Prop_carry4_CI_CO[3])
                                                      0.114    12.139 r  vetrimodule/approxmd/linreg_plot/slope1_inferred__0/i___586/CO[3]
                         net (fo=1, routed)           0.000    12.139    vetrimodule/approxmd/linreg_plot/slope1_inferred__0/i___586_n_0
    SLICE_X59Y95         CARRY4 (Prop_carry4_CI_CO[3])
                                                      0.114    12.253 r  vetrimodule/approxmd/linreg_plot/slope1_inferred__0/i___587/CO[3]
                         net (fo=1, routed)           0.000    12.253    vetrimodule/approxmd/linreg_plot/slope1_inferred__0/i___587_n_0
    SLICE_X59Y96         CARRY4 (Prop_carry4_CI_CO[1])
                                                      0.157    12.410 r  vetrimodule/approxmd/linreg_plot/slope1_inferred__0/i___588/CO[1]
                         net (fo=27, routed)          1.093    13.502    vetrimodule/approxmd/linreg_plot/slope1_inferred__0/i___588_n_2
    SLICE_X57Y89         LUT5 (Prop_lut5_I0_O)        0.329    13.831 r  vetrimodule/approxmd/linreg_plot/i___589_i_4/O
                         net (fo=1, routed)           0.000    13.831    vetrimodule/approxmd/linreg_plot/i___589_i_4_n_0
    SLICE_X57Y89         CARRY4 (Prop_carry4_S[1]_CO[3])
                                                      0.550    14.381 r  vetrimodule/approxmd/linreg_plot/slope1_inferred__0/i___589/CO[3]
                         net (fo=1, routed)           0.000    14.381    vetrimodule/approxmd/linreg_plot/slope1_inferred__0/i___589_n_0
    SLICE_X57Y90         CARRY4 (Prop_carry4_CI_CO[3])
                                                      0.114    14.495 r  vetrimodule/approxmd/linreg_plot/slope1_inferred__0/i___590/CO[3]
                         net (fo=1, routed)           0.000    14.495    vetrimodule/approxmd/linreg_plot/slope1_inferred__0/i___590_n_0
    SLICE_X57Y91         CARRY4 (Prop_carry4_CI_CO[3])
                                                      0.114    14.609 r  vetrimodule/approxmd/linreg_plot/slope1_inferred__0/i___591/CO[3]
                         net (fo=1, routed)           0.000    14.609    vetrimodule/approxmd/linreg_plot/slope1_inferred__0/i___591_n_0
    SLICE_X57Y92         CARRY4 (Prop_carry4_CI_CO[3])
                                                      0.114    14.723 r  vetrimodule/approxmd/linreg_plot/slope1_inferred__0/i___592/CO[3]
                         net (fo=1, routed)           0.000    14.723    vetrimodule/approxmd/linreg_plot/slope1_inferred__0/i___592_n_0
    SLICE_X57Y93         CARRY4 (Prop_carry4_CI_CO[3])
                                                      0.114    14.837 r  vetrimodule/approxmd/linreg_plot/slope1_inferred__0/i___593/CO[3]
                         net (fo=1, routed)           0.000    14.837    vetrimodule/approxmd/linreg_plot/slope1_inferred__0/i___593_n_0
    SLICE_X57Y94         CARRY4 (Prop_carry4_CI_CO[3])
                                                      0.114    14.951 r  vetrimodule/approxmd/linreg_plot/slope1_inferred__0/i___594/CO[3]
                         net (fo=1, routed)           0.000    14.951    vetrimodule/approxmd/linreg_plot/slope1_inferred__0/i___594_n_0
    SLICE_X57Y95         CARRY4 (Prop_carry4_CI_CO[1])
                                                      0.157    15.108 r  vetrimodule/approxmd/linreg_plot/slope1_inferred__0/i___595/CO[1]
                         net (fo=29, routed)          1.030    16.138    vetrimodule/approxmd/linreg_plot/slope10_in[21]
    SLICE_X55Y87         LUT5 (Prop_lut5_I0_O)        0.329    16.467 r  vetrimodule/approxmd/linreg_plot/i___596_i_4/O
                         net (fo=1, routed)           0.000    16.467    vetrimodule/approxmd/linreg_plot/i___596_i_4_n_0
    SLICE_X55Y87         CARRY4 (Prop_carry4_S[1]_CO[3])
                                                      0.550    17.017 r  vetrimodule/approxmd/linreg_plot/slope1_inferred__0/i___596/CO[3]
                         net (fo=1, routed)           0.000    17.017    vetrimodule/approxmd/linreg_plot/slope1_inferred__0/i___596_n_0
    SLICE_X55Y88         CARRY4 (Prop_carry4_CI_CO[3])
                                                      0.114    17.131 r  vetrimodule/approxmd/linreg_plot/slope1_inferred__0/i___597/CO[3]
                         net (fo=1, routed)           0.000    17.131    vetrimodule/approxmd/linreg_plot/slope1_inferred__0/i___597_n_0
    SLICE_X55Y89         CARRY4 (Prop_carry4_CI_CO[3])
                                                      0.114    17.245 r  vetrimodule/approxmd/linreg_plot/slope1_inferred__0/i___598/CO[3]
                         net (fo=1, routed)           0.000    17.245    vetrimodule/approxmd/linreg_plot/slope1_inferred__0/i___598_n_0
    SLICE_X55Y90         CARRY4 (Prop_carry4_CI_CO[3])
                                                      0.114    17.359 r  vetrimodule/approxmd/linreg_plot/slope1_inferred__0/i___599/CO[3]
                         net (fo=1, routed)           0.000    17.359    vetrimodule/approxmd/linreg_plot/slope1_inferred__0/i___599_n_0
    SLICE_X55Y91         CARRY4 (Prop_carry4_CI_CO[3])
                                                      0.114    17.473 r  vetrimodule/approxmd/linreg_plot/slope1_inferred__0/i___600/CO[3]
                         net (fo=1, routed)           0.000    17.473    vetrimodule/approxmd/linreg_plot/slope1_inferred__0/i___600_n_0
    SLICE_X55Y92         CARRY4 (Prop_carry4_CI_CO[3])
                                                      0.114    17.587 r  vetrimodule/approxmd/linreg_plot/slope1_inferred__0/i___601/CO[3]
                         net (fo=1, routed)           0.000    17.587    vetrimodule/approxmd/linreg_plot/slope1_inferred__0/i___601_n_0
    SLICE_X55Y93         CARRY4 (Prop_carry4_CI_CO[1])
                                                      0.157    17.744 r  vetrimodule/approxmd/linreg_plot/slope1_inferred__0/i___602/CO[1]
                         net (fo=29, routed)          0.888    18.632    vetrimodule/approxmd/linreg_plot/slope10_in[20]
    SLICE_X54Y86         LUT5 (Prop_lut5_I0_O)        0.329    18.961 r  vetrimodule/approxmd/linreg_plot/i___603_i_4/O
                         net (fo=1, routed)           0.000    18.961    vetrimodule/approxmd/linreg_plot/i___603_i_4_n_0
    SLICE_X54Y86         CARRY4 (Prop_carry4_S[1]_CO[3])
                                                      0.533    19.494 r  vetrimodule/approxmd/linreg_plot/slope1_inferred__0/i___603/CO[3]
                         net (fo=1, routed)           0.000    19.494    vetrimodule/approxmd/linreg_plot/slope1_inferred__0/i___603_n_0
    SLICE_X54Y87         CARRY4 (Prop_carry4_CI_CO[3])
                                                      0.117    19.611 r  vetrimodule/approxmd/linreg_plot/slope1_inferred__0/i___604/CO[3]
                         net (fo=1, routed)           0.000    19.611    vetrimodule/approxmd/linreg_plot/slope1_inferred__0/i___604_n_0
    SLICE_X54Y88         CARRY4 (Prop_carry4_CI_CO[3])
                                                      0.117    19.728 r  vetrimodule/approxmd/linreg_plot/slope1_inferred__0/i___605/CO[3]
                         net (fo=1, routed)           0.000    19.728    vetrimodule/approxmd/linreg_plot/slope1_inferred__0/i___605_n_0
    SLICE_X54Y89         CARRY4 (Prop_carry4_CI_CO[3])
                                                      0.117    19.845 r  vetrimodule/approxmd/linreg_plot/slope1_inferred__0/i___606/CO[3]
                         net (fo=1, routed)           0.000    19.845    vetrimodule/approxmd/linreg_plot/slope1_inferred__0/i___606_n_0
    SLICE_X54Y90         CARRY4 (Prop_carry4_CI_CO[3])
                                                      0.117    19.962 r  vetrimodule/approxmd/linreg_plot/slope1_inferred__0/i___607/CO[3]
                         net (fo=1, routed)           0.000    19.962    vetrimodule/approxmd/linreg_plot/slope1_inferred__0/i___607_n_0
    SLICE_X54Y91         CARRY4 (Prop_carry4_CI_CO[3])
                                                      0.117    20.079 r  vetrimodule/approxmd/linreg_plot/slope1_inferred__0/i___608/CO[3]
                         net (fo=1, routed)           0.000    20.079    vetrimodule/approxmd/linreg_plot/slope1_inferred__0/i___608_n_0
    SLICE_X54Y92         CARRY4 (Prop_carry4_CI_CO[1])
                                                      0.157    20.236 r  vetrimodule/approxmd/linreg_plot/slope1_inferred__0/i___609/CO[1]
                         net (fo=29, routed)          0.666    20.902    vetrimodule/approxmd/linreg_plot/slope10_in[19]
    SLICE_X54Y93         LUT5 (Prop_lut5_I0_O)        0.332    21.234 r  vetrimodule/approxmd/linreg_plot/i___610_i_4/O
                         net (fo=1, routed)           0.000    21.234    vetrimodule/approxmd/linreg_plot/i___610_i_4_n_0
    SLICE_X54Y93         CARRY4 (Prop_carry4_S[1]_CO[3])
                                                      0.533    21.767 r  vetrimodule/approxmd/linreg_plot/slope1_inferred__0/i___610/CO[3]
                         net (fo=1, routed)           0.000    21.767    vetrimodule/approxmd/linreg_plot/slope1_inferred__0/i___610_n_0
    SLICE_X54Y94         CARRY4 (Prop_carry4_CI_CO[3])
                                                      0.117    21.884 r  vetrimodule/approxmd/linreg_plot/slope1_inferred__0/i___611/CO[3]
                         net (fo=1, routed)           0.000    21.884    vetrimodule/approxmd/linreg_plot/slope1_inferred__0/i___611_n_0
    SLICE_X54Y95         CARRY4 (Prop_carry4_CI_CO[3])
                                                      0.117    22.001 r  vetrimodule/approxmd/linreg_plot/slope1_inferred__0/i___612/CO[3]
                         net (fo=1, routed)           0.000    22.001    vetrimodule/approxmd/linreg_plot/slope1_inferred__0/i___612_n_0
    SLICE_X54Y96         CARRY4 (Prop_carry4_CI_CO[3])
                                                      0.117    22.118 r  vetrimodule/approxmd/linreg_plot/slope1_inferred__0/i___613/CO[3]
                         net (fo=1, routed)           0.000    22.118    vetrimodule/approxmd/linreg_plot/slope1_inferred__0/i___613_n_0
    SLICE_X54Y97         CARRY4 (Prop_carry4_CI_CO[3])
                                                      0.117    22.235 r  vetrimodule/approxmd/linreg_plot/slope1_inferred__0/i___614/CO[3]
                         net (fo=1, routed)           0.000    22.235    vetrimodule/approxmd/linreg_plot/slope1_inferred__0/i___614_n_0
    SLICE_X54Y98         CARRY4 (Prop_carry4_CI_CO[3])
                                                      0.117    22.352 r  vetrimodule/approxmd/linreg_plot/slope1_inferred__0/i___615/CO[3]
                         net (fo=1, routed)           0.000    22.352    vetrimodule/approxmd/linreg_plot/slope1_inferred__0/i___615_n_0
    SLICE_X54Y99         CARRY4 (Prop_carry4_CI_CO[1])
                                                      0.157    22.509 r  vetrimodule/approxmd/linreg_plot/slope1_inferred__0/i___616/CO[1]
                         net (fo=29, routed)          0.786    23.296    vetrimodule/approxmd/linreg_plot/slope10_in[18]
    SLICE_X56Y94         LUT5 (Prop_lut5_I0_O)        0.332    23.628 r  vetrimodule/approxmd/linreg_plot/i___617_i_4/O
                         net (fo=1, routed)           0.000    23.628    vetrimodule/approxmd/linreg_plot/i___617_i_4_n_0
    SLICE_X56Y94         CARRY4 (Prop_carry4_S[1]_CO[3])
                                                      0.533    24.161 r  vetrimodule/approxmd/linreg_plot/slope1_inferred__0/i___617/CO[3]
                         net (fo=1, routed)           0.000    24.161    vetrimodule/approxmd/linreg_plot/slope1_inferred__0/i___617_n_0
    SLICE_X56Y95         CARRY4 (Prop_carry4_CI_CO[3])
                                                      0.117    24.278 r  vetrimodule/approxmd/linreg_plot/slope1_inferred__0/i___618/CO[3]
                         net (fo=1, routed)           0.000    24.278    vetrimodule/approxmd/linreg_plot/slope1_inferred__0/i___618_n_0
    SLICE_X56Y96         CARRY4 (Prop_carry4_CI_CO[3])
                                                      0.117    24.395 r  vetrimodule/approxmd/linreg_plot/slope1_inferred__0/i___619/CO[3]
                         net (fo=1, routed)           0.000    24.395    vetrimodule/approxmd/linreg_plot/slope1_inferred__0/i___619_n_0
    SLICE_X56Y97         CARRY4 (Prop_carry4_CI_CO[3])
                                                      0.117    24.512 r  vetrimodule/approxmd/linreg_plot/slope1_inferred__0/i___620/CO[3]
                         net (fo=1, routed)           0.000    24.512    vetrimodule/approxmd/linreg_plot/slope1_inferred__0/i___620_n_0
    SLICE_X56Y98         CARRY4 (Prop_carry4_CI_CO[3])
                                                      0.117    24.629 r  vetrimodule/approxmd/linreg_plot/slope1_inferred__0/i___621/CO[3]
                         net (fo=1, routed)           0.000    24.629    vetrimodule/approxmd/linreg_plot/slope1_inferred__0/i___621_n_0
    SLICE_X56Y99         CARRY4 (Prop_carry4_CI_CO[3])
                                                      0.117    24.746 r  vetrimodule/approxmd/linreg_plot/slope1_inferred__0/i___622/CO[3]
                         net (fo=1, routed)           0.001    24.746    vetrimodule/approxmd/linreg_plot/slope1_inferred__0/i___622_n_0
    SLICE_X56Y100        CARRY4 (Prop_carry4_CI_CO[1])
                                                      0.157    24.903 r  vetrimodule/approxmd/linreg_plot/slope1_inferred__0/i___623/CO[1]
                         net (fo=29, routed)          0.864    25.767    vetrimodule/approxmd/linreg_plot/slope10_in[17]
    SLICE_X55Y95         LUT5 (Prop_lut5_I0_O)        0.332    26.099 r  vetrimodule/approxmd/linreg_plot/i___624_i_4/O
                         net (fo=1, routed)           0.000    26.099    vetrimodule/approxmd/linreg_plot/i___624_i_4_n_0
    SLICE_X55Y95         CARRY4 (Prop_carry4_S[1]_CO[3])
                                                      0.550    26.649 r  vetrimodule/approxmd/linreg_plot/slope1_inferred__0/i___624/CO[3]
                         net (fo=1, routed)           0.000    26.649    vetrimodule/approxmd/linreg_plot/slope1_inferred__0/i___624_n_0
    SLICE_X55Y96         CARRY4 (Prop_carry4_CI_CO[3])
                                                      0.114    26.763 r  vetrimodule/approxmd/linreg_plot/slope1_inferred__0/i___625/CO[3]
                         net (fo=1, routed)           0.000    26.763    vetrimodule/approxmd/linreg_plot/slope1_inferred__0/i___625_n_0
    SLICE_X55Y97         CARRY4 (Prop_carry4_CI_CO[3])
                                                      0.114    26.877 r  vetrimodule/approxmd/linreg_plot/slope1_inferred__0/i___626/CO[3]
                         net (fo=1, routed)           0.000    26.877    vetrimodule/approxmd/linreg_plot/slope1_inferred__0/i___626_n_0
    SLICE_X55Y98         CARRY4 (Prop_carry4_CI_CO[3])
                                                      0.114    26.991 r  vetrimodule/approxmd/linreg_plot/slope1_inferred__0/i___627/CO[3]
                         net (fo=1, routed)           0.000    26.991    vetrimodule/approxmd/linreg_plot/slope1_inferred__0/i___627_n_0
    SLICE_X55Y99         CARRY4 (Prop_carry4_CI_CO[3])
                                                      0.114    27.105 r  vetrimodule/approxmd/linreg_plot/slope1_inferred__0/i___628/CO[3]
                         net (fo=1, routed)           0.001    27.106    vetrimodule/approxmd/linreg_plot/slope1_inferred__0/i___628_n_0
    SLICE_X55Y100        CARRY4 (Prop_carry4_CI_CO[3])
                                                      0.114    27.220 r  vetrimodule/approxmd/linreg_plot/slope1_inferred__0/i___629/CO[3]
                         net (fo=1, routed)           0.000    27.220    vetrimodule/approxmd/linreg_plot/slope1_inferred__0/i___629_n_0
    SLICE_X55Y101        CARRY4 (Prop_carry4_CI_CO[1])
                                                      0.157    27.377 r  vetrimodule/approxmd/linreg_plot/slope1_inferred__0/i___630/CO[1]
                         net (fo=29, routed)          0.667    28.044    vetrimodule/approxmd/linreg_plot/slope10_in[16]
    SLICE_X54Y100        LUT5 (Prop_lut5_I0_O)        0.329    28.373 r  vetrimodule/approxmd/linreg_plot/i___631_i_4/O
                         net (fo=1, routed)           0.000    28.373    vetrimodule/approxmd/linreg_plot/i___631_i_4_n_0
    SLICE_X54Y100        CARRY4 (Prop_carry4_S[1]_CO[3])
                                                      0.533    28.906 r  vetrimodule/approxmd/linreg_plot/slope1_inferred__0/i___631/CO[3]
                         net (fo=1, routed)           0.000    28.906    vetrimodule/approxmd/linreg_plot/slope1_inferred__0/i___631_n_0
    SLICE_X54Y101        CARRY4 (Prop_carry4_CI_CO[3])
                                                      0.117    29.023 r  vetrimodule/approxmd/linreg_plot/slope1_inferred__0/i___632/CO[3]
                         net (fo=1, routed)           0.000    29.023    vetrimodule/approxmd/linreg_plot/slope1_inferred__0/i___632_n_0
    SLICE_X54Y102        CARRY4 (Prop_carry4_CI_CO[3])
                                                      0.117    29.140 r  vetrimodule/approxmd/linreg_plot/slope1_inferred__0/i___633/CO[3]
                         net (fo=1, routed)           0.000    29.140    vetrimodule/approxmd/linreg_plot/slope1_inferred__0/i___633_n_0
    SLICE_X54Y103        CARRY4 (Prop_carry4_CI_CO[3])
                                                      0.117    29.257 r  vetrimodule/approxmd/linreg_plot/slope1_inferred__0/i___634/CO[3]
                         net (fo=1, routed)           0.000    29.257    vetrimodule/approxmd/linreg_plot/slope1_inferred__0/i___634_n_0
    SLICE_X54Y104        CARRY4 (Prop_carry4_CI_CO[3])
                                                      0.117    29.374 r  vetrimodule/approxmd/linreg_plot/slope1_inferred__0/i___635/CO[3]
                         net (fo=1, routed)           0.000    29.374    vetrimodule/approxmd/linreg_plot/slope1_inferred__0/i___635_n_0
    SLICE_X54Y105        CARRY4 (Prop_carry4_CI_CO[3])
                                                      0.117    29.491 r  vetrimodule/approxmd/linreg_plot/slope1_inferred__0/i___636/CO[3]
                         net (fo=1, routed)           0.000    29.491    vetrimodule/approxmd/linreg_plot/slope1_inferred__0/i___636_n_0
    SLICE_X54Y106        CARRY4 (Prop_carry4_CI_CO[1])
                                                      0.157    29.648 r  vetrimodule/approxmd/linreg_plot/slope1_inferred__0/i___637/CO[1]
                         net (fo=29, routed)          1.088    30.736    vetrimodule/approxmd/linreg_plot/slope10_in[15]
    SLICE_X51Y97         LUT5 (Prop_lut5_I0_O)        0.332    31.068 r  vetrimodule/approxmd/linreg_plot/i___638_i_4/O
                         net (fo=1, routed)           0.000    31.068    vetrimodule/approxmd/linreg_plot/i___638_i_4_n_0
    SLICE_X51Y97         CARRY4 (Prop_carry4_S[1]_CO[3])
                                                      0.550    31.618 r  vetrimodule/approxmd/linreg_plot/slope1_inferred__0/i___638/CO[3]
                         net (fo=1, routed)           0.000    31.618    vetrimodule/approxmd/linreg_plot/slope1_inferred__0/i___638_n_0
    SLICE_X51Y98         CARRY4 (Prop_carry4_CI_CO[3])
                                                      0.114    31.732 r  vetrimodule/approxmd/linreg_plot/slope1_inferred__0/i___639/CO[3]
                         net (fo=1, routed)           0.000    31.732    vetrimodule/approxmd/linreg_plot/slope1_inferred__0/i___639_n_0
    SLICE_X51Y99         CARRY4 (Prop_carry4_CI_CO[3])
                                                      0.114    31.846 r  vetrimodule/approxmd/linreg_plot/slope1_inferred__0/i___640/CO[3]
                         net (fo=1, routed)           0.001    31.847    vetrimodule/approxmd/linreg_plot/slope1_inferred__0/i___640_n_0
    SLICE_X51Y100        CARRY4 (Prop_carry4_CI_CO[3])
                                                      0.114    31.961 r  vetrimodule/approxmd/linreg_plot/slope1_inferred__0/i___641/CO[3]
                         net (fo=1, routed)           0.000    31.961    vetrimodule/approxmd/linreg_plot/slope1_inferred__0/i___641_n_0
    SLICE_X51Y101        CARRY4 (Prop_carry4_CI_CO[3])
                                                      0.114    32.075 r  vetrimodule/approxmd/linreg_plot/slope1_inferred__0/i___642/CO[3]
                         net (fo=1, routed)           0.000    32.075    vetrimodule/approxmd/linreg_plot/slope1_inferred__0/i___642_n_0
    SLICE_X51Y102        CARRY4 (Prop_carry4_CI_CO[3])
                                                      0.114    32.189 r  vetrimodule/approxmd/linreg_plot/slope1_inferred__0/i___643/CO[3]
                         net (fo=1, routed)           0.000    32.189    vetrimodule/approxmd/linreg_plot/slope1_inferred__0/i___643_n_0
    SLICE_X51Y103        CARRY4 (Prop_carry4_CI_CO[1])
                                                      0.157    32.346 r  vetrimodule/approxmd/linreg_plot/slope1_inferred__0/i___644/CO[1]
                         net (fo=29, routed)          1.041    33.387    vetrimodule/approxmd/linreg_plot/slope10_in[14]
    SLICE_X52Y95         LUT5 (Prop_lut5_I0_O)        0.329    33.716 r  vetrimodule/approxmd/linreg_plot/i___645_i_4/O
                         net (fo=1, routed)           0.000    33.716    vetrimodule/approxmd/linreg_plot/i___645_i_4_n_0
    SLICE_X52Y95         CARRY4 (Prop_carry4_S[1]_CO[3])
                                                      0.533    34.249 r  vetrimodule/approxmd/linreg_plot/slope1_inferred__0/i___645/CO[3]
                         net (fo=1, routed)           0.000    34.249    vetrimodule/approxmd/linreg_plot/slope1_inferred__0/i___645_n_0
    SLICE_X52Y96         CARRY4 (Prop_carry4_CI_CO[3])
                                                      0.117    34.366 r  vetrimodule/approxmd/linreg_plot/slope1_inferred__0/i___646/CO[3]
                         net (fo=1, routed)           0.000    34.366    vetrimodule/approxmd/linreg_plot/slope1_inferred__0/i___646_n_0
    SLICE_X52Y97         CARRY4 (Prop_carry4_CI_CO[3])
                                                      0.117    34.483 r  vetrimodule/approxmd/linreg_plot/slope1_inferred__0/i___647/CO[3]
                         net (fo=1, routed)           0.000    34.483    vetrimodule/approxmd/linreg_plot/slope1_inferred__0/i___647_n_0
    SLICE_X52Y98         CARRY4 (Prop_carry4_CI_CO[3])
                                                      0.117    34.600 r  vetrimodule/approxmd/linreg_plot/slope1_inferred__0/i___648/CO[3]
                         net (fo=1, routed)           0.000    34.600    vetrimodule/approxmd/linreg_plot/slope1_inferred__0/i___648_n_0
    SLICE_X52Y99         CARRY4 (Prop_carry4_CI_CO[3])
                                                      0.117    34.717 r  vetrimodule/approxmd/linreg_plot/slope1_inferred__0/i___649/CO[3]
                         net (fo=1, routed)           0.001    34.718    vetrimodule/approxmd/linreg_plot/slope1_inferred__0/i___649_n_0
    SLICE_X52Y100        CARRY4 (Prop_carry4_CI_CO[3])
                                                      0.117    34.835 r  vetrimodule/approxmd/linreg_plot/slope1_inferred__0/i___650/CO[3]
                         net (fo=1, routed)           0.000    34.835    vetrimodule/approxmd/linreg_plot/slope1_inferred__0/i___650_n_0
    SLICE_X52Y101        CARRY4 (Prop_carry4_CI_CO[1])
                                                      0.157    34.992 r  vetrimodule/approxmd/linreg_plot/slope1_inferred__0/i___651/CO[1]
                         net (fo=29, routed)          0.819    35.811    vetrimodule/approxmd/linreg_plot/slope10_in[13]
    SLICE_X53Y97         LUT5 (Prop_lut5_I0_O)        0.332    36.143 r  vetrimodule/approxmd/linreg_plot/i___652_i_4/O
                         net (fo=1, routed)           0.000    36.143    vetrimodule/approxmd/linreg_plot/i___652_i_4_n_0
    SLICE_X53Y97         CARRY4 (Prop_carry4_S[1]_CO[3])
                                                      0.550    36.693 r  vetrimodule/approxmd/linreg_plot/slope1_inferred__0/i___652/CO[3]
                         net (fo=1, routed)           0.000    36.693    vetrimodule/approxmd/linreg_plot/slope1_inferred__0/i___652_n_0
    SLICE_X53Y98         CARRY4 (Prop_carry4_CI_CO[3])
                                                      0.114    36.807 r  vetrimodule/approxmd/linreg_plot/slope1_inferred__0/i___653/CO[3]
                         net (fo=1, routed)           0.000    36.807    vetrimodule/approxmd/linreg_plot/slope1_inferred__0/i___653_n_0
    SLICE_X53Y99         CARRY4 (Prop_carry4_CI_CO[3])
                                                      0.114    36.921 r  vetrimodule/approxmd/linreg_plot/slope1_inferred__0/i___654/CO[3]
                         net (fo=1, routed)           0.001    36.921    vetrimodule/approxmd/linreg_plot/slope1_inferred__0/i___654_n_0
    SLICE_X53Y100        CARRY4 (Prop_carry4_CI_CO[3])
                                                      0.114    37.035 r  vetrimodule/approxmd/linreg_plot/slope1_inferred__0/i___655/CO[3]
                         net (fo=1, routed)           0.000    37.035    vetrimodule/approxmd/linreg_plot/slope1_inferred__0/i___655_n_0
    SLICE_X53Y101        CARRY4 (Prop_carry4_CI_CO[3])
                                                      0.114    37.149 r  vetrimodule/approxmd/linreg_plot/slope1_inferred__0/i___656/CO[3]
                         net (fo=1, routed)           0.000    37.149    vetrimodule/approxmd/linreg_plot/slope1_inferred__0/i___656_n_0
    SLICE_X53Y102        CARRY4 (Prop_carry4_CI_CO[3])
                                                      0.114    37.263 r  vetrimodule/approxmd/linreg_plot/slope1_inferred__0/i___657/CO[3]
                         net (fo=1, routed)           0.000    37.263    vetrimodule/approxmd/linreg_plot/slope1_inferred__0/i___657_n_0
    SLICE_X53Y103        CARRY4 (Prop_carry4_CI_CO[1])
                                                      0.157    37.420 r  vetrimodule/approxmd/linreg_plot/slope1_inferred__0/i___658/CO[1]
                         net (fo=29, routed)          0.672    38.093    vetrimodule/approxmd/linreg_plot/slope10_in[12]
    SLICE_X48Y105        LUT5 (Prop_lut5_I0_O)        0.329    38.422 r  vetrimodule/approxmd/linreg_plot/i___660_i_3/O
                         net (fo=1, routed)           0.000    38.422    vetrimodule/approxmd/linreg_plot/i___660_i_3_n_0
    SLICE_X48Y105        CARRY4 (Prop_carry4_S[1]_CO[3])
                                                      0.550    38.972 r  vetrimodule/approxmd/linreg_plot/slope1_inferred__0/i___660/CO[3]
                         net (fo=1, routed)           0.000    38.972    vetrimodule/approxmd/linreg_plot/slope1_inferred__0/i___660_n_0
    SLICE_X48Y106        CARRY4 (Prop_carry4_CI_CO[3])
                                                      0.114    39.086 r  vetrimodule/approxmd/linreg_plot/slope1_inferred__0/i___661/CO[3]
                         net (fo=1, routed)           0.000    39.086    vetrimodule/approxmd/linreg_plot/slope1_inferred__0/i___661_n_0
    SLICE_X48Y107        CARRY4 (Prop_carry4_CI_CO[3])
                                                      0.114    39.200 r  vetrimodule/approxmd/linreg_plot/slope1_inferred__0/i___662/CO[3]
                         net (fo=1, routed)           0.000    39.200    vetrimodule/approxmd/linreg_plot/slope1_inferred__0/i___662_n_0
    SLICE_X48Y108        CARRY4 (Prop_carry4_CI_CO[3])
                                                      0.114    39.314 r  vetrimodule/approxmd/linreg_plot/slope1_inferred__0/i___663/CO[3]
                         net (fo=1, routed)           0.000    39.314    vetrimodule/approxmd/linreg_plot/slope1_inferred__0/i___663_n_0
    SLICE_X48Y109        CARRY4 (Prop_carry4_CI_CO[3])
                                                      0.114    39.428 r  vetrimodule/approxmd/linreg_plot/slope1_inferred__0/i___664/CO[3]
                         net (fo=1, routed)           0.000    39.428    vetrimodule/approxmd/linreg_plot/slope1_inferred__0/i___664_n_0
    SLICE_X48Y110        CARRY4 (Prop_carry4_CI_CO[1])
                                                      0.157    39.585 r  vetrimodule/approxmd/linreg_plot/slope1_inferred__0/i___665/CO[1]
                         net (fo=29, routed)          0.774    40.358    vetrimodule/approxmd/linreg_plot/slope10_in[11]
    SLICE_X51Y105        LUT3 (Prop_lut3_I0_O)        0.329    40.687 r  vetrimodule/approxmd/linreg_plot/i___666_i_3/O
                         net (fo=1, routed)           0.000    40.687    vetrimodule/approxmd/linreg_plot/i___666_i_3_n_0
    SLICE_X51Y105        CARRY4 (Prop_carry4_S[1]_CO[3])
                                                      0.550    41.237 r  vetrimodule/approxmd/linreg_plot/slope1_inferred__0/i___666/CO[3]
                         net (fo=1, routed)           0.000    41.237    vetrimodule/approxmd/linreg_plot/slope1_inferred__0/i___666_n_0
    SLICE_X51Y106        CARRY4 (Prop_carry4_CI_CO[3])
                                                      0.114    41.351 r  vetrimodule/approxmd/linreg_plot/slope1_inferred__0/i___667/CO[3]
                         net (fo=1, routed)           0.000    41.351    vetrimodule/approxmd/linreg_plot/slope1_inferred__0/i___667_n_0
    SLICE_X51Y107        CARRY4 (Prop_carry4_CI_CO[3])
                                                      0.114    41.465 r  vetrimodule/approxmd/linreg_plot/slope1_inferred__0/i___668/CO[3]
                         net (fo=1, routed)           0.000    41.465    vetrimodule/approxmd/linreg_plot/slope1_inferred__0/i___668_n_0
    SLICE_X51Y108        CARRY4 (Prop_carry4_CI_CO[3])
                                                      0.114    41.579 r  vetrimodule/approxmd/linreg_plot/slope1_inferred__0/i___669/CO[3]
                         net (fo=1, routed)           0.000    41.579    vetrimodule/approxmd/linreg_plot/slope1_inferred__0/i___669_n_0
    SLICE_X51Y109        CARRY4 (Prop_carry4_CI_CO[3])
                                                      0.114    41.693 r  vetrimodule/approxmd/linreg_plot/slope1_inferred__0/i___670/CO[3]
                         net (fo=1, routed)           0.000    41.693    vetrimodule/approxmd/linreg_plot/slope1_inferred__0/i___670_n_0
    SLICE_X51Y110        CARRY4 (Prop_carry4_CI_CO[3])
                                                      0.114    41.807 r  vetrimodule/approxmd/linreg_plot/slope1_inferred__0/i___671/CO[3]
                         net (fo=1, routed)           0.000    41.807    vetrimodule/approxmd/linreg_plot/slope1_inferred__0/i___671_n_0
    SLICE_X51Y111        CARRY4 (Prop_carry4_CI_CO[1])
                                                      0.157    41.964 r  vetrimodule/approxmd/linreg_plot/slope1_inferred__0/i___672/CO[1]
                         net (fo=30, routed)          0.888    42.853    vetrimodule/approxmd/linreg_plot/slope10_in[10]
    SLICE_X55Y106        LUT2 (Prop_lut2_I1_O)        0.329    43.182 r  vetrimodule/approxmd/linreg_plot/i___673_i_4/O
                         net (fo=1, routed)           0.000    43.182    vetrimodule/approxmd/linreg_plot/i___673_i_4_n_0
    SLICE_X55Y106        CARRY4 (Prop_carry4_S[1]_CO[3])
                                                      0.550    43.732 r  vetrimodule/approxmd/linreg_plot/slope1_inferred__0/i___673/CO[3]
                         net (fo=1, routed)           0.000    43.732    vetrimodule/approxmd/linreg_plot/slope1_inferred__0/i___673_n_0
    SLICE_X55Y107        CARRY4 (Prop_carry4_CI_CO[3])
                                                      0.114    43.846 r  vetrimodule/approxmd/linreg_plot/slope1_inferred__0/i___674/CO[3]
                         net (fo=1, routed)           0.000    43.846    vetrimodule/approxmd/linreg_plot/slope1_inferred__0/i___674_n_0
    SLICE_X55Y108        CARRY4 (Prop_carry4_CI_CO[3])
                                                      0.114    43.960 r  vetrimodule/approxmd/linreg_plot/slope1_inferred__0/i___675/CO[3]
                         net (fo=1, routed)           0.000    43.960    vetrimodule/approxmd/linreg_plot/slope1_inferred__0/i___675_n_0
    SLICE_X55Y109        CARRY4 (Prop_carry4_CI_CO[3])
                                                      0.114    44.074 r  vetrimodule/approxmd/linreg_plot/slope1_inferred__0/i___676/CO[3]
                         net (fo=1, routed)           0.000    44.074    vetrimodule/approxmd/linreg_plot/slope1_inferred__0/i___676_n_0
    SLICE_X55Y110        CARRY4 (Prop_carry4_CI_CO[3])
                                                      0.114    44.188 r  vetrimodule/approxmd/linreg_plot/slope1_inferred__0/i___677/CO[3]
                         net (fo=1, routed)           0.000    44.188    vetrimodule/approxmd/linreg_plot/slope1_inferred__0/i___677_n_0
    SLICE_X55Y111        CARRY4 (Prop_carry4_CI_CO[3])
                                                      0.114    44.302 r  vetrimodule/approxmd/linreg_plot/slope1_inferred__0/i___678/CO[3]
                         net (fo=1, routed)           0.000    44.302    vetrimodule/approxmd/linreg_plot/slope1_inferred__0/i___678_n_0
    SLICE_X55Y112        CARRY4 (Prop_carry4_CI_CO[1])
                                                      0.157    44.459 r  vetrimodule/approxmd/linreg_plot/slope1_inferred__0/i___679/CO[1]
                         net (fo=30, routed)          0.699    45.158    vetrimodule/approxmd/linreg_plot/slope10_in[9]
    SLICE_X54Y110        LUT2 (Prop_lut2_I1_O)        0.329    45.487 r  vetrimodule/approxmd/linreg_plot/i___680_i_4/O
                         net (fo=1, routed)           0.000    45.487    vetrimodule/approxmd/linreg_plot/i___680_i_4_n_0
    SLICE_X54Y110        CARRY4 (Prop_carry4_S[1]_CO[3])
                                                      0.533    46.020 r  vetrimodule/approxmd/linreg_plot/slope1_inferred__0/i___680/CO[3]
                         net (fo=1, routed)           0.000    46.020    vetrimodule/approxmd/linreg_plot/slope1_inferred__0/i___680_n_0
    SLICE_X54Y111        CARRY4 (Prop_carry4_CI_CO[3])
                                                      0.117    46.137 r  vetrimodule/approxmd/linreg_plot/slope1_inferred__0/i___681/CO[3]
                         net (fo=1, routed)           0.000    46.137    vetrimodule/approxmd/linreg_plot/slope1_inferred__0/i___681_n_0
    SLICE_X54Y112        CARRY4 (Prop_carry4_CI_CO[3])
                                                      0.117    46.254 r  vetrimodule/approxmd/linreg_plot/slope1_inferred__0/i___682/CO[3]
                         net (fo=1, routed)           0.000    46.254    vetrimodule/approxmd/linreg_plot/slope1_inferred__0/i___682_n_0
    SLICE_X54Y113        CARRY4 (Prop_carry4_CI_CO[3])
                                                      0.117    46.371 r  vetrimodule/approxmd/linreg_plot/slope1_inferred__0/i___683/CO[3]
                         net (fo=1, routed)           0.000    46.371    vetrimodule/approxmd/linreg_plot/slope1_inferred__0/i___683_n_0
    SLICE_X54Y114        CARRY4 (Prop_carry4_CI_CO[3])
                                                      0.117    46.488 r  vetrimodule/approxmd/linreg_plot/slope1_inferred__0/i___684/CO[3]
                         net (fo=1, routed)           0.000    46.488    vetrimodule/approxmd/linreg_plot/slope1_inferred__0/i___684_n_0
    SLICE_X54Y115        CARRY4 (Prop_carry4_CI_CO[3])
                                                      0.117    46.605 r  vetrimodule/approxmd/linreg_plot/slope1_inferred__0/i___685/CO[3]
                         net (fo=1, routed)           0.000    46.605    vetrimodule/approxmd/linreg_plot/slope1_inferred__0/i___685_n_0
    SLICE_X54Y116        CARRY4 (Prop_carry4_CI_CO[1])
                                                      0.157    46.762 r  vetrimodule/approxmd/linreg_plot/slope1_inferred__0/i___686/CO[1]
                         net (fo=30, routed)          1.067    47.829    vetrimodule/approxmd/linreg_plot/slope10_in[8]
    SLICE_X52Y109        CARRY4 (Prop_carry4_CYINIT_CO[3])
                                                      0.803    48.632 r  vetrimodule/approxmd/linreg_plot/slope1_inferred__0/i___687/CO[3]
                         net (fo=1, routed)           0.000    48.632    vetrimodule/approxmd/linreg_plot/slope1_inferred__0/i___687_n_0
    SLICE_X52Y110        CARRY4 (Prop_carry4_CI_CO[3])
                                                      0.117    48.749 r  vetrimodule/approxmd/linreg_plot/slope1_inferred__0/i___688/CO[3]
                         net (fo=1, routed)           0.000    48.749    vetrimodule/approxmd/linreg_plot/slope1_inferred__0/i___688_n_0
    SLICE_X52Y111        CARRY4 (Prop_carry4_CI_CO[3])
                                                      0.117    48.866 r  vetrimodule/approxmd/linreg_plot/slope1_inferred__0/i___689/CO[3]
                         net (fo=1, routed)           0.000    48.866    vetrimodule/approxmd/linreg_plot/slope1_inferred__0/i___689_n_0
    SLICE_X52Y112        CARRY4 (Prop_carry4_CI_CO[3])
                                                      0.117    48.983 r  vetrimodule/approxmd/linreg_plot/slope1_inferred__0/i___690/CO[3]
                         net (fo=1, routed)           0.000    48.983    vetrimodule/approxmd/linreg_plot/slope1_inferred__0/i___690_n_0
    SLICE_X52Y113        CARRY4 (Prop_carry4_CI_CO[3])
                                                      0.117    49.100 r  vetrimodule/approxmd/linreg_plot/slope1_inferred__0/i___691/CO[3]
                         net (fo=1, routed)           0.000    49.100    vetrimodule/approxmd/linreg_plot/slope1_inferred__0/i___691_n_0
    SLICE_X52Y114        CARRY4 (Prop_carry4_CI_CO[3])
                                                      0.117    49.217 r  vetrimodule/approxmd/linreg_plot/slope1_inferred__0/i___692/CO[3]
                         net (fo=1, routed)           0.000    49.217    vetrimodule/approxmd/linreg_plot/slope1_inferred__0/i___692_n_0
    SLICE_X52Y115        CARRY4 (Prop_carry4_CI_CO[1])
                                                      0.157    49.374 r  vetrimodule/approxmd/linreg_plot/slope1_inferred__0/i___693/CO[1]
                         net (fo=30, routed)          1.023    50.396    vetrimodule/approxmd/linreg_plot/slope10_in[7]
    SLICE_X53Y106        LUT2 (Prop_lut2_I1_O)        0.332    50.729 r  vetrimodule/approxmd/linreg_plot/i___694_i_4/O
                         net (fo=1, routed)           0.000    50.729    vetrimodule/approxmd/linreg_plot/i___694_i_4_n_0
    SLICE_X53Y106        CARRY4 (Prop_carry4_S[1]_CO[3])
                                                      0.550    51.278 r  vetrimodule/approxmd/linreg_plot/slope1_inferred__0/i___694/CO[3]
                         net (fo=1, routed)           0.000    51.278    vetrimodule/approxmd/linreg_plot/slope1_inferred__0/i___694_n_0
    SLICE_X53Y107        CARRY4 (Prop_carry4_CI_CO[3])
                                                      0.114    51.392 r  vetrimodule/approxmd/linreg_plot/slope1_inferred__0/i___695/CO[3]
                         net (fo=1, routed)           0.000    51.392    vetrimodule/approxmd/linreg_plot/slope1_inferred__0/i___695_n_0
    SLICE_X53Y108        CARRY4 (Prop_carry4_CI_CO[3])
                                                      0.114    51.506 r  vetrimodule/approxmd/linreg_plot/slope1_inferred__0/i___696/CO[3]
                         net (fo=1, routed)           0.000    51.506    vetrimodule/approxmd/linreg_plot/slope1_inferred__0/i___696_n_0
    SLICE_X53Y109        CARRY4 (Prop_carry4_CI_CO[3])
                                                      0.114    51.620 r  vetrimodule/approxmd/linreg_plot/slope1_inferred__0/i___697/CO[3]
                         net (fo=1, routed)           0.000    51.620    vetrimodule/approxmd/linreg_plot/slope1_inferred__0/i___697_n_0
    SLICE_X53Y110        CARRY4 (Prop_carry4_CI_CO[3])
                                                      0.114    51.734 r  vetrimodule/approxmd/linreg_plot/slope1_inferred__0/i___698/CO[3]
                         net (fo=1, routed)           0.000    51.734    vetrimodule/approxmd/linreg_plot/slope1_inferred__0/i___698_n_0
    SLICE_X53Y111        CARRY4 (Prop_carry4_CI_CO[3])
                                                      0.114    51.848 r  vetrimodule/approxmd/linreg_plot/slope1_inferred__0/i___699/CO[3]
                         net (fo=1, routed)           0.000    51.848    vetrimodule/approxmd/linreg_plot/slope1_inferred__0/i___699_n_0
    SLICE_X53Y112        CARRY4 (Prop_carry4_CI_CO[1])
                                                      0.157    52.005 r  vetrimodule/approxmd/linreg_plot/slope1_inferred__0/i___700/CO[1]
                         net (fo=30, routed)          0.679    52.684    vetrimodule/approxmd/linreg_plot/slope10_in[6]
    SLICE_X53Y114        LUT2 (Prop_lut2_I1_O)        0.329    53.013 r  vetrimodule/approxmd/linreg_plot/i___701_i_4/O
                         net (fo=1, routed)           0.000    53.013    vetrimodule/approxmd/linreg_plot/i___701_i_4_n_0
    SLICE_X53Y114        CARRY4 (Prop_carry4_S[1]_CO[3])
                                                      0.550    53.563 r  vetrimodule/approxmd/linreg_plot/slope1_inferred__0/i___701/CO[3]
                         net (fo=1, routed)           0.000    53.563    vetrimodule/approxmd/linreg_plot/slope1_inferred__0/i___701_n_0
    SLICE_X53Y115        CARRY4 (Prop_carry4_CI_CO[3])
                                                      0.114    53.677 r  vetrimodule/approxmd/linreg_plot/slope1_inferred__0/i___702/CO[3]
                         net (fo=1, routed)           0.000    53.677    vetrimodule/approxmd/linreg_plot/slope1_inferred__0/i___702_n_0
    SLICE_X53Y116        CARRY4 (Prop_carry4_CI_CO[3])
                                                      0.114    53.791 r  vetrimodule/approxmd/linreg_plot/slope1_inferred__0/i___703/CO[3]
                         net (fo=1, routed)           0.000    53.791    vetrimodule/approxmd/linreg_plot/slope1_inferred__0/i___703_n_0
    SLICE_X53Y117        CARRY4 (Prop_carry4_CI_CO[3])
                                                      0.114    53.905 r  vetrimodule/approxmd/linreg_plot/slope1_inferred__0/i___704/CO[3]
                         net (fo=1, routed)           0.000    53.905    vetrimodule/approxmd/linreg_plot/slope1_inferred__0/i___704_n_0
    SLICE_X53Y118        CARRY4 (Prop_carry4_CI_CO[3])
                                                      0.114    54.019 r  vetrimodule/approxmd/linreg_plot/slope1_inferred__0/i___705/CO[3]
                         net (fo=1, routed)           0.000    54.019    vetrimodule/approxmd/linreg_plot/slope1_inferred__0/i___705_n_0
    SLICE_X53Y119        CARRY4 (Prop_carry4_CI_CO[3])
                                                      0.114    54.133 r  vetrimodule/approxmd/linreg_plot/slope1_inferred__0/i___706/CO[3]
                         net (fo=1, routed)           0.000    54.133    vetrimodule/approxmd/linreg_plot/slope1_inferred__0/i___706_n_0
    SLICE_X53Y120        CARRY4 (Prop_carry4_CI_CO[1])
                                                      0.157    54.290 r  vetrimodule/approxmd/linreg_plot/slope1_inferred__0/i___707/CO[1]
                         net (fo=30, routed)          0.883    55.174    vetrimodule/approxmd/linreg_plot/slope10_in[5]
    SLICE_X52Y117        LUT2 (Prop_lut2_I1_O)        0.329    55.503 r  vetrimodule/approxmd/linreg_plot/i___708_i_4/O
                         net (fo=1, routed)           0.000    55.503    vetrimodule/approxmd/linreg_plot/i___708_i_4_n_0
    SLICE_X52Y117        CARRY4 (Prop_carry4_S[1]_CO[3])
                                                      0.533    56.036 r  vetrimodule/approxmd/linreg_plot/slope1_inferred__0/i___708/CO[3]
                         net (fo=1, routed)           0.000    56.036    vetrimodule/approxmd/linreg_plot/slope1_inferred__0/i___708_n_0
    SLICE_X52Y118        CARRY4 (Prop_carry4_CI_CO[3])
                                                      0.117    56.153 r  vetrimodule/approxmd/linreg_plot/slope1_inferred__0/i___709/CO[3]
                         net (fo=1, routed)           0.000    56.153    vetrimodule/approxmd/linreg_plot/slope1_inferred__0/i___709_n_0
    SLICE_X52Y119        CARRY4 (Prop_carry4_CI_CO[3])
                                                      0.117    56.270 r  vetrimodule/approxmd/linreg_plot/slope1_inferred__0/i___710/CO[3]
                         net (fo=1, routed)           0.000    56.270    vetrimodule/approxmd/linreg_plot/slope1_inferred__0/i___710_n_0
    SLICE_X52Y120        CARRY4 (Prop_carry4_CI_CO[3])
                                                      0.117    56.387 r  vetrimodule/approxmd/linreg_plot/slope1_inferred__0/i___711/CO[3]
                         net (fo=1, routed)           0.000    56.387    vetrimodule/approxmd/linreg_plot/slope1_inferred__0/i___711_n_0
    SLICE_X52Y121        CARRY4 (Prop_carry4_CI_CO[3])
                                                      0.117    56.504 r  vetrimodule/approxmd/linreg_plot/slope1_inferred__0/i___712/CO[3]
                         net (fo=1, routed)           0.000    56.504    vetrimodule/approxmd/linreg_plot/slope1_inferred__0/i___712_n_0
    SLICE_X52Y122        CARRY4 (Prop_carry4_CI_CO[3])
                                                      0.117    56.621 r  vetrimodule/approxmd/linreg_plot/slope1_inferred__0/i___713/CO[3]
                         net (fo=1, routed)           0.000    56.621    vetrimodule/approxmd/linreg_plot/slope1_inferred__0/i___713_n_0
    SLICE_X52Y123        CARRY4 (Prop_carry4_CI_CO[1])
                                                      0.157    56.778 r  vetrimodule/approxmd/linreg_plot/slope1_inferred__0/i___714/CO[1]
                         net (fo=30, routed)          0.940    57.718    vetrimodule/approxmd/linreg_plot/slope10_in[4]
    SLICE_X50Y118        LUT2 (Prop_lut2_I1_O)        0.332    58.050 r  vetrimodule/approxmd/linreg_plot/i___715_i_4/O
                         net (fo=1, routed)           0.000    58.050    vetrimodule/approxmd/linreg_plot/i___715_i_4_n_0
    SLICE_X50Y118        CARRY4 (Prop_carry4_S[1]_CO[3])
                                                      0.533    58.583 r  vetrimodule/approxmd/linreg_plot/slope1_inferred__0/i___715/CO[3]
                         net (fo=1, routed)           0.000    58.583    vetrimodule/approxmd/linreg_plot/slope1_inferred__0/i___715_n_0
    SLICE_X50Y119        CARRY4 (Prop_carry4_CI_CO[3])
                                                      0.117    58.700 r  vetrimodule/approxmd/linreg_plot/slope1_inferred__0/i___716/CO[3]
                         net (fo=1, routed)           0.000    58.700    vetrimodule/approxmd/linreg_plot/slope1_inferred__0/i___716_n_0
    SLICE_X50Y120        CARRY4 (Prop_carry4_CI_CO[3])
                                                      0.117    58.817 r  vetrimodule/approxmd/linreg_plot/slope1_inferred__0/i___717/CO[3]
                         net (fo=1, routed)           0.000    58.817    vetrimodule/approxmd/linreg_plot/slope1_inferred__0/i___717_n_0
    SLICE_X50Y121        CARRY4 (Prop_carry4_CI_CO[3])
                                                      0.117    58.934 r  vetrimodule/approxmd/linreg_plot/slope1_inferred__0/i___718/CO[3]
                         net (fo=1, routed)           0.000    58.934    vetrimodule/approxmd/linreg_plot/slope1_inferred__0/i___718_n_0
    SLICE_X50Y122        CARRY4 (Prop_carry4_CI_CO[3])
                                                      0.117    59.051 r  vetrimodule/approxmd/linreg_plot/slope1_inferred__0/i___719/CO[3]
                         net (fo=1, routed)           0.000    59.051    vetrimodule/approxmd/linreg_plot/slope1_inferred__0/i___719_n_0
    SLICE_X50Y123        CARRY4 (Prop_carry4_CI_CO[3])
                                                      0.117    59.168 r  vetrimodule/approxmd/linreg_plot/slope1_inferred__0/i___720/CO[3]
                         net (fo=1, routed)           0.000    59.168    vetrimodule/approxmd/linreg_plot/slope1_inferred__0/i___720_n_0
    SLICE_X50Y124        CARRY4 (Prop_carry4_CI_CO[1])
                                                      0.157    59.325 r  vetrimodule/approxmd/linreg_plot/slope1_inferred__0/i___721/CO[1]
                         net (fo=30, routed)          1.042    60.366    vetrimodule/approxmd/linreg_plot/slope10_in[3]
    SLICE_X56Y119        LUT2 (Prop_lut2_I1_O)        0.332    60.698 r  vetrimodule/approxmd/linreg_plot/i___722_i_4/O
                         net (fo=1, routed)           0.000    60.698    vetrimodule/approxmd/linreg_plot/i___722_i_4_n_0
    SLICE_X56Y119        CARRY4 (Prop_carry4_S[1]_CO[3])
                                                      0.533    61.231 r  vetrimodule/approxmd/linreg_plot/slope1_inferred__0/i___722/CO[3]
                         net (fo=1, routed)           0.000    61.231    vetrimodule/approxmd/linreg_plot/slope1_inferred__0/i___722_n_0
    SLICE_X56Y120        CARRY4 (Prop_carry4_CI_CO[3])
                                                      0.117    61.348 r  vetrimodule/approxmd/linreg_plot/slope1_inferred__0/i___723/CO[3]
                         net (fo=1, routed)           0.000    61.348    vetrimodule/approxmd/linreg_plot/slope1_inferred__0/i___723_n_0
    SLICE_X56Y121        CARRY4 (Prop_carry4_CI_CO[3])
                                                      0.117    61.465 r  vetrimodule/approxmd/linreg_plot/slope1_inferred__0/i___724/CO[3]
                         net (fo=1, routed)           0.000    61.465    vetrimodule/approxmd/linreg_plot/slope1_inferred__0/i___724_n_0
    SLICE_X56Y122        CARRY4 (Prop_carry4_CI_CO[3])
                                                      0.117    61.582 r  vetrimodule/approxmd/linreg_plot/slope1_inferred__0/i___725/CO[3]
                         net (fo=1, routed)           0.000    61.582    vetrimodule/approxmd/linreg_plot/slope1_inferred__0/i___725_n_0
    SLICE_X56Y123        CARRY4 (Prop_carry4_CI_CO[3])
                                                      0.117    61.699 r  vetrimodule/approxmd/linreg_plot/slope1_inferred__0/i___726/CO[3]
                         net (fo=1, routed)           0.000    61.699    vetrimodule/approxmd/linreg_plot/slope1_inferred__0/i___726_n_0
    SLICE_X56Y124        CARRY4 (Prop_carry4_CI_CO[3])
                                                      0.117    61.816 r  vetrimodule/approxmd/linreg_plot/slope1_inferred__0/i___727/CO[3]
                         net (fo=1, routed)           0.009    61.825    vetrimodule/approxmd/linreg_plot/slope1_inferred__0/i___727_n_0
    SLICE_X56Y125        CARRY4 (Prop_carry4_CI_CO[1])
                                                      0.157    61.982 r  vetrimodule/approxmd/linreg_plot/slope1_inferred__0/i___728/CO[1]
                         net (fo=30, routed)          0.945    62.928    vetrimodule/approxmd/linreg_plot/slope10_in[2]
    SLICE_X57Y118        LUT2 (Prop_lut2_I1_O)        0.332    63.260 r  vetrimodule/approxmd/linreg_plot/i___729_i_4/O
                         net (fo=1, routed)           0.000    63.260    vetrimodule/approxmd/linreg_plot/i___729_i_4_n_0
    SLICE_X57Y118        CARRY4 (Prop_carry4_S[1]_CO[3])
                                                      0.550    63.810 r  vetrimodule/approxmd/linreg_plot/slope1_inferred__0/i___729/CO[3]
                         net (fo=1, routed)           0.000    63.810    vetrimodule/approxmd/linreg_plot/slope1_inferred__0/i___729_n_0
    SLICE_X57Y119        CARRY4 (Prop_carry4_CI_CO[3])
                                                      0.114    63.924 r  vetrimodule/approxmd/linreg_plot/slope1_inferred__0/i___730/CO[3]
                         net (fo=1, routed)           0.000    63.924    vetrimodule/approxmd/linreg_plot/slope1_inferred__0/i___730_n_0
    SLICE_X57Y120        CARRY4 (Prop_carry4_CI_CO[3])
                                                      0.114    64.038 r  vetrimodule/approxmd/linreg_plot/slope1_inferred__0/i___731/CO[3]
                         net (fo=1, routed)           0.000    64.038    vetrimodule/approxmd/linreg_plot/slope1_inferred__0/i___731_n_0
    SLICE_X57Y121        CARRY4 (Prop_carry4_CI_CO[3])
                                                      0.114    64.152 r  vetrimodule/approxmd/linreg_plot/slope1_inferred__0/i___732/CO[3]
                         net (fo=1, routed)           0.000    64.152    vetrimodule/approxmd/linreg_plot/slope1_inferred__0/i___732_n_0
    SLICE_X57Y122        CARRY4 (Prop_carry4_CI_CO[3])
                                                      0.114    64.266 r  vetrimodule/approxmd/linreg_plot/slope1_inferred__0/i___733/CO[3]
                         net (fo=1, routed)           0.000    64.266    vetrimodule/approxmd/linreg_plot/slope1_inferred__0/i___733_n_0
    SLICE_X57Y123        CARRY4 (Prop_carry4_CI_CO[3])
                                                      0.114    64.380 r  vetrimodule/approxmd/linreg_plot/slope1_inferred__0/i___734/CO[3]
                         net (fo=1, routed)           0.000    64.380    vetrimodule/approxmd/linreg_plot/slope1_inferred__0/i___734_n_0
    SLICE_X57Y124        CARRY4 (Prop_carry4_CI_CO[1])
                                                      0.157    64.537 r  vetrimodule/approxmd/linreg_plot/slope1_inferred__0/i___735/CO[1]
                         net (fo=30, routed)          0.921    65.458    vetrimodule/approxmd/linreg_plot/slope10_in[1]
    SLICE_X55Y118        LUT2 (Prop_lut2_I1_O)        0.329    65.787 r  vetrimodule/approxmd/linreg_plot/i___736_i_5/O
                         net (fo=1, routed)           0.000    65.787    vetrimodule/approxmd/linreg_plot/i___736_i_5_n_0
    SLICE_X55Y118        CARRY4 (Prop_carry4_S[0]_CO[3])
                                                      0.532    66.319 r  vetrimodule/approxmd/linreg_plot/slope1_inferred__0/i___736/CO[3]
                         net (fo=1, routed)           0.000    66.319    vetrimodule/approxmd/linreg_plot/slope1_inferred__0/i___736_n_0
    SLICE_X55Y119        CARRY4 (Prop_carry4_CI_CO[3])
                                                      0.114    66.433 r  vetrimodule/approxmd/linreg_plot/slope1_inferred__0/i___737/CO[3]
                         net (fo=1, routed)           0.000    66.433    vetrimodule/approxmd/linreg_plot/slope1_inferred__0/i___737_n_0
    SLICE_X55Y120        CARRY4 (Prop_carry4_CI_CO[3])
                                                      0.114    66.547 r  vetrimodule/approxmd/linreg_plot/slope1_inferred__0/i___738/CO[3]
                         net (fo=1, routed)           0.000    66.547    vetrimodule/approxmd/linreg_plot/slope1_inferred__0/i___738_n_0
    SLICE_X55Y121        CARRY4 (Prop_carry4_CI_CO[3])
                                                      0.114    66.661 r  vetrimodule/approxmd/linreg_plot/slope1_inferred__0/i___739/CO[3]
                         net (fo=1, routed)           0.000    66.661    vetrimodule/approxmd/linreg_plot/slope1_inferred__0/i___739_n_0
    SLICE_X55Y122        CARRY4 (Prop_carry4_CI_CO[3])
                                                      0.114    66.775 r  vetrimodule/approxmd/linreg_plot/slope1_inferred__0/i___740/CO[3]
                         net (fo=1, routed)           0.000    66.775    vetrimodule/approxmd/linreg_plot/slope1_inferred__0/i___740_n_0
    SLICE_X55Y123        CARRY4 (Prop_carry4_CI_CO[3])
                                                      0.114    66.889 r  vetrimodule/approxmd/linreg_plot/slope1_inferred__0/i___741/CO[3]
                         net (fo=1, routed)           0.000    66.889    vetrimodule/approxmd/linreg_plot/slope1_inferred__0/i___741_n_0
    SLICE_X55Y124        CARRY4 (Prop_carry4_CI_CO[0])
                                                      0.271    67.160 f  vetrimodule/approxmd/linreg_plot/slope1_inferred__0/i___742/CO[0]
                         net (fo=2, routed)           0.369    67.529    vetrimodule/approxmd/linreg_plot/slope10_in[0]
    SLICE_X57Y125        LUT1 (Prop_lut1_I0_O)        0.373    67.902 r  vetrimodule/approxmd/linreg_plot/slope[4]_i_3/O
                         net (fo=1, routed)           0.384    68.286    vetrimodule/approxmd/linreg_plot/slope[4]_i_3_n_0
    SLICE_X54Y124        CARRY4 (Prop_carry4_CYINIT_CO[3])
                                                      0.595    68.881 r  vetrimodule/approxmd/linreg_plot/slope_reg[4]_i_2/CO[3]
                         net (fo=1, routed)           0.009    68.890    vetrimodule/approxmd/linreg_plot/slope_reg[4]_i_2_n_0
    SLICE_X54Y125        CARRY4 (Prop_carry4_CI_CO[3])
                                                      0.117    69.007 r  vetrimodule/approxmd/linreg_plot/slope_reg[8]_i_2/CO[3]
                         net (fo=1, routed)           0.000    69.007    vetrimodule/approxmd/linreg_plot/slope_reg[8]_i_2_n_0
    SLICE_X54Y126        CARRY4 (Prop_carry4_CI_CO[3])
                                                      0.117    69.124 r  vetrimodule/approxmd/linreg_plot/slope_reg[12]_i_2/CO[3]
                         net (fo=1, routed)           0.000    69.124    vetrimodule/approxmd/linreg_plot/slope_reg[12]_i_2_n_0
    SLICE_X54Y127        CARRY4 (Prop_carry4_CI_CO[3])
                                                      0.117    69.241 r  vetrimodule/approxmd/linreg_plot/slope_reg[16]_i_2/CO[3]
                         net (fo=1, routed)           0.000    69.241    vetrimodule/approxmd/linreg_plot/slope_reg[16]_i_2_n_0
    SLICE_X54Y128        CARRY4 (Prop_carry4_CI_O[0])
                                                      0.219    69.460 r  vetrimodule/approxmd/linreg_plot/slope_reg[20]_i_2/O[0]
                         net (fo=1, routed)           0.471    69.931    vetrimodule/approxmd/linreg_plot/slope1[17]
    SLICE_X56Y130        LUT5 (Prop_lut5_I4_O)        0.295    70.226 r  vetrimodule/approxmd/linreg_plot/slope[17]_i_1/O
                         net (fo=1, routed)           0.000    70.226    vetrimodule/approxmd/linreg_plot/slope[17]
    SLICE_X56Y130        FDCE                                         r  vetrimodule/approxmd/linreg_plot/slope_reg[17]/D
  -------------------------------------------------------------------    -------------------

                         (clock sys_clk_pin rise edge)
                                                     10.000    10.000 r  
    W5                                                0.000    10.000 r  CLOCK (IN)
                         net (fo=0)                   0.000    10.000    CLOCK
    W5                   IBUF (Prop_ibuf_I_O)         1.388    11.388 r  CLOCK_IBUF_inst/O
                         net (fo=1, routed)           1.862    13.250    CLOCK_IBUF
    BUFGCTRL_X0Y0        BUFG (Prop_bufg_I_O)         0.091    13.341 r  CLOCK_IBUF_BUFG_inst/O
                         net (fo=4568, routed)        1.602    14.943    vetrimodule/approxmd/linreg_plot/CLOCK_IBUF_BUFG
    SLICE_X56Y130        FDCE                                         r  vetrimodule/approxmd/linreg_plot/slope_reg[17]/C
                         clock pessimism              0.187    15.130    
                         clock uncertainty           -0.035    15.095    
    SLICE_X56Y130        FDCE (Setup_fdce_C_D)        0.081    15.176    vetrimodule/approxmd/linreg_plot/slope_reg[17]
  -------------------------------------------------------------------
                         required time                         15.176    
                         arrival time                         -70.226    
  -------------------------------------------------------------------
                         slack                                -55.051    

Slack (VIOLATED) :        -55.048ns  (required time - arrival time)
  Source:                 vetrimodule/approxmd/linreg_plot/temp2_reg[0]/C
                            (rising edge-triggered cell FDCE clocked by sys_clk_pin  {rise@0.000ns fall@5.000ns period=10.000ns})
  Destination:            vetrimodule/approxmd/linreg_plot/slope_reg[21]/D
                            (rising edge-triggered cell FDCE clocked by sys_clk_pin  {rise@0.000ns fall@5.000ns period=10.000ns})
  Path Group:             sys_clk_pin
  Path Type:              Setup (Max at Slow Process Corner)
  Requirement:            10.000ns  (sys_clk_pin rise@10.000ns - sys_clk_pin rise@0.000ns)
  Data Path Delay:        65.028ns  (logic 41.943ns (64.500%)  route 23.085ns (35.500%))
  Logic Levels:           200  (CARRY4=174 LUT1=2 LUT2=10 LUT3=1 LUT4=1 LUT5=12)
  Clock Path Skew:        -0.014ns (DCD - SCD + CPR)
    Destination Clock Delay (DCD):    4.942ns = ( 14.942 - 10.000 ) 
    Source Clock Delay      (SCD):    5.143ns
    Clock Pessimism Removal (CPR):    0.187ns
  Clock Uncertainty:      0.035ns  ((TSJ^2 + TIJ^2)^1/2 + DJ) / 2 + PE
    Total System Jitter     (TSJ):    0.071ns
    Total Input Jitter      (TIJ):    0.000ns
    Discrete Jitter          (DJ):    0.000ns
    Phase Error              (PE):    0.000ns

    Location             Delay type                Incr(ns)  Path(ns)    Netlist Resource(s)
  -------------------------------------------------------------------    -------------------
                         (clock sys_clk_pin rise edge)
                                                      0.000     0.000 r  
    W5                                                0.000     0.000 r  CLOCK (IN)
                         net (fo=0)                   0.000     0.000    CLOCK
    W5                   IBUF (Prop_ibuf_I_O)         1.458     1.458 r  CLOCK_IBUF_inst/O
                         net (fo=1, routed)           1.967     3.425    CLOCK_IBUF
    BUFGCTRL_X0Y0        BUFG (Prop_bufg_I_O)         0.096     3.521 r  CLOCK_IBUF_BUFG_inst/O
                         net (fo=4568, routed)        1.622     5.143    vetrimodule/approxmd/linreg_plot/CLOCK_IBUF_BUFG
    SLICE_X58Y88         FDCE                                         r  vetrimodule/approxmd/linreg_plot/temp2_reg[0]/C
  -------------------------------------------------------------------    -------------------
    SLICE_X58Y88         FDCE (Prop_fdce_C_Q)         0.456     5.599 f  vetrimodule/approxmd/linreg_plot/temp2_reg[0]/Q
                         net (fo=36, routed)          0.301     5.900    vetrimodule/approxmd/linreg_plot/temp2[0]
    SLICE_X59Y88         LUT1 (Prop_lut1_I0_O)        0.124     6.024 r  vetrimodule/approxmd/linreg_plot/slope20_carry_i_1/O
                         net (fo=1, routed)           0.336     6.360    vetrimodule/approxmd/linreg_plot/slope20_carry_i_1_n_0
    SLICE_X58Y87         CARRY4 (Prop_carry4_CYINIT_CO[3])
                                                      0.580     6.940 r  vetrimodule/approxmd/linreg_plot/slope20_carry/CO[3]
                         net (fo=1, routed)           0.000     6.940    vetrimodule/approxmd/linreg_plot/slope20_carry_n_0
    SLICE_X58Y88         CARRY4 (Prop_carry4_CI_CO[3])
                                                      0.114     7.054 r  vetrimodule/approxmd/linreg_plot/slope20_carry__0/CO[3]
                         net (fo=1, routed)           0.000     7.054    vetrimodule/approxmd/linreg_plot/slope20_carry__0_n_0
    SLICE_X58Y89         CARRY4 (Prop_carry4_CI_CO[3])
                                                      0.114     7.168 r  vetrimodule/approxmd/linreg_plot/slope20_carry__1/CO[3]
                         net (fo=1, routed)           0.000     7.168    vetrimodule/approxmd/linreg_plot/slope20_carry__1_n_0
    SLICE_X58Y90         CARRY4 (Prop_carry4_CI_CO[0])
                                                      0.271     7.439 r  vetrimodule/approxmd/linreg_plot/i___578_i_9/CO[0]
                         net (fo=275, routed)         0.976     8.415    vetrimodule/approxmd/linreg_plot/i___578_i_9_n_3
    SLICE_X58Y94         LUT2 (Prop_lut2_I0_O)        0.373     8.788 r  vetrimodule/approxmd/linreg_plot/i___578_i_7/O
                         net (fo=1, routed)           0.000     8.788    vetrimodule/approxmd/linreg_plot/i___578_i_7_n_0
    SLICE_X58Y94         CARRY4 (Prop_carry4_S[1]_CO[3])
                                                      0.550     9.338 r  vetrimodule/approxmd/linreg_plot/slope1_inferred__0/i___578/CO[3]
                         net (fo=1, routed)           0.000     9.338    vetrimodule/approxmd/linreg_plot/slope1_inferred__0/i___578_n_0
    SLICE_X58Y95         CARRY4 (Prop_carry4_CI_CO[3])
                                                      0.114     9.452 r  vetrimodule/approxmd/linreg_plot/slope1_inferred__0/i___579/CO[3]
                         net (fo=1, routed)           0.000     9.452    vetrimodule/approxmd/linreg_plot/slope1_inferred__0/i___579_n_0
    SLICE_X58Y96         CARRY4 (Prop_carry4_CI_CO[3])
                                                      0.114     9.566 r  vetrimodule/approxmd/linreg_plot/slope1_inferred__0/i___580/CO[3]
                         net (fo=1, routed)           0.000     9.566    vetrimodule/approxmd/linreg_plot/slope1_inferred__0/i___580_n_0
    SLICE_X58Y97         CARRY4 (Prop_carry4_CI_CO[0])
                                                      0.271     9.837 r  vetrimodule/approxmd/linreg_plot/slope1_inferred__0/i___581/CO[0]
                         net (fo=27, routed)          0.923    10.760    vetrimodule/approxmd/linreg_plot/slope1_inferred__0/i___581_n_3
    SLICE_X59Y90         LUT4 (Prop_lut4_I0_O)        0.373    11.133 r  vetrimodule/approxmd/linreg_plot/i___582_i_4/O
                         net (fo=1, routed)           0.000    11.133    vetrimodule/approxmd/linreg_plot/i___582_i_4_n_0
    SLICE_X59Y90         CARRY4 (Prop_carry4_S[1]_CO[3])
                                                      0.550    11.683 r  vetrimodule/approxmd/linreg_plot/slope1_inferred__0/i___582/CO[3]
                         net (fo=1, routed)           0.000    11.683    vetrimodule/approxmd/linreg_plot/slope1_inferred__0/i___582_n_0
    SLICE_X59Y91         CARRY4 (Prop_carry4_CI_CO[3])
                                                      0.114    11.797 r  vetrimodule/approxmd/linreg_plot/slope1_inferred__0/i___583/CO[3]
                         net (fo=1, routed)           0.000    11.797    vetrimodule/approxmd/linreg_plot/slope1_inferred__0/i___583_n_0
    SLICE_X59Y92         CARRY4 (Prop_carry4_CI_CO[3])
                                                      0.114    11.911 r  vetrimodule/approxmd/linreg_plot/slope1_inferred__0/i___584/CO[3]
                         net (fo=1, routed)           0.000    11.911    vetrimodule/approxmd/linreg_plot/slope1_inferred__0/i___584_n_0
    SLICE_X59Y93         CARRY4 (Prop_carry4_CI_CO[3])
                                                      0.114    12.025 r  vetrimodule/approxmd/linreg_plot/slope1_inferred__0/i___585/CO[3]
                         net (fo=1, routed)           0.000    12.025    vetrimodule/approxmd/linreg_plot/slope1_inferred__0/i___585_n_0
    SLICE_X59Y94         CARRY4 (Prop_carry4_CI_CO[3])
                                                      0.114    12.139 r  vetrimodule/approxmd/linreg_plot/slope1_inferred__0/i___586/CO[3]
                         net (fo=1, routed)           0.000    12.139    vetrimodule/approxmd/linreg_plot/slope1_inferred__0/i___586_n_0
    SLICE_X59Y95         CARRY4 (Prop_carry4_CI_CO[3])
                                                      0.114    12.253 r  vetrimodule/approxmd/linreg_plot/slope1_inferred__0/i___587/CO[3]
                         net (fo=1, routed)           0.000    12.253    vetrimodule/approxmd/linreg_plot/slope1_inferred__0/i___587_n_0
    SLICE_X59Y96         CARRY4 (Prop_carry4_CI_CO[1])
                                                      0.157    12.410 r  vetrimodule/approxmd/linreg_plot/slope1_inferred__0/i___588/CO[1]
                         net (fo=27, routed)          1.093    13.502    vetrimodule/approxmd/linreg_plot/slope1_inferred__0/i___588_n_2
    SLICE_X57Y89         LUT5 (Prop_lut5_I0_O)        0.329    13.831 r  vetrimodule/approxmd/linreg_plot/i___589_i_4/O
                         net (fo=1, routed)           0.000    13.831    vetrimodule/approxmd/linreg_plot/i___589_i_4_n_0
    SLICE_X57Y89         CARRY4 (Prop_carry4_S[1]_CO[3])
                                                      0.550    14.381 r  vetrimodule/approxmd/linreg_plot/slope1_inferred__0/i___589/CO[3]
                         net (fo=1, routed)           0.000    14.381    vetrimodule/approxmd/linreg_plot/slope1_inferred__0/i___589_n_0
    SLICE_X57Y90         CARRY4 (Prop_carry4_CI_CO[3])
                                                      0.114    14.495 r  vetrimodule/approxmd/linreg_plot/slope1_inferred__0/i___590/CO[3]
                         net (fo=1, routed)           0.000    14.495    vetrimodule/approxmd/linreg_plot/slope1_inferred__0/i___590_n_0
    SLICE_X57Y91         CARRY4 (Prop_carry4_CI_CO[3])
                                                      0.114    14.609 r  vetrimodule/approxmd/linreg_plot/slope1_inferred__0/i___591/CO[3]
                         net (fo=1, routed)           0.000    14.609    vetrimodule/approxmd/linreg_plot/slope1_inferred__0/i___591_n_0
    SLICE_X57Y92         CARRY4 (Prop_carry4_CI_CO[3])
                                                      0.114    14.723 r  vetrimodule/approxmd/linreg_plot/slope1_inferred__0/i___592/CO[3]
                         net (fo=1, routed)           0.000    14.723    vetrimodule/approxmd/linreg_plot/slope1_inferred__0/i___592_n_0
    SLICE_X57Y93         CARRY4 (Prop_carry4_CI_CO[3])
                                                      0.114    14.837 r  vetrimodule/approxmd/linreg_plot/slope1_inferred__0/i___593/CO[3]
                         net (fo=1, routed)           0.000    14.837    vetrimodule/approxmd/linreg_plot/slope1_inferred__0/i___593_n_0
    SLICE_X57Y94         CARRY4 (Prop_carry4_CI_CO[3])
                                                      0.114    14.951 r  vetrimodule/approxmd/linreg_plot/slope1_inferred__0/i___594/CO[3]
                         net (fo=1, routed)           0.000    14.951    vetrimodule/approxmd/linreg_plot/slope1_inferred__0/i___594_n_0
    SLICE_X57Y95         CARRY4 (Prop_carry4_CI_CO[1])
                                                      0.157    15.108 r  vetrimodule/approxmd/linreg_plot/slope1_inferred__0/i___595/CO[1]
                         net (fo=29, routed)          1.030    16.138    vetrimodule/approxmd/linreg_plot/slope10_in[21]
    SLICE_X55Y87         LUT5 (Prop_lut5_I0_O)        0.329    16.467 r  vetrimodule/approxmd/linreg_plot/i___596_i_4/O
                         net (fo=1, routed)           0.000    16.467    vetrimodule/approxmd/linreg_plot/i___596_i_4_n_0
    SLICE_X55Y87         CARRY4 (Prop_carry4_S[1]_CO[3])
                                                      0.550    17.017 r  vetrimodule/approxmd/linreg_plot/slope1_inferred__0/i___596/CO[3]
                         net (fo=1, routed)           0.000    17.017    vetrimodule/approxmd/linreg_plot/slope1_inferred__0/i___596_n_0
    SLICE_X55Y88         CARRY4 (Prop_carry4_CI_CO[3])
                                                      0.114    17.131 r  vetrimodule/approxmd/linreg_plot/slope1_inferred__0/i___597/CO[3]
                         net (fo=1, routed)           0.000    17.131    vetrimodule/approxmd/linreg_plot/slope1_inferred__0/i___597_n_0
    SLICE_X55Y89         CARRY4 (Prop_carry4_CI_CO[3])
                                                      0.114    17.245 r  vetrimodule/approxmd/linreg_plot/slope1_inferred__0/i___598/CO[3]
                         net (fo=1, routed)           0.000    17.245    vetrimodule/approxmd/linreg_plot/slope1_inferred__0/i___598_n_0
    SLICE_X55Y90         CARRY4 (Prop_carry4_CI_CO[3])
                                                      0.114    17.359 r  vetrimodule/approxmd/linreg_plot/slope1_inferred__0/i___599/CO[3]
                         net (fo=1, routed)           0.000    17.359    vetrimodule/approxmd/linreg_plot/slope1_inferred__0/i___599_n_0
    SLICE_X55Y91         CARRY4 (Prop_carry4_CI_CO[3])
                                                      0.114    17.473 r  vetrimodule/approxmd/linreg_plot/slope1_inferred__0/i___600/CO[3]
                         net (fo=1, routed)           0.000    17.473    vetrimodule/approxmd/linreg_plot/slope1_inferred__0/i___600_n_0
    SLICE_X55Y92         CARRY4 (Prop_carry4_CI_CO[3])
                                                      0.114    17.587 r  vetrimodule/approxmd/linreg_plot/slope1_inferred__0/i___601/CO[3]
                         net (fo=1, routed)           0.000    17.587    vetrimodule/approxmd/linreg_plot/slope1_inferred__0/i___601_n_0
    SLICE_X55Y93         CARRY4 (Prop_carry4_CI_CO[1])
                                                      0.157    17.744 r  vetrimodule/approxmd/linreg_plot/slope1_inferred__0/i___602/CO[1]
                         net (fo=29, routed)          0.888    18.632    vetrimodule/approxmd/linreg_plot/slope10_in[20]
    SLICE_X54Y86         LUT5 (Prop_lut5_I0_O)        0.329    18.961 r  vetrimodule/approxmd/linreg_plot/i___603_i_4/O
                         net (fo=1, routed)           0.000    18.961    vetrimodule/approxmd/linreg_plot/i___603_i_4_n_0
    SLICE_X54Y86         CARRY4 (Prop_carry4_S[1]_CO[3])
                                                      0.533    19.494 r  vetrimodule/approxmd/linreg_plot/slope1_inferred__0/i___603/CO[3]
                         net (fo=1, routed)           0.000    19.494    vetrimodule/approxmd/linreg_plot/slope1_inferred__0/i___603_n_0
    SLICE_X54Y87         CARRY4 (Prop_carry4_CI_CO[3])
                                                      0.117    19.611 r  vetrimodule/approxmd/linreg_plot/slope1_inferred__0/i___604/CO[3]
                         net (fo=1, routed)           0.000    19.611    vetrimodule/approxmd/linreg_plot/slope1_inferred__0/i___604_n_0
    SLICE_X54Y88         CARRY4 (Prop_carry4_CI_CO[3])
                                                      0.117    19.728 r  vetrimodule/approxmd/linreg_plot/slope1_inferred__0/i___605/CO[3]
                         net (fo=1, routed)           0.000    19.728    vetrimodule/approxmd/linreg_plot/slope1_inferred__0/i___605_n_0
    SLICE_X54Y89         CARRY4 (Prop_carry4_CI_CO[3])
                                                      0.117    19.845 r  vetrimodule/approxmd/linreg_plot/slope1_inferred__0/i___606/CO[3]
                         net (fo=1, routed)           0.000    19.845    vetrimodule/approxmd/linreg_plot/slope1_inferred__0/i___606_n_0
    SLICE_X54Y90         CARRY4 (Prop_carry4_CI_CO[3])
                                                      0.117    19.962 r  vetrimodule/approxmd/linreg_plot/slope1_inferred__0/i___607/CO[3]
                         net (fo=1, routed)           0.000    19.962    vetrimodule/approxmd/linreg_plot/slope1_inferred__0/i___607_n_0
    SLICE_X54Y91         CARRY4 (Prop_carry4_CI_CO[3])
                                                      0.117    20.079 r  vetrimodule/approxmd/linreg_plot/slope1_inferred__0/i___608/CO[3]
                         net (fo=1, routed)           0.000    20.079    vetrimodule/approxmd/linreg_plot/slope1_inferred__0/i___608_n_0
    SLICE_X54Y92         CARRY4 (Prop_carry4_CI_CO[1])
                                                      0.157    20.236 r  vetrimodule/approxmd/linreg_plot/slope1_inferred__0/i___609/CO[1]
                         net (fo=29, routed)          0.666    20.902    vetrimodule/approxmd/linreg_plot/slope10_in[19]
    SLICE_X54Y93         LUT5 (Prop_lut5_I0_O)        0.332    21.234 r  vetrimodule/approxmd/linreg_plot/i___610_i_4/O
                         net (fo=1, routed)           0.000    21.234    vetrimodule/approxmd/linreg_plot/i___610_i_4_n_0
    SLICE_X54Y93         CARRY4 (Prop_carry4_S[1]_CO[3])
                                                      0.533    21.767 r  vetrimodule/approxmd/linreg_plot/slope1_inferred__0/i___610/CO[3]
                         net (fo=1, routed)           0.000    21.767    vetrimodule/approxmd/linreg_plot/slope1_inferred__0/i___610_n_0
    SLICE_X54Y94         CARRY4 (Prop_carry4_CI_CO[3])
                                                      0.117    21.884 r  vetrimodule/approxmd/linreg_plot/slope1_inferred__0/i___611/CO[3]
                         net (fo=1, routed)           0.000    21.884    vetrimodule/approxmd/linreg_plot/slope1_inferred__0/i___611_n_0
    SLICE_X54Y95         CARRY4 (Prop_carry4_CI_CO[3])
                                                      0.117    22.001 r  vetrimodule/approxmd/linreg_plot/slope1_inferred__0/i___612/CO[3]
                         net (fo=1, routed)           0.000    22.001    vetrimodule/approxmd/linreg_plot/slope1_inferred__0/i___612_n_0
    SLICE_X54Y96         CARRY4 (Prop_carry4_CI_CO[3])
                                                      0.117    22.118 r  vetrimodule/approxmd/linreg_plot/slope1_inferred__0/i___613/CO[3]
                         net (fo=1, routed)           0.000    22.118    vetrimodule/approxmd/linreg_plot/slope1_inferred__0/i___613_n_0
    SLICE_X54Y97         CARRY4 (Prop_carry4_CI_CO[3])
                                                      0.117    22.235 r  vetrimodule/approxmd/linreg_plot/slope1_inferred__0/i___614/CO[3]
                         net (fo=1, routed)           0.000    22.235    vetrimodule/approxmd/linreg_plot/slope1_inferred__0/i___614_n_0
    SLICE_X54Y98         CARRY4 (Prop_carry4_CI_CO[3])
                                                      0.117    22.352 r  vetrimodule/approxmd/linreg_plot/slope1_inferred__0/i___615/CO[3]
                         net (fo=1, routed)           0.000    22.352    vetrimodule/approxmd/linreg_plot/slope1_inferred__0/i___615_n_0
    SLICE_X54Y99         CARRY4 (Prop_carry4_CI_CO[1])
                                                      0.157    22.509 r  vetrimodule/approxmd/linreg_plot/slope1_inferred__0/i___616/CO[1]
                         net (fo=29, routed)          0.786    23.296    vetrimodule/approxmd/linreg_plot/slope10_in[18]
    SLICE_X56Y94         LUT5 (Prop_lut5_I0_O)        0.332    23.628 r  vetrimodule/approxmd/linreg_plot/i___617_i_4/O
                         net (fo=1, routed)           0.000    23.628    vetrimodule/approxmd/linreg_plot/i___617_i_4_n_0
    SLICE_X56Y94         CARRY4 (Prop_carry4_S[1]_CO[3])
                                                      0.533    24.161 r  vetrimodule/approxmd/linreg_plot/slope1_inferred__0/i___617/CO[3]
                         net (fo=1, routed)           0.000    24.161    vetrimodule/approxmd/linreg_plot/slope1_inferred__0/i___617_n_0
    SLICE_X56Y95         CARRY4 (Prop_carry4_CI_CO[3])
                                                      0.117    24.278 r  vetrimodule/approxmd/linreg_plot/slope1_inferred__0/i___618/CO[3]
                         net (fo=1, routed)           0.000    24.278    vetrimodule/approxmd/linreg_plot/slope1_inferred__0/i___618_n_0
    SLICE_X56Y96         CARRY4 (Prop_carry4_CI_CO[3])
                                                      0.117    24.395 r  vetrimodule/approxmd/linreg_plot/slope1_inferred__0/i___619/CO[3]
                         net (fo=1, routed)           0.000    24.395    vetrimodule/approxmd/linreg_plot/slope1_inferred__0/i___619_n_0
    SLICE_X56Y97         CARRY4 (Prop_carry4_CI_CO[3])
                                                      0.117    24.512 r  vetrimodule/approxmd/linreg_plot/slope1_inferred__0/i___620/CO[3]
                         net (fo=1, routed)           0.000    24.512    vetrimodule/approxmd/linreg_plot/slope1_inferred__0/i___620_n_0
    SLICE_X56Y98         CARRY4 (Prop_carry4_CI_CO[3])
                                                      0.117    24.629 r  vetrimodule/approxmd/linreg_plot/slope1_inferred__0/i___621/CO[3]
                         net (fo=1, routed)           0.000    24.629    vetrimodule/approxmd/linreg_plot/slope1_inferred__0/i___621_n_0
    SLICE_X56Y99         CARRY4 (Prop_carry4_CI_CO[3])
                                                      0.117    24.746 r  vetrimodule/approxmd/linreg_plot/slope1_inferred__0/i___622/CO[3]
                         net (fo=1, routed)           0.001    24.746    vetrimodule/approxmd/linreg_plot/slope1_inferred__0/i___622_n_0
    SLICE_X56Y100        CARRY4 (Prop_carry4_CI_CO[1])
                                                      0.157    24.903 r  vetrimodule/approxmd/linreg_plot/slope1_inferred__0/i___623/CO[1]
                         net (fo=29, routed)          0.864    25.767    vetrimodule/approxmd/linreg_plot/slope10_in[17]
    SLICE_X55Y95         LUT5 (Prop_lut5_I0_O)        0.332    26.099 r  vetrimodule/approxmd/linreg_plot/i___624_i_4/O
                         net (fo=1, routed)           0.000    26.099    vetrimodule/approxmd/linreg_plot/i___624_i_4_n_0
    SLICE_X55Y95         CARRY4 (Prop_carry4_S[1]_CO[3])
                                                      0.550    26.649 r  vetrimodule/approxmd/linreg_plot/slope1_inferred__0/i___624/CO[3]
                         net (fo=1, routed)           0.000    26.649    vetrimodule/approxmd/linreg_plot/slope1_inferred__0/i___624_n_0
    SLICE_X55Y96         CARRY4 (Prop_carry4_CI_CO[3])
                                                      0.114    26.763 r  vetrimodule/approxmd/linreg_plot/slope1_inferred__0/i___625/CO[3]
                         net (fo=1, routed)           0.000    26.763    vetrimodule/approxmd/linreg_plot/slope1_inferred__0/i___625_n_0
    SLICE_X55Y97         CARRY4 (Prop_carry4_CI_CO[3])
                                                      0.114    26.877 r  vetrimodule/approxmd/linreg_plot/slope1_inferred__0/i___626/CO[3]
                         net (fo=1, routed)           0.000    26.877    vetrimodule/approxmd/linreg_plot/slope1_inferred__0/i___626_n_0
    SLICE_X55Y98         CARRY4 (Prop_carry4_CI_CO[3])
                                                      0.114    26.991 r  vetrimodule/approxmd/linreg_plot/slope1_inferred__0/i___627/CO[3]
                         net (fo=1, routed)           0.000    26.991    vetrimodule/approxmd/linreg_plot/slope1_inferred__0/i___627_n_0
    SLICE_X55Y99         CARRY4 (Prop_carry4_CI_CO[3])
                                                      0.114    27.105 r  vetrimodule/approxmd/linreg_plot/slope1_inferred__0/i___628/CO[3]
                         net (fo=1, routed)           0.001    27.106    vetrimodule/approxmd/linreg_plot/slope1_inferred__0/i___628_n_0
    SLICE_X55Y100        CARRY4 (Prop_carry4_CI_CO[3])
                                                      0.114    27.220 r  vetrimodule/approxmd/linreg_plot/slope1_inferred__0/i___629/CO[3]
                         net (fo=1, routed)           0.000    27.220    vetrimodule/approxmd/linreg_plot/slope1_inferred__0/i___629_n_0
    SLICE_X55Y101        CARRY4 (Prop_carry4_CI_CO[1])
                                                      0.157    27.377 r  vetrimodule/approxmd/linreg_plot/slope1_inferred__0/i___630/CO[1]
                         net (fo=29, routed)          0.667    28.044    vetrimodule/approxmd/linreg_plot/slope10_in[16]
    SLICE_X54Y100        LUT5 (Prop_lut5_I0_O)        0.329    28.373 r  vetrimodule/approxmd/linreg_plot/i___631_i_4/O
                         net (fo=1, routed)           0.000    28.373    vetrimodule/approxmd/linreg_plot/i___631_i_4_n_0
    SLICE_X54Y100        CARRY4 (Prop_carry4_S[1]_CO[3])
                                                      0.533    28.906 r  vetrimodule/approxmd/linreg_plot/slope1_inferred__0/i___631/CO[3]
                         net (fo=1, routed)           0.000    28.906    vetrimodule/approxmd/linreg_plot/slope1_inferred__0/i___631_n_0
    SLICE_X54Y101        CARRY4 (Prop_carry4_CI_CO[3])
                                                      0.117    29.023 r  vetrimodule/approxmd/linreg_plot/slope1_inferred__0/i___632/CO[3]
                         net (fo=1, routed)           0.000    29.023    vetrimodule/approxmd/linreg_plot/slope1_inferred__0/i___632_n_0
    SLICE_X54Y102        CARRY4 (Prop_carry4_CI_CO[3])
                                                      0.117    29.140 r  vetrimodule/approxmd/linreg_plot/slope1_inferred__0/i___633/CO[3]
                         net (fo=1, routed)           0.000    29.140    vetrimodule/approxmd/linreg_plot/slope1_inferred__0/i___633_n_0
    SLICE_X54Y103        CARRY4 (Prop_carry4_CI_CO[3])
                                                      0.117    29.257 r  vetrimodule/approxmd/linreg_plot/slope1_inferred__0/i___634/CO[3]
                         net (fo=1, routed)           0.000    29.257    vetrimodule/approxmd/linreg_plot/slope1_inferred__0/i___634_n_0
    SLICE_X54Y104        CARRY4 (Prop_carry4_CI_CO[3])
                                                      0.117    29.374 r  vetrimodule/approxmd/linreg_plot/slope1_inferred__0/i___635/CO[3]
                         net (fo=1, routed)           0.000    29.374    vetrimodule/approxmd/linreg_plot/slope1_inferred__0/i___635_n_0
    SLICE_X54Y105        CARRY4 (Prop_carry4_CI_CO[3])
                                                      0.117    29.491 r  vetrimodule/approxmd/linreg_plot/slope1_inferred__0/i___636/CO[3]
                         net (fo=1, routed)           0.000    29.491    vetrimodule/approxmd/linreg_plot/slope1_inferred__0/i___636_n_0
    SLICE_X54Y106        CARRY4 (Prop_carry4_CI_CO[1])
                                                      0.157    29.648 r  vetrimodule/approxmd/linreg_plot/slope1_inferred__0/i___637/CO[1]
                         net (fo=29, routed)          1.088    30.736    vetrimodule/approxmd/linreg_plot/slope10_in[15]
    SLICE_X51Y97         LUT5 (Prop_lut5_I0_O)        0.332    31.068 r  vetrimodule/approxmd/linreg_plot/i___638_i_4/O
                         net (fo=1, routed)           0.000    31.068    vetrimodule/approxmd/linreg_plot/i___638_i_4_n_0
    SLICE_X51Y97         CARRY4 (Prop_carry4_S[1]_CO[3])
                                                      0.550    31.618 r  vetrimodule/approxmd/linreg_plot/slope1_inferred__0/i___638/CO[3]
                         net (fo=1, routed)           0.000    31.618    vetrimodule/approxmd/linreg_plot/slope1_inferred__0/i___638_n_0
    SLICE_X51Y98         CARRY4 (Prop_carry4_CI_CO[3])
                                                      0.114    31.732 r  vetrimodule/approxmd/linreg_plot/slope1_inferred__0/i___639/CO[3]
                         net (fo=1, routed)           0.000    31.732    vetrimodule/approxmd/linreg_plot/slope1_inferred__0/i___639_n_0
    SLICE_X51Y99         CARRY4 (Prop_carry4_CI_CO[3])
                                                      0.114    31.846 r  vetrimodule/approxmd/linreg_plot/slope1_inferred__0/i___640/CO[3]
                         net (fo=1, routed)           0.001    31.847    vetrimodule/approxmd/linreg_plot/slope1_inferred__0/i___640_n_0
    SLICE_X51Y100        CARRY4 (Prop_carry4_CI_CO[3])
                                                      0.114    31.961 r  vetrimodule/approxmd/linreg_plot/slope1_inferred__0/i___641/CO[3]
                         net (fo=1, routed)           0.000    31.961    vetrimodule/approxmd/linreg_plot/slope1_inferred__0/i___641_n_0
    SLICE_X51Y101        CARRY4 (Prop_carry4_CI_CO[3])
                                                      0.114    32.075 r  vetrimodule/approxmd/linreg_plot/slope1_inferred__0/i___642/CO[3]
                         net (fo=1, routed)           0.000    32.075    vetrimodule/approxmd/linreg_plot/slope1_inferred__0/i___642_n_0
    SLICE_X51Y102        CARRY4 (Prop_carry4_CI_CO[3])
                                                      0.114    32.189 r  vetrimodule/approxmd/linreg_plot/slope1_inferred__0/i___643/CO[3]
                         net (fo=1, routed)           0.000    32.189    vetrimodule/approxmd/linreg_plot/slope1_inferred__0/i___643_n_0
    SLICE_X51Y103        CARRY4 (Prop_carry4_CI_CO[1])
                                                      0.157    32.346 r  vetrimodule/approxmd/linreg_plot/slope1_inferred__0/i___644/CO[1]
                         net (fo=29, routed)          1.041    33.387    vetrimodule/approxmd/linreg_plot/slope10_in[14]
    SLICE_X52Y95         LUT5 (Prop_lut5_I0_O)        0.329    33.716 r  vetrimodule/approxmd/linreg_plot/i___645_i_4/O
                         net (fo=1, routed)           0.000    33.716    vetrimodule/approxmd/linreg_plot/i___645_i_4_n_0
    SLICE_X52Y95         CARRY4 (Prop_carry4_S[1]_CO[3])
                                                      0.533    34.249 r  vetrimodule/approxmd/linreg_plot/slope1_inferred__0/i___645/CO[3]
                         net (fo=1, routed)           0.000    34.249    vetrimodule/approxmd/linreg_plot/slope1_inferred__0/i___645_n_0
    SLICE_X52Y96         CARRY4 (Prop_carry4_CI_CO[3])
                                                      0.117    34.366 r  vetrimodule/approxmd/linreg_plot/slope1_inferred__0/i___646/CO[3]
                         net (fo=1, routed)           0.000    34.366    vetrimodule/approxmd/linreg_plot/slope1_inferred__0/i___646_n_0
    SLICE_X52Y97         CARRY4 (Prop_carry4_CI_CO[3])
                                                      0.117    34.483 r  vetrimodule/approxmd/linreg_plot/slope1_inferred__0/i___647/CO[3]
                         net (fo=1, routed)           0.000    34.483    vetrimodule/approxmd/linreg_plot/slope1_inferred__0/i___647_n_0
    SLICE_X52Y98         CARRY4 (Prop_carry4_CI_CO[3])
                                                      0.117    34.600 r  vetrimodule/approxmd/linreg_plot/slope1_inferred__0/i___648/CO[3]
                         net (fo=1, routed)           0.000    34.600    vetrimodule/approxmd/linreg_plot/slope1_inferred__0/i___648_n_0
    SLICE_X52Y99         CARRY4 (Prop_carry4_CI_CO[3])
                                                      0.117    34.717 r  vetrimodule/approxmd/linreg_plot/slope1_inferred__0/i___649/CO[3]
                         net (fo=1, routed)           0.001    34.718    vetrimodule/approxmd/linreg_plot/slope1_inferred__0/i___649_n_0
    SLICE_X52Y100        CARRY4 (Prop_carry4_CI_CO[3])
                                                      0.117    34.835 r  vetrimodule/approxmd/linreg_plot/slope1_inferred__0/i___650/CO[3]
                         net (fo=1, routed)           0.000    34.835    vetrimodule/approxmd/linreg_plot/slope1_inferred__0/i___650_n_0
    SLICE_X52Y101        CARRY4 (Prop_carry4_CI_CO[1])
                                                      0.157    34.992 r  vetrimodule/approxmd/linreg_plot/slope1_inferred__0/i___651/CO[1]
                         net (fo=29, routed)          0.819    35.811    vetrimodule/approxmd/linreg_plot/slope10_in[13]
    SLICE_X53Y97         LUT5 (Prop_lut5_I0_O)        0.332    36.143 r  vetrimodule/approxmd/linreg_plot/i___652_i_4/O
                         net (fo=1, routed)           0.000    36.143    vetrimodule/approxmd/linreg_plot/i___652_i_4_n_0
    SLICE_X53Y97         CARRY4 (Prop_carry4_S[1]_CO[3])
                                                      0.550    36.693 r  vetrimodule/approxmd/linreg_plot/slope1_inferred__0/i___652/CO[3]
                         net (fo=1, routed)           0.000    36.693    vetrimodule/approxmd/linreg_plot/slope1_inferred__0/i___652_n_0
    SLICE_X53Y98         CARRY4 (Prop_carry4_CI_CO[3])
                                                      0.114    36.807 r  vetrimodule/approxmd/linreg_plot/slope1_inferred__0/i___653/CO[3]
                         net (fo=1, routed)           0.000    36.807    vetrimodule/approxmd/linreg_plot/slope1_inferred__0/i___653_n_0
    SLICE_X53Y99         CARRY4 (Prop_carry4_CI_CO[3])
                                                      0.114    36.921 r  vetrimodule/approxmd/linreg_plot/slope1_inferred__0/i___654/CO[3]
                         net (fo=1, routed)           0.001    36.921    vetrimodule/approxmd/linreg_plot/slope1_inferred__0/i___654_n_0
    SLICE_X53Y100        CARRY4 (Prop_carry4_CI_CO[3])
                                                      0.114    37.035 r  vetrimodule/approxmd/linreg_plot/slope1_inferred__0/i___655/CO[3]
                         net (fo=1, routed)           0.000    37.035    vetrimodule/approxmd/linreg_plot/slope1_inferred__0/i___655_n_0
    SLICE_X53Y101        CARRY4 (Prop_carry4_CI_CO[3])
                                                      0.114    37.149 r  vetrimodule/approxmd/linreg_plot/slope1_inferred__0/i___656/CO[3]
                         net (fo=1, routed)           0.000    37.149    vetrimodule/approxmd/linreg_plot/slope1_inferred__0/i___656_n_0
    SLICE_X53Y102        CARRY4 (Prop_carry4_CI_CO[3])
                                                      0.114    37.263 r  vetrimodule/approxmd/linreg_plot/slope1_inferred__0/i___657/CO[3]
                         net (fo=1, routed)           0.000    37.263    vetrimodule/approxmd/linreg_plot/slope1_inferred__0/i___657_n_0
    SLICE_X53Y103        CARRY4 (Prop_carry4_CI_CO[1])
                                                      0.157    37.420 r  vetrimodule/approxmd/linreg_plot/slope1_inferred__0/i___658/CO[1]
                         net (fo=29, routed)          0.672    38.093    vetrimodule/approxmd/linreg_plot/slope10_in[12]
    SLICE_X48Y105        LUT5 (Prop_lut5_I0_O)        0.329    38.422 r  vetrimodule/approxmd/linreg_plot/i___660_i_3/O
                         net (fo=1, routed)           0.000    38.422    vetrimodule/approxmd/linreg_plot/i___660_i_3_n_0
    SLICE_X48Y105        CARRY4 (Prop_carry4_S[1]_CO[3])
                                                      0.550    38.972 r  vetrimodule/approxmd/linreg_plot/slope1_inferred__0/i___660/CO[3]
                         net (fo=1, routed)           0.000    38.972    vetrimodule/approxmd/linreg_plot/slope1_inferred__0/i___660_n_0
    SLICE_X48Y106        CARRY4 (Prop_carry4_CI_CO[3])
                                                      0.114    39.086 r  vetrimodule/approxmd/linreg_plot/slope1_inferred__0/i___661/CO[3]
                         net (fo=1, routed)           0.000    39.086    vetrimodule/approxmd/linreg_plot/slope1_inferred__0/i___661_n_0
    SLICE_X48Y107        CARRY4 (Prop_carry4_CI_CO[3])
                                                      0.114    39.200 r  vetrimodule/approxmd/linreg_plot/slope1_inferred__0/i___662/CO[3]
                         net (fo=1, routed)           0.000    39.200    vetrimodule/approxmd/linreg_plot/slope1_inferred__0/i___662_n_0
    SLICE_X48Y108        CARRY4 (Prop_carry4_CI_CO[3])
                                                      0.114    39.314 r  vetrimodule/approxmd/linreg_plot/slope1_inferred__0/i___663/CO[3]
                         net (fo=1, routed)           0.000    39.314    vetrimodule/approxmd/linreg_plot/slope1_inferred__0/i___663_n_0
    SLICE_X48Y109        CARRY4 (Prop_carry4_CI_CO[3])
                                                      0.114    39.428 r  vetrimodule/approxmd/linreg_plot/slope1_inferred__0/i___664/CO[3]
                         net (fo=1, routed)           0.000    39.428    vetrimodule/approxmd/linreg_plot/slope1_inferred__0/i___664_n_0
    SLICE_X48Y110        CARRY4 (Prop_carry4_CI_CO[1])
                                                      0.157    39.585 r  vetrimodule/approxmd/linreg_plot/slope1_inferred__0/i___665/CO[1]
                         net (fo=29, routed)          0.774    40.358    vetrimodule/approxmd/linreg_plot/slope10_in[11]
    SLICE_X51Y105        LUT3 (Prop_lut3_I0_O)        0.329    40.687 r  vetrimodule/approxmd/linreg_plot/i___666_i_3/O
                         net (fo=1, routed)           0.000    40.687    vetrimodule/approxmd/linreg_plot/i___666_i_3_n_0
    SLICE_X51Y105        CARRY4 (Prop_carry4_S[1]_CO[3])
                                                      0.550    41.237 r  vetrimodule/approxmd/linreg_plot/slope1_inferred__0/i___666/CO[3]
                         net (fo=1, routed)           0.000    41.237    vetrimodule/approxmd/linreg_plot/slope1_inferred__0/i___666_n_0
    SLICE_X51Y106        CARRY4 (Prop_carry4_CI_CO[3])
                                                      0.114    41.351 r  vetrimodule/approxmd/linreg_plot/slope1_inferred__0/i___667/CO[3]
                         net (fo=1, routed)           0.000    41.351    vetrimodule/approxmd/linreg_plot/slope1_inferred__0/i___667_n_0
    SLICE_X51Y107        CARRY4 (Prop_carry4_CI_CO[3])
                                                      0.114    41.465 r  vetrimodule/approxmd/linreg_plot/slope1_inferred__0/i___668/CO[3]
                         net (fo=1, routed)           0.000    41.465    vetrimodule/approxmd/linreg_plot/slope1_inferred__0/i___668_n_0
    SLICE_X51Y108        CARRY4 (Prop_carry4_CI_CO[3])
                                                      0.114    41.579 r  vetrimodule/approxmd/linreg_plot/slope1_inferred__0/i___669/CO[3]
                         net (fo=1, routed)           0.000    41.579    vetrimodule/approxmd/linreg_plot/slope1_inferred__0/i___669_n_0
    SLICE_X51Y109        CARRY4 (Prop_carry4_CI_CO[3])
                                                      0.114    41.693 r  vetrimodule/approxmd/linreg_plot/slope1_inferred__0/i___670/CO[3]
                         net (fo=1, routed)           0.000    41.693    vetrimodule/approxmd/linreg_plot/slope1_inferred__0/i___670_n_0
    SLICE_X51Y110        CARRY4 (Prop_carry4_CI_CO[3])
                                                      0.114    41.807 r  vetrimodule/approxmd/linreg_plot/slope1_inferred__0/i___671/CO[3]
                         net (fo=1, routed)           0.000    41.807    vetrimodule/approxmd/linreg_plot/slope1_inferred__0/i___671_n_0
    SLICE_X51Y111        CARRY4 (Prop_carry4_CI_CO[1])
                                                      0.157    41.964 r  vetrimodule/approxmd/linreg_plot/slope1_inferred__0/i___672/CO[1]
                         net (fo=30, routed)          0.888    42.853    vetrimodule/approxmd/linreg_plot/slope10_in[10]
    SLICE_X55Y106        LUT2 (Prop_lut2_I1_O)        0.329    43.182 r  vetrimodule/approxmd/linreg_plot/i___673_i_4/O
                         net (fo=1, routed)           0.000    43.182    vetrimodule/approxmd/linreg_plot/i___673_i_4_n_0
    SLICE_X55Y106        CARRY4 (Prop_carry4_S[1]_CO[3])
                                                      0.550    43.732 r  vetrimodule/approxmd/linreg_plot/slope1_inferred__0/i___673/CO[3]
                         net (fo=1, routed)           0.000    43.732    vetrimodule/approxmd/linreg_plot/slope1_inferred__0/i___673_n_0
    SLICE_X55Y107        CARRY4 (Prop_carry4_CI_CO[3])
                                                      0.114    43.846 r  vetrimodule/approxmd/linreg_plot/slope1_inferred__0/i___674/CO[3]
                         net (fo=1, routed)           0.000    43.846    vetrimodule/approxmd/linreg_plot/slope1_inferred__0/i___674_n_0
    SLICE_X55Y108        CARRY4 (Prop_carry4_CI_CO[3])
                                                      0.114    43.960 r  vetrimodule/approxmd/linreg_plot/slope1_inferred__0/i___675/CO[3]
                         net (fo=1, routed)           0.000    43.960    vetrimodule/approxmd/linreg_plot/slope1_inferred__0/i___675_n_0
    SLICE_X55Y109        CARRY4 (Prop_carry4_CI_CO[3])
                                                      0.114    44.074 r  vetrimodule/approxmd/linreg_plot/slope1_inferred__0/i___676/CO[3]
                         net (fo=1, routed)           0.000    44.074    vetrimodule/approxmd/linreg_plot/slope1_inferred__0/i___676_n_0
    SLICE_X55Y110        CARRY4 (Prop_carry4_CI_CO[3])
                                                      0.114    44.188 r  vetrimodule/approxmd/linreg_plot/slope1_inferred__0/i___677/CO[3]
                         net (fo=1, routed)           0.000    44.188    vetrimodule/approxmd/linreg_plot/slope1_inferred__0/i___677_n_0
    SLICE_X55Y111        CARRY4 (Prop_carry4_CI_CO[3])
                                                      0.114    44.302 r  vetrimodule/approxmd/linreg_plot/slope1_inferred__0/i___678/CO[3]
                         net (fo=1, routed)           0.000    44.302    vetrimodule/approxmd/linreg_plot/slope1_inferred__0/i___678_n_0
    SLICE_X55Y112        CARRY4 (Prop_carry4_CI_CO[1])
                                                      0.157    44.459 r  vetrimodule/approxmd/linreg_plot/slope1_inferred__0/i___679/CO[1]
                         net (fo=30, routed)          0.699    45.158    vetrimodule/approxmd/linreg_plot/slope10_in[9]
    SLICE_X54Y110        LUT2 (Prop_lut2_I1_O)        0.329    45.487 r  vetrimodule/approxmd/linreg_plot/i___680_i_4/O
                         net (fo=1, routed)           0.000    45.487    vetrimodule/approxmd/linreg_plot/i___680_i_4_n_0
    SLICE_X54Y110        CARRY4 (Prop_carry4_S[1]_CO[3])
                                                      0.533    46.020 r  vetrimodule/approxmd/linreg_plot/slope1_inferred__0/i___680/CO[3]
                         net (fo=1, routed)           0.000    46.020    vetrimodule/approxmd/linreg_plot/slope1_inferred__0/i___680_n_0
    SLICE_X54Y111        CARRY4 (Prop_carry4_CI_CO[3])
                                                      0.117    46.137 r  vetrimodule/approxmd/linreg_plot/slope1_inferred__0/i___681/CO[3]
                         net (fo=1, routed)           0.000    46.137    vetrimodule/approxmd/linreg_plot/slope1_inferred__0/i___681_n_0
    SLICE_X54Y112        CARRY4 (Prop_carry4_CI_CO[3])
                                                      0.117    46.254 r  vetrimodule/approxmd/linreg_plot/slope1_inferred__0/i___682/CO[3]
                         net (fo=1, routed)           0.000    46.254    vetrimodule/approxmd/linreg_plot/slope1_inferred__0/i___682_n_0
    SLICE_X54Y113        CARRY4 (Prop_carry4_CI_CO[3])
                                                      0.117    46.371 r  vetrimodule/approxmd/linreg_plot/slope1_inferred__0/i___683/CO[3]
                         net (fo=1, routed)           0.000    46.371    vetrimodule/approxmd/linreg_plot/slope1_inferred__0/i___683_n_0
    SLICE_X54Y114        CARRY4 (Prop_carry4_CI_CO[3])
                                                      0.117    46.488 r  vetrimodule/approxmd/linreg_plot/slope1_inferred__0/i___684/CO[3]
                         net (fo=1, routed)           0.000    46.488    vetrimodule/approxmd/linreg_plot/slope1_inferred__0/i___684_n_0
    SLICE_X54Y115        CARRY4 (Prop_carry4_CI_CO[3])
                                                      0.117    46.605 r  vetrimodule/approxmd/linreg_plot/slope1_inferred__0/i___685/CO[3]
                         net (fo=1, routed)           0.000    46.605    vetrimodule/approxmd/linreg_plot/slope1_inferred__0/i___685_n_0
    SLICE_X54Y116        CARRY4 (Prop_carry4_CI_CO[1])
                                                      0.157    46.762 r  vetrimodule/approxmd/linreg_plot/slope1_inferred__0/i___686/CO[1]
                         net (fo=30, routed)          1.067    47.829    vetrimodule/approxmd/linreg_plot/slope10_in[8]
    SLICE_X52Y109        CARRY4 (Prop_carry4_CYINIT_CO[3])
                                                      0.803    48.632 r  vetrimodule/approxmd/linreg_plot/slope1_inferred__0/i___687/CO[3]
                         net (fo=1, routed)           0.000    48.632    vetrimodule/approxmd/linreg_plot/slope1_inferred__0/i___687_n_0
    SLICE_X52Y110        CARRY4 (Prop_carry4_CI_CO[3])
                                                      0.117    48.749 r  vetrimodule/approxmd/linreg_plot/slope1_inferred__0/i___688/CO[3]
                         net (fo=1, routed)           0.000    48.749    vetrimodule/approxmd/linreg_plot/slope1_inferred__0/i___688_n_0
    SLICE_X52Y111        CARRY4 (Prop_carry4_CI_CO[3])
                                                      0.117    48.866 r  vetrimodule/approxmd/linreg_plot/slope1_inferred__0/i___689/CO[3]
                         net (fo=1, routed)           0.000    48.866    vetrimodule/approxmd/linreg_plot/slope1_inferred__0/i___689_n_0
    SLICE_X52Y112        CARRY4 (Prop_carry4_CI_CO[3])
                                                      0.117    48.983 r  vetrimodule/approxmd/linreg_plot/slope1_inferred__0/i___690/CO[3]
                         net (fo=1, routed)           0.000    48.983    vetrimodule/approxmd/linreg_plot/slope1_inferred__0/i___690_n_0
    SLICE_X52Y113        CARRY4 (Prop_carry4_CI_CO[3])
                                                      0.117    49.100 r  vetrimodule/approxmd/linreg_plot/slope1_inferred__0/i___691/CO[3]
                         net (fo=1, routed)           0.000    49.100    vetrimodule/approxmd/linreg_plot/slope1_inferred__0/i___691_n_0
    SLICE_X52Y114        CARRY4 (Prop_carry4_CI_CO[3])
                                                      0.117    49.217 r  vetrimodule/approxmd/linreg_plot/slope1_inferred__0/i___692/CO[3]
                         net (fo=1, routed)           0.000    49.217    vetrimodule/approxmd/linreg_plot/slope1_inferred__0/i___692_n_0
    SLICE_X52Y115        CARRY4 (Prop_carry4_CI_CO[1])
                                                      0.157    49.374 r  vetrimodule/approxmd/linreg_plot/slope1_inferred__0/i___693/CO[1]
                         net (fo=30, routed)          1.023    50.396    vetrimodule/approxmd/linreg_plot/slope10_in[7]
    SLICE_X53Y106        LUT2 (Prop_lut2_I1_O)        0.332    50.729 r  vetrimodule/approxmd/linreg_plot/i___694_i_4/O
                         net (fo=1, routed)           0.000    50.729    vetrimodule/approxmd/linreg_plot/i___694_i_4_n_0
    SLICE_X53Y106        CARRY4 (Prop_carry4_S[1]_CO[3])
                                                      0.550    51.278 r  vetrimodule/approxmd/linreg_plot/slope1_inferred__0/i___694/CO[3]
                         net (fo=1, routed)           0.000    51.278    vetrimodule/approxmd/linreg_plot/slope1_inferred__0/i___694_n_0
    SLICE_X53Y107        CARRY4 (Prop_carry4_CI_CO[3])
                                                      0.114    51.392 r  vetrimodule/approxmd/linreg_plot/slope1_inferred__0/i___695/CO[3]
                         net (fo=1, routed)           0.000    51.392    vetrimodule/approxmd/linreg_plot/slope1_inferred__0/i___695_n_0
    SLICE_X53Y108        CARRY4 (Prop_carry4_CI_CO[3])
                                                      0.114    51.506 r  vetrimodule/approxmd/linreg_plot/slope1_inferred__0/i___696/CO[3]
                         net (fo=1, routed)           0.000    51.506    vetrimodule/approxmd/linreg_plot/slope1_inferred__0/i___696_n_0
    SLICE_X53Y109        CARRY4 (Prop_carry4_CI_CO[3])
                                                      0.114    51.620 r  vetrimodule/approxmd/linreg_plot/slope1_inferred__0/i___697/CO[3]
                         net (fo=1, routed)           0.000    51.620    vetrimodule/approxmd/linreg_plot/slope1_inferred__0/i___697_n_0
    SLICE_X53Y110        CARRY4 (Prop_carry4_CI_CO[3])
                                                      0.114    51.734 r  vetrimodule/approxmd/linreg_plot/slope1_inferred__0/i___698/CO[3]
                         net (fo=1, routed)           0.000    51.734    vetrimodule/approxmd/linreg_plot/slope1_inferred__0/i___698_n_0
    SLICE_X53Y111        CARRY4 (Prop_carry4_CI_CO[3])
                                                      0.114    51.848 r  vetrimodule/approxmd/linreg_plot/slope1_inferred__0/i___699/CO[3]
                         net (fo=1, routed)           0.000    51.848    vetrimodule/approxmd/linreg_plot/slope1_inferred__0/i___699_n_0
    SLICE_X53Y112        CARRY4 (Prop_carry4_CI_CO[1])
                                                      0.157    52.005 r  vetrimodule/approxmd/linreg_plot/slope1_inferred__0/i___700/CO[1]
                         net (fo=30, routed)          0.679    52.684    vetrimodule/approxmd/linreg_plot/slope10_in[6]
    SLICE_X53Y114        LUT2 (Prop_lut2_I1_O)        0.329    53.013 r  vetrimodule/approxmd/linreg_plot/i___701_i_4/O
                         net (fo=1, routed)           0.000    53.013    vetrimodule/approxmd/linreg_plot/i___701_i_4_n_0
    SLICE_X53Y114        CARRY4 (Prop_carry4_S[1]_CO[3])
                                                      0.550    53.563 r  vetrimodule/approxmd/linreg_plot/slope1_inferred__0/i___701/CO[3]
                         net (fo=1, routed)           0.000    53.563    vetrimodule/approxmd/linreg_plot/slope1_inferred__0/i___701_n_0
    SLICE_X53Y115        CARRY4 (Prop_carry4_CI_CO[3])
                                                      0.114    53.677 r  vetrimodule/approxmd/linreg_plot/slope1_inferred__0/i___702/CO[3]
                         net (fo=1, routed)           0.000    53.677    vetrimodule/approxmd/linreg_plot/slope1_inferred__0/i___702_n_0
    SLICE_X53Y116        CARRY4 (Prop_carry4_CI_CO[3])
                                                      0.114    53.791 r  vetrimodule/approxmd/linreg_plot/slope1_inferred__0/i___703/CO[3]
                         net (fo=1, routed)           0.000    53.791    vetrimodule/approxmd/linreg_plot/slope1_inferred__0/i___703_n_0
    SLICE_X53Y117        CARRY4 (Prop_carry4_CI_CO[3])
                                                      0.114    53.905 r  vetrimodule/approxmd/linreg_plot/slope1_inferred__0/i___704/CO[3]
                         net (fo=1, routed)           0.000    53.905    vetrimodule/approxmd/linreg_plot/slope1_inferred__0/i___704_n_0
    SLICE_X53Y118        CARRY4 (Prop_carry4_CI_CO[3])
                                                      0.114    54.019 r  vetrimodule/approxmd/linreg_plot/slope1_inferred__0/i___705/CO[3]
                         net (fo=1, routed)           0.000    54.019    vetrimodule/approxmd/linreg_plot/slope1_inferred__0/i___705_n_0
    SLICE_X53Y119        CARRY4 (Prop_carry4_CI_CO[3])
                                                      0.114    54.133 r  vetrimodule/approxmd/linreg_plot/slope1_inferred__0/i___706/CO[3]
                         net (fo=1, routed)           0.000    54.133    vetrimodule/approxmd/linreg_plot/slope1_inferred__0/i___706_n_0
    SLICE_X53Y120        CARRY4 (Prop_carry4_CI_CO[1])
                                                      0.157    54.290 r  vetrimodule/approxmd/linreg_plot/slope1_inferred__0/i___707/CO[1]
                         net (fo=30, routed)          0.883    55.174    vetrimodule/approxmd/linreg_plot/slope10_in[5]
    SLICE_X52Y117        LUT2 (Prop_lut2_I1_O)        0.329    55.503 r  vetrimodule/approxmd/linreg_plot/i___708_i_4/O
                         net (fo=1, routed)           0.000    55.503    vetrimodule/approxmd/linreg_plot/i___708_i_4_n_0
    SLICE_X52Y117        CARRY4 (Prop_carry4_S[1]_CO[3])
                                                      0.533    56.036 r  vetrimodule/approxmd/linreg_plot/slope1_inferred__0/i___708/CO[3]
                         net (fo=1, routed)           0.000    56.036    vetrimodule/approxmd/linreg_plot/slope1_inferred__0/i___708_n_0
    SLICE_X52Y118        CARRY4 (Prop_carry4_CI_CO[3])
                                                      0.117    56.153 r  vetrimodule/approxmd/linreg_plot/slope1_inferred__0/i___709/CO[3]
                         net (fo=1, routed)           0.000    56.153    vetrimodule/approxmd/linreg_plot/slope1_inferred__0/i___709_n_0
    SLICE_X52Y119        CARRY4 (Prop_carry4_CI_CO[3])
                                                      0.117    56.270 r  vetrimodule/approxmd/linreg_plot/slope1_inferred__0/i___710/CO[3]
                         net (fo=1, routed)           0.000    56.270    vetrimodule/approxmd/linreg_plot/slope1_inferred__0/i___710_n_0
    SLICE_X52Y120        CARRY4 (Prop_carry4_CI_CO[3])
                                                      0.117    56.387 r  vetrimodule/approxmd/linreg_plot/slope1_inferred__0/i___711/CO[3]
                         net (fo=1, routed)           0.000    56.387    vetrimodule/approxmd/linreg_plot/slope1_inferred__0/i___711_n_0
    SLICE_X52Y121        CARRY4 (Prop_carry4_CI_CO[3])
                                                      0.117    56.504 r  vetrimodule/approxmd/linreg_plot/slope1_inferred__0/i___712/CO[3]
                         net (fo=1, routed)           0.000    56.504    vetrimodule/approxmd/linreg_plot/slope1_inferred__0/i___712_n_0
    SLICE_X52Y122        CARRY4 (Prop_carry4_CI_CO[3])
                                                      0.117    56.621 r  vetrimodule/approxmd/linreg_plot/slope1_inferred__0/i___713/CO[3]
                         net (fo=1, routed)           0.000    56.621    vetrimodule/approxmd/linreg_plot/slope1_inferred__0/i___713_n_0
    SLICE_X52Y123        CARRY4 (Prop_carry4_CI_CO[1])
                                                      0.157    56.778 r  vetrimodule/approxmd/linreg_plot/slope1_inferred__0/i___714/CO[1]
                         net (fo=30, routed)          0.940    57.718    vetrimodule/approxmd/linreg_plot/slope10_in[4]
    SLICE_X50Y118        LUT2 (Prop_lut2_I1_O)        0.332    58.050 r  vetrimodule/approxmd/linreg_plot/i___715_i_4/O
                         net (fo=1, routed)           0.000    58.050    vetrimodule/approxmd/linreg_plot/i___715_i_4_n_0
    SLICE_X50Y118        CARRY4 (Prop_carry4_S[1]_CO[3])
                                                      0.533    58.583 r  vetrimodule/approxmd/linreg_plot/slope1_inferred__0/i___715/CO[3]
                         net (fo=1, routed)           0.000    58.583    vetrimodule/approxmd/linreg_plot/slope1_inferred__0/i___715_n_0
    SLICE_X50Y119        CARRY4 (Prop_carry4_CI_CO[3])
                                                      0.117    58.700 r  vetrimodule/approxmd/linreg_plot/slope1_inferred__0/i___716/CO[3]
                         net (fo=1, routed)           0.000    58.700    vetrimodule/approxmd/linreg_plot/slope1_inferred__0/i___716_n_0
    SLICE_X50Y120        CARRY4 (Prop_carry4_CI_CO[3])
                                                      0.117    58.817 r  vetrimodule/approxmd/linreg_plot/slope1_inferred__0/i___717/CO[3]
                         net (fo=1, routed)           0.000    58.817    vetrimodule/approxmd/linreg_plot/slope1_inferred__0/i___717_n_0
    SLICE_X50Y121        CARRY4 (Prop_carry4_CI_CO[3])
                                                      0.117    58.934 r  vetrimodule/approxmd/linreg_plot/slope1_inferred__0/i___718/CO[3]
                         net (fo=1, routed)           0.000    58.934    vetrimodule/approxmd/linreg_plot/slope1_inferred__0/i___718_n_0
    SLICE_X50Y122        CARRY4 (Prop_carry4_CI_CO[3])
                                                      0.117    59.051 r  vetrimodule/approxmd/linreg_plot/slope1_inferred__0/i___719/CO[3]
                         net (fo=1, routed)           0.000    59.051    vetrimodule/approxmd/linreg_plot/slope1_inferred__0/i___719_n_0
    SLICE_X50Y123        CARRY4 (Prop_carry4_CI_CO[3])
                                                      0.117    59.168 r  vetrimodule/approxmd/linreg_plot/slope1_inferred__0/i___720/CO[3]
                         net (fo=1, routed)           0.000    59.168    vetrimodule/approxmd/linreg_plot/slope1_inferred__0/i___720_n_0
    SLICE_X50Y124        CARRY4 (Prop_carry4_CI_CO[1])
                                                      0.157    59.325 r  vetrimodule/approxmd/linreg_plot/slope1_inferred__0/i___721/CO[1]
                         net (fo=30, routed)          1.042    60.366    vetrimodule/approxmd/linreg_plot/slope10_in[3]
    SLICE_X56Y119        LUT2 (Prop_lut2_I1_O)        0.332    60.698 r  vetrimodule/approxmd/linreg_plot/i___722_i_4/O
                         net (fo=1, routed)           0.000    60.698    vetrimodule/approxmd/linreg_plot/i___722_i_4_n_0
    SLICE_X56Y119        CARRY4 (Prop_carry4_S[1]_CO[3])
                                                      0.533    61.231 r  vetrimodule/approxmd/linreg_plot/slope1_inferred__0/i___722/CO[3]
                         net (fo=1, routed)           0.000    61.231    vetrimodule/approxmd/linreg_plot/slope1_inferred__0/i___722_n_0
    SLICE_X56Y120        CARRY4 (Prop_carry4_CI_CO[3])
                                                      0.117    61.348 r  vetrimodule/approxmd/linreg_plot/slope1_inferred__0/i___723/CO[3]
                         net (fo=1, routed)           0.000    61.348    vetrimodule/approxmd/linreg_plot/slope1_inferred__0/i___723_n_0
    SLICE_X56Y121        CARRY4 (Prop_carry4_CI_CO[3])
                                                      0.117    61.465 r  vetrimodule/approxmd/linreg_plot/slope1_inferred__0/i___724/CO[3]
                         net (fo=1, routed)           0.000    61.465    vetrimodule/approxmd/linreg_plot/slope1_inferred__0/i___724_n_0
    SLICE_X56Y122        CARRY4 (Prop_carry4_CI_CO[3])
                                                      0.117    61.582 r  vetrimodule/approxmd/linreg_plot/slope1_inferred__0/i___725/CO[3]
                         net (fo=1, routed)           0.000    61.582    vetrimodule/approxmd/linreg_plot/slope1_inferred__0/i___725_n_0
    SLICE_X56Y123        CARRY4 (Prop_carry4_CI_CO[3])
                                                      0.117    61.699 r  vetrimodule/approxmd/linreg_plot/slope1_inferred__0/i___726/CO[3]
                         net (fo=1, routed)           0.000    61.699    vetrimodule/approxmd/linreg_plot/slope1_inferred__0/i___726_n_0
    SLICE_X56Y124        CARRY4 (Prop_carry4_CI_CO[3])
                                                      0.117    61.816 r  vetrimodule/approxmd/linreg_plot/slope1_inferred__0/i___727/CO[3]
                         net (fo=1, routed)           0.009    61.825    vetrimodule/approxmd/linreg_plot/slope1_inferred__0/i___727_n_0
    SLICE_X56Y125        CARRY4 (Prop_carry4_CI_CO[1])
                                                      0.157    61.982 r  vetrimodule/approxmd/linreg_plot/slope1_inferred__0/i___728/CO[1]
                         net (fo=30, routed)          0.945    62.928    vetrimodule/approxmd/linreg_plot/slope10_in[2]
    SLICE_X57Y118        LUT2 (Prop_lut2_I1_O)        0.332    63.260 r  vetrimodule/approxmd/linreg_plot/i___729_i_4/O
                         net (fo=1, routed)           0.000    63.260    vetrimodule/approxmd/linreg_plot/i___729_i_4_n_0
    SLICE_X57Y118        CARRY4 (Prop_carry4_S[1]_CO[3])
                                                      0.550    63.810 r  vetrimodule/approxmd/linreg_plot/slope1_inferred__0/i___729/CO[3]
                         net (fo=1, routed)           0.000    63.810    vetrimodule/approxmd/linreg_plot/slope1_inferred__0/i___729_n_0
    SLICE_X57Y119        CARRY4 (Prop_carry4_CI_CO[3])
                                                      0.114    63.924 r  vetrimodule/approxmd/linreg_plot/slope1_inferred__0/i___730/CO[3]
                         net (fo=1, routed)           0.000    63.924    vetrimodule/approxmd/linreg_plot/slope1_inferred__0/i___730_n_0
    SLICE_X57Y120        CARRY4 (Prop_carry4_CI_CO[3])
                                                      0.114    64.038 r  vetrimodule/approxmd/linreg_plot/slope1_inferred__0/i___731/CO[3]
                         net (fo=1, routed)           0.000    64.038    vetrimodule/approxmd/linreg_plot/slope1_inferred__0/i___731_n_0
    SLICE_X57Y121        CARRY4 (Prop_carry4_CI_CO[3])
                                                      0.114    64.152 r  vetrimodule/approxmd/linreg_plot/slope1_inferred__0/i___732/CO[3]
                         net (fo=1, routed)           0.000    64.152    vetrimodule/approxmd/linreg_plot/slope1_inferred__0/i___732_n_0
    SLICE_X57Y122        CARRY4 (Prop_carry4_CI_CO[3])
                                                      0.114    64.266 r  vetrimodule/approxmd/linreg_plot/slope1_inferred__0/i___733/CO[3]
                         net (fo=1, routed)           0.000    64.266    vetrimodule/approxmd/linreg_plot/slope1_inferred__0/i___733_n_0
    SLICE_X57Y123        CARRY4 (Prop_carry4_CI_CO[3])
                                                      0.114    64.380 r  vetrimodule/approxmd/linreg_plot/slope1_inferred__0/i___734/CO[3]
                         net (fo=1, routed)           0.000    64.380    vetrimodule/approxmd/linreg_plot/slope1_inferred__0/i___734_n_0
    SLICE_X57Y124        CARRY4 (Prop_carry4_CI_CO[1])
                                                      0.157    64.537 r  vetrimodule/approxmd/linreg_plot/slope1_inferred__0/i___735/CO[1]
                         net (fo=30, routed)          0.921    65.458    vetrimodule/approxmd/linreg_plot/slope10_in[1]
    SLICE_X55Y118        LUT2 (Prop_lut2_I1_O)        0.329    65.787 r  vetrimodule/approxmd/linreg_plot/i___736_i_5/O
                         net (fo=1, routed)           0.000    65.787    vetrimodule/approxmd/linreg_plot/i___736_i_5_n_0
    SLICE_X55Y118        CARRY4 (Prop_carry4_S[0]_CO[3])
                                                      0.532    66.319 r  vetrimodule/approxmd/linreg_plot/slope1_inferred__0/i___736/CO[3]
                         net (fo=1, routed)           0.000    66.319    vetrimodule/approxmd/linreg_plot/slope1_inferred__0/i___736_n_0
    SLICE_X55Y119        CARRY4 (Prop_carry4_CI_CO[3])
                                                      0.114    66.433 r  vetrimodule/approxmd/linreg_plot/slope1_inferred__0/i___737/CO[3]
                         net (fo=1, routed)           0.000    66.433    vetrimodule/approxmd/linreg_plot/slope1_inferred__0/i___737_n_0
    SLICE_X55Y120        CARRY4 (Prop_carry4_CI_CO[3])
                                                      0.114    66.547 r  vetrimodule/approxmd/linreg_plot/slope1_inferred__0/i___738/CO[3]
                         net (fo=1, routed)           0.000    66.547    vetrimodule/approxmd/linreg_plot/slope1_inferred__0/i___738_n_0
    SLICE_X55Y121        CARRY4 (Prop_carry4_CI_CO[3])
                                                      0.114    66.661 r  vetrimodule/approxmd/linreg_plot/slope1_inferred__0/i___739/CO[3]
                         net (fo=1, routed)           0.000    66.661    vetrimodule/approxmd/linreg_plot/slope1_inferred__0/i___739_n_0
    SLICE_X55Y122        CARRY4 (Prop_carry4_CI_CO[3])
                                                      0.114    66.775 r  vetrimodule/approxmd/linreg_plot/slope1_inferred__0/i___740/CO[3]
                         net (fo=1, routed)           0.000    66.775    vetrimodule/approxmd/linreg_plot/slope1_inferred__0/i___740_n_0
    SLICE_X55Y123        CARRY4 (Prop_carry4_CI_CO[3])
                                                      0.114    66.889 r  vetrimodule/approxmd/linreg_plot/slope1_inferred__0/i___741/CO[3]
                         net (fo=1, routed)           0.000    66.889    vetrimodule/approxmd/linreg_plot/slope1_inferred__0/i___741_n_0
    SLICE_X55Y124        CARRY4 (Prop_carry4_CI_CO[0])
                                                      0.271    67.160 f  vetrimodule/approxmd/linreg_plot/slope1_inferred__0/i___742/CO[0]
                         net (fo=2, routed)           0.369    67.529    vetrimodule/approxmd/linreg_plot/slope10_in[0]
    SLICE_X57Y125        LUT1 (Prop_lut1_I0_O)        0.373    67.902 r  vetrimodule/approxmd/linreg_plot/slope[4]_i_3/O
                         net (fo=1, routed)           0.384    68.286    vetrimodule/approxmd/linreg_plot/slope[4]_i_3_n_0
    SLICE_X54Y124        CARRY4 (Prop_carry4_CYINIT_CO[3])
                                                      0.595    68.881 r  vetrimodule/approxmd/linreg_plot/slope_reg[4]_i_2/CO[3]
                         net (fo=1, routed)           0.009    68.890    vetrimodule/approxmd/linreg_plot/slope_reg[4]_i_2_n_0
    SLICE_X54Y125        CARRY4 (Prop_carry4_CI_CO[3])
                                                      0.117    69.007 r  vetrimodule/approxmd/linreg_plot/slope_reg[8]_i_2/CO[3]
                         net (fo=1, routed)           0.000    69.007    vetrimodule/approxmd/linreg_plot/slope_reg[8]_i_2_n_0
    SLICE_X54Y126        CARRY4 (Prop_carry4_CI_CO[3])
                                                      0.117    69.124 r  vetrimodule/approxmd/linreg_plot/slope_reg[12]_i_2/CO[3]
                         net (fo=1, routed)           0.000    69.124    vetrimodule/approxmd/linreg_plot/slope_reg[12]_i_2_n_0
    SLICE_X54Y127        CARRY4 (Prop_carry4_CI_CO[3])
                                                      0.117    69.241 r  vetrimodule/approxmd/linreg_plot/slope_reg[16]_i_2/CO[3]
                         net (fo=1, routed)           0.000    69.241    vetrimodule/approxmd/linreg_plot/slope_reg[16]_i_2_n_0
    SLICE_X54Y128        CARRY4 (Prop_carry4_CI_CO[3])
                                                      0.117    69.358 r  vetrimodule/approxmd/linreg_plot/slope_reg[20]_i_2/CO[3]
                         net (fo=1, routed)           0.000    69.358    vetrimodule/approxmd/linreg_plot/slope_reg[20]_i_2_n_0
    SLICE_X54Y129        CARRY4 (Prop_carry4_CI_O[0])
                                                      0.219    69.577 r  vetrimodule/approxmd/linreg_plot/slope_reg[21]_i_4/O[0]
                         net (fo=1, routed)           0.299    69.876    vetrimodule/approxmd/linreg_plot/slope1[21]
    SLICE_X55Y128        LUT5 (Prop_lut5_I4_O)        0.295    70.171 r  vetrimodule/approxmd/linreg_plot/slope[21]_i_2/O
                         net (fo=1, routed)           0.000    70.171    vetrimodule/approxmd/linreg_plot/slope[21]
    SLICE_X55Y128        FDCE                                         r  vetrimodule/approxmd/linreg_plot/slope_reg[21]/D
  -------------------------------------------------------------------    -------------------

                         (clock sys_clk_pin rise edge)
                                                     10.000    10.000 r  
    W5                                                0.000    10.000 r  CLOCK (IN)
                         net (fo=0)                   0.000    10.000    CLOCK
    W5                   IBUF (Prop_ibuf_I_O)         1.388    11.388 r  CLOCK_IBUF_inst/O
                         net (fo=1, routed)           1.862    13.250    CLOCK_IBUF
    BUFGCTRL_X0Y0        BUFG (Prop_bufg_I_O)         0.091    13.341 r  CLOCK_IBUF_BUFG_inst/O
                         net (fo=4568, routed)        1.601    14.942    vetrimodule/approxmd/linreg_plot/CLOCK_IBUF_BUFG
    SLICE_X55Y128        FDCE                                         r  vetrimodule/approxmd/linreg_plot/slope_reg[21]/C
                         clock pessimism              0.187    15.129    
                         clock uncertainty           -0.035    15.094    
    SLICE_X55Y128        FDCE (Setup_fdce_C_D)        0.029    15.123    vetrimodule/approxmd/linreg_plot/slope_reg[21]
  -------------------------------------------------------------------
                         required time                         15.123    
                         arrival time                         -70.171    
  -------------------------------------------------------------------
                         slack                                -55.048    

Slack (VIOLATED) :        -55.041ns  (required time - arrival time)
  Source:                 vetrimodule/approxmd/linreg_plot/temp2_reg[0]/C
                            (rising edge-triggered cell FDCE clocked by sys_clk_pin  {rise@0.000ns fall@5.000ns period=10.000ns})
  Destination:            vetrimodule/approxmd/linreg_plot/slope_reg[18]/D
                            (rising edge-triggered cell FDCE clocked by sys_clk_pin  {rise@0.000ns fall@5.000ns period=10.000ns})
  Path Group:             sys_clk_pin
  Path Type:              Setup (Max at Slow Process Corner)
  Requirement:            10.000ns  (sys_clk_pin rise@10.000ns - sys_clk_pin rise@0.000ns)
  Data Path Delay:        65.023ns  (logic 41.941ns (64.502%)  route 23.082ns (35.498%))
  Logic Levels:           199  (CARRY4=173 LUT1=2 LUT2=10 LUT3=1 LUT4=1 LUT5=12)
  Clock Path Skew:        -0.014ns (DCD - SCD + CPR)
    Destination Clock Delay (DCD):    4.942ns = ( 14.942 - 10.000 ) 
    Source Clock Delay      (SCD):    5.143ns
    Clock Pessimism Removal (CPR):    0.187ns
  Clock Uncertainty:      0.035ns  ((TSJ^2 + TIJ^2)^1/2 + DJ) / 2 + PE
    Total System Jitter     (TSJ):    0.071ns
    Total Input Jitter      (TIJ):    0.000ns
    Discrete Jitter          (DJ):    0.000ns
    Phase Error              (PE):    0.000ns

    Location             Delay type                Incr(ns)  Path(ns)    Netlist Resource(s)
  -------------------------------------------------------------------    -------------------
                         (clock sys_clk_pin rise edge)
                                                      0.000     0.000 r  
    W5                                                0.000     0.000 r  CLOCK (IN)
                         net (fo=0)                   0.000     0.000    CLOCK
    W5                   IBUF (Prop_ibuf_I_O)         1.458     1.458 r  CLOCK_IBUF_inst/O
                         net (fo=1, routed)           1.967     3.425    CLOCK_IBUF
    BUFGCTRL_X0Y0        BUFG (Prop_bufg_I_O)         0.096     3.521 r  CLOCK_IBUF_BUFG_inst/O
                         net (fo=4568, routed)        1.622     5.143    vetrimodule/approxmd/linreg_plot/CLOCK_IBUF_BUFG
    SLICE_X58Y88         FDCE                                         r  vetrimodule/approxmd/linreg_plot/temp2_reg[0]/C
  -------------------------------------------------------------------    -------------------
    SLICE_X58Y88         FDCE (Prop_fdce_C_Q)         0.456     5.599 f  vetrimodule/approxmd/linreg_plot/temp2_reg[0]/Q
                         net (fo=36, routed)          0.301     5.900    vetrimodule/approxmd/linreg_plot/temp2[0]
    SLICE_X59Y88         LUT1 (Prop_lut1_I0_O)        0.124     6.024 r  vetrimodule/approxmd/linreg_plot/slope20_carry_i_1/O
                         net (fo=1, routed)           0.336     6.360    vetrimodule/approxmd/linreg_plot/slope20_carry_i_1_n_0
    SLICE_X58Y87         CARRY4 (Prop_carry4_CYINIT_CO[3])
                                                      0.580     6.940 r  vetrimodule/approxmd/linreg_plot/slope20_carry/CO[3]
                         net (fo=1, routed)           0.000     6.940    vetrimodule/approxmd/linreg_plot/slope20_carry_n_0
    SLICE_X58Y88         CARRY4 (Prop_carry4_CI_CO[3])
                                                      0.114     7.054 r  vetrimodule/approxmd/linreg_plot/slope20_carry__0/CO[3]
                         net (fo=1, routed)           0.000     7.054    vetrimodule/approxmd/linreg_plot/slope20_carry__0_n_0
    SLICE_X58Y89         CARRY4 (Prop_carry4_CI_CO[3])
                                                      0.114     7.168 r  vetrimodule/approxmd/linreg_plot/slope20_carry__1/CO[3]
                         net (fo=1, routed)           0.000     7.168    vetrimodule/approxmd/linreg_plot/slope20_carry__1_n_0
    SLICE_X58Y90         CARRY4 (Prop_carry4_CI_CO[0])
                                                      0.271     7.439 r  vetrimodule/approxmd/linreg_plot/i___578_i_9/CO[0]
                         net (fo=275, routed)         0.976     8.415    vetrimodule/approxmd/linreg_plot/i___578_i_9_n_3
    SLICE_X58Y94         LUT2 (Prop_lut2_I0_O)        0.373     8.788 r  vetrimodule/approxmd/linreg_plot/i___578_i_7/O
                         net (fo=1, routed)           0.000     8.788    vetrimodule/approxmd/linreg_plot/i___578_i_7_n_0
    SLICE_X58Y94         CARRY4 (Prop_carry4_S[1]_CO[3])
                                                      0.550     9.338 r  vetrimodule/approxmd/linreg_plot/slope1_inferred__0/i___578/CO[3]
                         net (fo=1, routed)           0.000     9.338    vetrimodule/approxmd/linreg_plot/slope1_inferred__0/i___578_n_0
    SLICE_X58Y95         CARRY4 (Prop_carry4_CI_CO[3])
                                                      0.114     9.452 r  vetrimodule/approxmd/linreg_plot/slope1_inferred__0/i___579/CO[3]
                         net (fo=1, routed)           0.000     9.452    vetrimodule/approxmd/linreg_plot/slope1_inferred__0/i___579_n_0
    SLICE_X58Y96         CARRY4 (Prop_carry4_CI_CO[3])
                                                      0.114     9.566 r  vetrimodule/approxmd/linreg_plot/slope1_inferred__0/i___580/CO[3]
                         net (fo=1, routed)           0.000     9.566    vetrimodule/approxmd/linreg_plot/slope1_inferred__0/i___580_n_0
    SLICE_X58Y97         CARRY4 (Prop_carry4_CI_CO[0])
                                                      0.271     9.837 r  vetrimodule/approxmd/linreg_plot/slope1_inferred__0/i___581/CO[0]
                         net (fo=27, routed)          0.923    10.760    vetrimodule/approxmd/linreg_plot/slope1_inferred__0/i___581_n_3
    SLICE_X59Y90         LUT4 (Prop_lut4_I0_O)        0.373    11.133 r  vetrimodule/approxmd/linreg_plot/i___582_i_4/O
                         net (fo=1, routed)           0.000    11.133    vetrimodule/approxmd/linreg_plot/i___582_i_4_n_0
    SLICE_X59Y90         CARRY4 (Prop_carry4_S[1]_CO[3])
                                                      0.550    11.683 r  vetrimodule/approxmd/linreg_plot/slope1_inferred__0/i___582/CO[3]
                         net (fo=1, routed)           0.000    11.683    vetrimodule/approxmd/linreg_plot/slope1_inferred__0/i___582_n_0
    SLICE_X59Y91         CARRY4 (Prop_carry4_CI_CO[3])
                                                      0.114    11.797 r  vetrimodule/approxmd/linreg_plot/slope1_inferred__0/i___583/CO[3]
                         net (fo=1, routed)           0.000    11.797    vetrimodule/approxmd/linreg_plot/slope1_inferred__0/i___583_n_0
    SLICE_X59Y92         CARRY4 (Prop_carry4_CI_CO[3])
                                                      0.114    11.911 r  vetrimodule/approxmd/linreg_plot/slope1_inferred__0/i___584/CO[3]
                         net (fo=1, routed)           0.000    11.911    vetrimodule/approxmd/linreg_plot/slope1_inferred__0/i___584_n_0
    SLICE_X59Y93         CARRY4 (Prop_carry4_CI_CO[3])
                                                      0.114    12.025 r  vetrimodule/approxmd/linreg_plot/slope1_inferred__0/i___585/CO[3]
                         net (fo=1, routed)           0.000    12.025    vetrimodule/approxmd/linreg_plot/slope1_inferred__0/i___585_n_0
    SLICE_X59Y94         CARRY4 (Prop_carry4_CI_CO[3])
                                                      0.114    12.139 r  vetrimodule/approxmd/linreg_plot/slope1_inferred__0/i___586/CO[3]
                         net (fo=1, routed)           0.000    12.139    vetrimodule/approxmd/linreg_plot/slope1_inferred__0/i___586_n_0
    SLICE_X59Y95         CARRY4 (Prop_carry4_CI_CO[3])
                                                      0.114    12.253 r  vetrimodule/approxmd/linreg_plot/slope1_inferred__0/i___587/CO[3]
                         net (fo=1, routed)           0.000    12.253    vetrimodule/approxmd/linreg_plot/slope1_inferred__0/i___587_n_0
    SLICE_X59Y96         CARRY4 (Prop_carry4_CI_CO[1])
                                                      0.157    12.410 r  vetrimodule/approxmd/linreg_plot/slope1_inferred__0/i___588/CO[1]
                         net (fo=27, routed)          1.093    13.502    vetrimodule/approxmd/linreg_plot/slope1_inferred__0/i___588_n_2
    SLICE_X57Y89         LUT5 (Prop_lut5_I0_O)        0.329    13.831 r  vetrimodule/approxmd/linreg_plot/i___589_i_4/O
                         net (fo=1, routed)           0.000    13.831    vetrimodule/approxmd/linreg_plot/i___589_i_4_n_0
    SLICE_X57Y89         CARRY4 (Prop_carry4_S[1]_CO[3])
                                                      0.550    14.381 r  vetrimodule/approxmd/linreg_plot/slope1_inferred__0/i___589/CO[3]
                         net (fo=1, routed)           0.000    14.381    vetrimodule/approxmd/linreg_plot/slope1_inferred__0/i___589_n_0
    SLICE_X57Y90         CARRY4 (Prop_carry4_CI_CO[3])
                                                      0.114    14.495 r  vetrimodule/approxmd/linreg_plot/slope1_inferred__0/i___590/CO[3]
                         net (fo=1, routed)           0.000    14.495    vetrimodule/approxmd/linreg_plot/slope1_inferred__0/i___590_n_0
    SLICE_X57Y91         CARRY4 (Prop_carry4_CI_CO[3])
                                                      0.114    14.609 r  vetrimodule/approxmd/linreg_plot/slope1_inferred__0/i___591/CO[3]
                         net (fo=1, routed)           0.000    14.609    vetrimodule/approxmd/linreg_plot/slope1_inferred__0/i___591_n_0
    SLICE_X57Y92         CARRY4 (Prop_carry4_CI_CO[3])
                                                      0.114    14.723 r  vetrimodule/approxmd/linreg_plot/slope1_inferred__0/i___592/CO[3]
                         net (fo=1, routed)           0.000    14.723    vetrimodule/approxmd/linreg_plot/slope1_inferred__0/i___592_n_0
    SLICE_X57Y93         CARRY4 (Prop_carry4_CI_CO[3])
                                                      0.114    14.837 r  vetrimodule/approxmd/linreg_plot/slope1_inferred__0/i___593/CO[3]
                         net (fo=1, routed)           0.000    14.837    vetrimodule/approxmd/linreg_plot/slope1_inferred__0/i___593_n_0
    SLICE_X57Y94         CARRY4 (Prop_carry4_CI_CO[3])
                                                      0.114    14.951 r  vetrimodule/approxmd/linreg_plot/slope1_inferred__0/i___594/CO[3]
                         net (fo=1, routed)           0.000    14.951    vetrimodule/approxmd/linreg_plot/slope1_inferred__0/i___594_n_0
    SLICE_X57Y95         CARRY4 (Prop_carry4_CI_CO[1])
                                                      0.157    15.108 r  vetrimodule/approxmd/linreg_plot/slope1_inferred__0/i___595/CO[1]
                         net (fo=29, routed)          1.030    16.138    vetrimodule/approxmd/linreg_plot/slope10_in[21]
    SLICE_X55Y87         LUT5 (Prop_lut5_I0_O)        0.329    16.467 r  vetrimodule/approxmd/linreg_plot/i___596_i_4/O
                         net (fo=1, routed)           0.000    16.467    vetrimodule/approxmd/linreg_plot/i___596_i_4_n_0
    SLICE_X55Y87         CARRY4 (Prop_carry4_S[1]_CO[3])
                                                      0.550    17.017 r  vetrimodule/approxmd/linreg_plot/slope1_inferred__0/i___596/CO[3]
                         net (fo=1, routed)           0.000    17.017    vetrimodule/approxmd/linreg_plot/slope1_inferred__0/i___596_n_0
    SLICE_X55Y88         CARRY4 (Prop_carry4_CI_CO[3])
                                                      0.114    17.131 r  vetrimodule/approxmd/linreg_plot/slope1_inferred__0/i___597/CO[3]
                         net (fo=1, routed)           0.000    17.131    vetrimodule/approxmd/linreg_plot/slope1_inferred__0/i___597_n_0
    SLICE_X55Y89         CARRY4 (Prop_carry4_CI_CO[3])
                                                      0.114    17.245 r  vetrimodule/approxmd/linreg_plot/slope1_inferred__0/i___598/CO[3]
                         net (fo=1, routed)           0.000    17.245    vetrimodule/approxmd/linreg_plot/slope1_inferred__0/i___598_n_0
    SLICE_X55Y90         CARRY4 (Prop_carry4_CI_CO[3])
                                                      0.114    17.359 r  vetrimodule/approxmd/linreg_plot/slope1_inferred__0/i___599/CO[3]
                         net (fo=1, routed)           0.000    17.359    vetrimodule/approxmd/linreg_plot/slope1_inferred__0/i___599_n_0
    SLICE_X55Y91         CARRY4 (Prop_carry4_CI_CO[3])
                                                      0.114    17.473 r  vetrimodule/approxmd/linreg_plot/slope1_inferred__0/i___600/CO[3]
                         net (fo=1, routed)           0.000    17.473    vetrimodule/approxmd/linreg_plot/slope1_inferred__0/i___600_n_0
    SLICE_X55Y92         CARRY4 (Prop_carry4_CI_CO[3])
                                                      0.114    17.587 r  vetrimodule/approxmd/linreg_plot/slope1_inferred__0/i___601/CO[3]
                         net (fo=1, routed)           0.000    17.587    vetrimodule/approxmd/linreg_plot/slope1_inferred__0/i___601_n_0
    SLICE_X55Y93         CARRY4 (Prop_carry4_CI_CO[1])
                                                      0.157    17.744 r  vetrimodule/approxmd/linreg_plot/slope1_inferred__0/i___602/CO[1]
                         net (fo=29, routed)          0.888    18.632    vetrimodule/approxmd/linreg_plot/slope10_in[20]
    SLICE_X54Y86         LUT5 (Prop_lut5_I0_O)        0.329    18.961 r  vetrimodule/approxmd/linreg_plot/i___603_i_4/O
                         net (fo=1, routed)           0.000    18.961    vetrimodule/approxmd/linreg_plot/i___603_i_4_n_0
    SLICE_X54Y86         CARRY4 (Prop_carry4_S[1]_CO[3])
                                                      0.533    19.494 r  vetrimodule/approxmd/linreg_plot/slope1_inferred__0/i___603/CO[3]
                         net (fo=1, routed)           0.000    19.494    vetrimodule/approxmd/linreg_plot/slope1_inferred__0/i___603_n_0
    SLICE_X54Y87         CARRY4 (Prop_carry4_CI_CO[3])
                                                      0.117    19.611 r  vetrimodule/approxmd/linreg_plot/slope1_inferred__0/i___604/CO[3]
                         net (fo=1, routed)           0.000    19.611    vetrimodule/approxmd/linreg_plot/slope1_inferred__0/i___604_n_0
    SLICE_X54Y88         CARRY4 (Prop_carry4_CI_CO[3])
                                                      0.117    19.728 r  vetrimodule/approxmd/linreg_plot/slope1_inferred__0/i___605/CO[3]
                         net (fo=1, routed)           0.000    19.728    vetrimodule/approxmd/linreg_plot/slope1_inferred__0/i___605_n_0
    SLICE_X54Y89         CARRY4 (Prop_carry4_CI_CO[3])
                                                      0.117    19.845 r  vetrimodule/approxmd/linreg_plot/slope1_inferred__0/i___606/CO[3]
                         net (fo=1, routed)           0.000    19.845    vetrimodule/approxmd/linreg_plot/slope1_inferred__0/i___606_n_0
    SLICE_X54Y90         CARRY4 (Prop_carry4_CI_CO[3])
                                                      0.117    19.962 r  vetrimodule/approxmd/linreg_plot/slope1_inferred__0/i___607/CO[3]
                         net (fo=1, routed)           0.000    19.962    vetrimodule/approxmd/linreg_plot/slope1_inferred__0/i___607_n_0
    SLICE_X54Y91         CARRY4 (Prop_carry4_CI_CO[3])
                                                      0.117    20.079 r  vetrimodule/approxmd/linreg_plot/slope1_inferred__0/i___608/CO[3]
                         net (fo=1, routed)           0.000    20.079    vetrimodule/approxmd/linreg_plot/slope1_inferred__0/i___608_n_0
    SLICE_X54Y92         CARRY4 (Prop_carry4_CI_CO[1])
                                                      0.157    20.236 r  vetrimodule/approxmd/linreg_plot/slope1_inferred__0/i___609/CO[1]
                         net (fo=29, routed)          0.666    20.902    vetrimodule/approxmd/linreg_plot/slope10_in[19]
    SLICE_X54Y93         LUT5 (Prop_lut5_I0_O)        0.332    21.234 r  vetrimodule/approxmd/linreg_plot/i___610_i_4/O
                         net (fo=1, routed)           0.000    21.234    vetrimodule/approxmd/linreg_plot/i___610_i_4_n_0
    SLICE_X54Y93         CARRY4 (Prop_carry4_S[1]_CO[3])
                                                      0.533    21.767 r  vetrimodule/approxmd/linreg_plot/slope1_inferred__0/i___610/CO[3]
                         net (fo=1, routed)           0.000    21.767    vetrimodule/approxmd/linreg_plot/slope1_inferred__0/i___610_n_0
    SLICE_X54Y94         CARRY4 (Prop_carry4_CI_CO[3])
                                                      0.117    21.884 r  vetrimodule/approxmd/linreg_plot/slope1_inferred__0/i___611/CO[3]
                         net (fo=1, routed)           0.000    21.884    vetrimodule/approxmd/linreg_plot/slope1_inferred__0/i___611_n_0
    SLICE_X54Y95         CARRY4 (Prop_carry4_CI_CO[3])
                                                      0.117    22.001 r  vetrimodule/approxmd/linreg_plot/slope1_inferred__0/i___612/CO[3]
                         net (fo=1, routed)           0.000    22.001    vetrimodule/approxmd/linreg_plot/slope1_inferred__0/i___612_n_0
    SLICE_X54Y96         CARRY4 (Prop_carry4_CI_CO[3])
                                                      0.117    22.118 r  vetrimodule/approxmd/linreg_plot/slope1_inferred__0/i___613/CO[3]
                         net (fo=1, routed)           0.000    22.118    vetrimodule/approxmd/linreg_plot/slope1_inferred__0/i___613_n_0
    SLICE_X54Y97         CARRY4 (Prop_carry4_CI_CO[3])
                                                      0.117    22.235 r  vetrimodule/approxmd/linreg_plot/slope1_inferred__0/i___614/CO[3]
                         net (fo=1, routed)           0.000    22.235    vetrimodule/approxmd/linreg_plot/slope1_inferred__0/i___614_n_0
    SLICE_X54Y98         CARRY4 (Prop_carry4_CI_CO[3])
                                                      0.117    22.352 r  vetrimodule/approxmd/linreg_plot/slope1_inferred__0/i___615/CO[3]
                         net (fo=1, routed)           0.000    22.352    vetrimodule/approxmd/linreg_plot/slope1_inferred__0/i___615_n_0
    SLICE_X54Y99         CARRY4 (Prop_carry4_CI_CO[1])
                                                      0.157    22.509 r  vetrimodule/approxmd/linreg_plot/slope1_inferred__0/i___616/CO[1]
                         net (fo=29, routed)          0.786    23.296    vetrimodule/approxmd/linreg_plot/slope10_in[18]
    SLICE_X56Y94         LUT5 (Prop_lut5_I0_O)        0.332    23.628 r  vetrimodule/approxmd/linreg_plot/i___617_i_4/O
                         net (fo=1, routed)           0.000    23.628    vetrimodule/approxmd/linreg_plot/i___617_i_4_n_0
    SLICE_X56Y94         CARRY4 (Prop_carry4_S[1]_CO[3])
                                                      0.533    24.161 r  vetrimodule/approxmd/linreg_plot/slope1_inferred__0/i___617/CO[3]
                         net (fo=1, routed)           0.000    24.161    vetrimodule/approxmd/linreg_plot/slope1_inferred__0/i___617_n_0
    SLICE_X56Y95         CARRY4 (Prop_carry4_CI_CO[3])
                                                      0.117    24.278 r  vetrimodule/approxmd/linreg_plot/slope1_inferred__0/i___618/CO[3]
                         net (fo=1, routed)           0.000    24.278    vetrimodule/approxmd/linreg_plot/slope1_inferred__0/i___618_n_0
    SLICE_X56Y96         CARRY4 (Prop_carry4_CI_CO[3])
                                                      0.117    24.395 r  vetrimodule/approxmd/linreg_plot/slope1_inferred__0/i___619/CO[3]
                         net (fo=1, routed)           0.000    24.395    vetrimodule/approxmd/linreg_plot/slope1_inferred__0/i___619_n_0
    SLICE_X56Y97         CARRY4 (Prop_carry4_CI_CO[3])
                                                      0.117    24.512 r  vetrimodule/approxmd/linreg_plot/slope1_inferred__0/i___620/CO[3]
                         net (fo=1, routed)           0.000    24.512    vetrimodule/approxmd/linreg_plot/slope1_inferred__0/i___620_n_0
    SLICE_X56Y98         CARRY4 (Prop_carry4_CI_CO[3])
                                                      0.117    24.629 r  vetrimodule/approxmd/linreg_plot/slope1_inferred__0/i___621/CO[3]
                         net (fo=1, routed)           0.000    24.629    vetrimodule/approxmd/linreg_plot/slope1_inferred__0/i___621_n_0
    SLICE_X56Y99         CARRY4 (Prop_carry4_CI_CO[3])
                                                      0.117    24.746 r  vetrimodule/approxmd/linreg_plot/slope1_inferred__0/i___622/CO[3]
                         net (fo=1, routed)           0.001    24.746    vetrimodule/approxmd/linreg_plot/slope1_inferred__0/i___622_n_0
    SLICE_X56Y100        CARRY4 (Prop_carry4_CI_CO[1])
                                                      0.157    24.903 r  vetrimodule/approxmd/linreg_plot/slope1_inferred__0/i___623/CO[1]
                         net (fo=29, routed)          0.864    25.767    vetrimodule/approxmd/linreg_plot/slope10_in[17]
    SLICE_X55Y95         LUT5 (Prop_lut5_I0_O)        0.332    26.099 r  vetrimodule/approxmd/linreg_plot/i___624_i_4/O
                         net (fo=1, routed)           0.000    26.099    vetrimodule/approxmd/linreg_plot/i___624_i_4_n_0
    SLICE_X55Y95         CARRY4 (Prop_carry4_S[1]_CO[3])
                                                      0.550    26.649 r  vetrimodule/approxmd/linreg_plot/slope1_inferred__0/i___624/CO[3]
                         net (fo=1, routed)           0.000    26.649    vetrimodule/approxmd/linreg_plot/slope1_inferred__0/i___624_n_0
    SLICE_X55Y96         CARRY4 (Prop_carry4_CI_CO[3])
                                                      0.114    26.763 r  vetrimodule/approxmd/linreg_plot/slope1_inferred__0/i___625/CO[3]
                         net (fo=1, routed)           0.000    26.763    vetrimodule/approxmd/linreg_plot/slope1_inferred__0/i___625_n_0
    SLICE_X55Y97         CARRY4 (Prop_carry4_CI_CO[3])
                                                      0.114    26.877 r  vetrimodule/approxmd/linreg_plot/slope1_inferred__0/i___626/CO[3]
                         net (fo=1, routed)           0.000    26.877    vetrimodule/approxmd/linreg_plot/slope1_inferred__0/i___626_n_0
    SLICE_X55Y98         CARRY4 (Prop_carry4_CI_CO[3])
                                                      0.114    26.991 r  vetrimodule/approxmd/linreg_plot/slope1_inferred__0/i___627/CO[3]
                         net (fo=1, routed)           0.000    26.991    vetrimodule/approxmd/linreg_plot/slope1_inferred__0/i___627_n_0
    SLICE_X55Y99         CARRY4 (Prop_carry4_CI_CO[3])
                                                      0.114    27.105 r  vetrimodule/approxmd/linreg_plot/slope1_inferred__0/i___628/CO[3]
                         net (fo=1, routed)           0.001    27.106    vetrimodule/approxmd/linreg_plot/slope1_inferred__0/i___628_n_0
    SLICE_X55Y100        CARRY4 (Prop_carry4_CI_CO[3])
                                                      0.114    27.220 r  vetrimodule/approxmd/linreg_plot/slope1_inferred__0/i___629/CO[3]
                         net (fo=1, routed)           0.000    27.220    vetrimodule/approxmd/linreg_plot/slope1_inferred__0/i___629_n_0
    SLICE_X55Y101        CARRY4 (Prop_carry4_CI_CO[1])
                                                      0.157    27.377 r  vetrimodule/approxmd/linreg_plot/slope1_inferred__0/i___630/CO[1]
                         net (fo=29, routed)          0.667    28.044    vetrimodule/approxmd/linreg_plot/slope10_in[16]
    SLICE_X54Y100        LUT5 (Prop_lut5_I0_O)        0.329    28.373 r  vetrimodule/approxmd/linreg_plot/i___631_i_4/O
                         net (fo=1, routed)           0.000    28.373    vetrimodule/approxmd/linreg_plot/i___631_i_4_n_0
    SLICE_X54Y100        CARRY4 (Prop_carry4_S[1]_CO[3])
                                                      0.533    28.906 r  vetrimodule/approxmd/linreg_plot/slope1_inferred__0/i___631/CO[3]
                         net (fo=1, routed)           0.000    28.906    vetrimodule/approxmd/linreg_plot/slope1_inferred__0/i___631_n_0
    SLICE_X54Y101        CARRY4 (Prop_carry4_CI_CO[3])
                                                      0.117    29.023 r  vetrimodule/approxmd/linreg_plot/slope1_inferred__0/i___632/CO[3]
                         net (fo=1, routed)           0.000    29.023    vetrimodule/approxmd/linreg_plot/slope1_inferred__0/i___632_n_0
    SLICE_X54Y102        CARRY4 (Prop_carry4_CI_CO[3])
                                                      0.117    29.140 r  vetrimodule/approxmd/linreg_plot/slope1_inferred__0/i___633/CO[3]
                         net (fo=1, routed)           0.000    29.140    vetrimodule/approxmd/linreg_plot/slope1_inferred__0/i___633_n_0
    SLICE_X54Y103        CARRY4 (Prop_carry4_CI_CO[3])
                                                      0.117    29.257 r  vetrimodule/approxmd/linreg_plot/slope1_inferred__0/i___634/CO[3]
                         net (fo=1, routed)           0.000    29.257    vetrimodule/approxmd/linreg_plot/slope1_inferred__0/i___634_n_0
    SLICE_X54Y104        CARRY4 (Prop_carry4_CI_CO[3])
                                                      0.117    29.374 r  vetrimodule/approxmd/linreg_plot/slope1_inferred__0/i___635/CO[3]
                         net (fo=1, routed)           0.000    29.374    vetrimodule/approxmd/linreg_plot/slope1_inferred__0/i___635_n_0
    SLICE_X54Y105        CARRY4 (Prop_carry4_CI_CO[3])
                                                      0.117    29.491 r  vetrimodule/approxmd/linreg_plot/slope1_inferred__0/i___636/CO[3]
                         net (fo=1, routed)           0.000    29.491    vetrimodule/approxmd/linreg_plot/slope1_inferred__0/i___636_n_0
    SLICE_X54Y106        CARRY4 (Prop_carry4_CI_CO[1])
                                                      0.157    29.648 r  vetrimodule/approxmd/linreg_plot/slope1_inferred__0/i___637/CO[1]
                         net (fo=29, routed)          1.088    30.736    vetrimodule/approxmd/linreg_plot/slope10_in[15]
    SLICE_X51Y97         LUT5 (Prop_lut5_I0_O)        0.332    31.068 r  vetrimodule/approxmd/linreg_plot/i___638_i_4/O
                         net (fo=1, routed)           0.000    31.068    vetrimodule/approxmd/linreg_plot/i___638_i_4_n_0
    SLICE_X51Y97         CARRY4 (Prop_carry4_S[1]_CO[3])
                                                      0.550    31.618 r  vetrimodule/approxmd/linreg_plot/slope1_inferred__0/i___638/CO[3]
                         net (fo=1, routed)           0.000    31.618    vetrimodule/approxmd/linreg_plot/slope1_inferred__0/i___638_n_0
    SLICE_X51Y98         CARRY4 (Prop_carry4_CI_CO[3])
                                                      0.114    31.732 r  vetrimodule/approxmd/linreg_plot/slope1_inferred__0/i___639/CO[3]
                         net (fo=1, routed)           0.000    31.732    vetrimodule/approxmd/linreg_plot/slope1_inferred__0/i___639_n_0
    SLICE_X51Y99         CARRY4 (Prop_carry4_CI_CO[3])
                                                      0.114    31.846 r  vetrimodule/approxmd/linreg_plot/slope1_inferred__0/i___640/CO[3]
                         net (fo=1, routed)           0.001    31.847    vetrimodule/approxmd/linreg_plot/slope1_inferred__0/i___640_n_0
    SLICE_X51Y100        CARRY4 (Prop_carry4_CI_CO[3])
                                                      0.114    31.961 r  vetrimodule/approxmd/linreg_plot/slope1_inferred__0/i___641/CO[3]
                         net (fo=1, routed)           0.000    31.961    vetrimodule/approxmd/linreg_plot/slope1_inferred__0/i___641_n_0
    SLICE_X51Y101        CARRY4 (Prop_carry4_CI_CO[3])
                                                      0.114    32.075 r  vetrimodule/approxmd/linreg_plot/slope1_inferred__0/i___642/CO[3]
                         net (fo=1, routed)           0.000    32.075    vetrimodule/approxmd/linreg_plot/slope1_inferred__0/i___642_n_0
    SLICE_X51Y102        CARRY4 (Prop_carry4_CI_CO[3])
                                                      0.114    32.189 r  vetrimodule/approxmd/linreg_plot/slope1_inferred__0/i___643/CO[3]
                         net (fo=1, routed)           0.000    32.189    vetrimodule/approxmd/linreg_plot/slope1_inferred__0/i___643_n_0
    SLICE_X51Y103        CARRY4 (Prop_carry4_CI_CO[1])
                                                      0.157    32.346 r  vetrimodule/approxmd/linreg_plot/slope1_inferred__0/i___644/CO[1]
                         net (fo=29, routed)          1.041    33.387    vetrimodule/approxmd/linreg_plot/slope10_in[14]
    SLICE_X52Y95         LUT5 (Prop_lut5_I0_O)        0.329    33.716 r  vetrimodule/approxmd/linreg_plot/i___645_i_4/O
                         net (fo=1, routed)           0.000    33.716    vetrimodule/approxmd/linreg_plot/i___645_i_4_n_0
    SLICE_X52Y95         CARRY4 (Prop_carry4_S[1]_CO[3])
                                                      0.533    34.249 r  vetrimodule/approxmd/linreg_plot/slope1_inferred__0/i___645/CO[3]
                         net (fo=1, routed)           0.000    34.249    vetrimodule/approxmd/linreg_plot/slope1_inferred__0/i___645_n_0
    SLICE_X52Y96         CARRY4 (Prop_carry4_CI_CO[3])
                                                      0.117    34.366 r  vetrimodule/approxmd/linreg_plot/slope1_inferred__0/i___646/CO[3]
                         net (fo=1, routed)           0.000    34.366    vetrimodule/approxmd/linreg_plot/slope1_inferred__0/i___646_n_0
    SLICE_X52Y97         CARRY4 (Prop_carry4_CI_CO[3])
                                                      0.117    34.483 r  vetrimodule/approxmd/linreg_plot/slope1_inferred__0/i___647/CO[3]
                         net (fo=1, routed)           0.000    34.483    vetrimodule/approxmd/linreg_plot/slope1_inferred__0/i___647_n_0
    SLICE_X52Y98         CARRY4 (Prop_carry4_CI_CO[3])
                                                      0.117    34.600 r  vetrimodule/approxmd/linreg_plot/slope1_inferred__0/i___648/CO[3]
                         net (fo=1, routed)           0.000    34.600    vetrimodule/approxmd/linreg_plot/slope1_inferred__0/i___648_n_0
    SLICE_X52Y99         CARRY4 (Prop_carry4_CI_CO[3])
                                                      0.117    34.717 r  vetrimodule/approxmd/linreg_plot/slope1_inferred__0/i___649/CO[3]
                         net (fo=1, routed)           0.001    34.718    vetrimodule/approxmd/linreg_plot/slope1_inferred__0/i___649_n_0
    SLICE_X52Y100        CARRY4 (Prop_carry4_CI_CO[3])
                                                      0.117    34.835 r  vetrimodule/approxmd/linreg_plot/slope1_inferred__0/i___650/CO[3]
                         net (fo=1, routed)           0.000    34.835    vetrimodule/approxmd/linreg_plot/slope1_inferred__0/i___650_n_0
    SLICE_X52Y101        CARRY4 (Prop_carry4_CI_CO[1])
                                                      0.157    34.992 r  vetrimodule/approxmd/linreg_plot/slope1_inferred__0/i___651/CO[1]
                         net (fo=29, routed)          0.819    35.811    vetrimodule/approxmd/linreg_plot/slope10_in[13]
    SLICE_X53Y97         LUT5 (Prop_lut5_I0_O)        0.332    36.143 r  vetrimodule/approxmd/linreg_plot/i___652_i_4/O
                         net (fo=1, routed)           0.000    36.143    vetrimodule/approxmd/linreg_plot/i___652_i_4_n_0
    SLICE_X53Y97         CARRY4 (Prop_carry4_S[1]_CO[3])
                                                      0.550    36.693 r  vetrimodule/approxmd/linreg_plot/slope1_inferred__0/i___652/CO[3]
                         net (fo=1, routed)           0.000    36.693    vetrimodule/approxmd/linreg_plot/slope1_inferred__0/i___652_n_0
    SLICE_X53Y98         CARRY4 (Prop_carry4_CI_CO[3])
                                                      0.114    36.807 r  vetrimodule/approxmd/linreg_plot/slope1_inferred__0/i___653/CO[3]
                         net (fo=1, routed)           0.000    36.807    vetrimodule/approxmd/linreg_plot/slope1_inferred__0/i___653_n_0
    SLICE_X53Y99         CARRY4 (Prop_carry4_CI_CO[3])
                                                      0.114    36.921 r  vetrimodule/approxmd/linreg_plot/slope1_inferred__0/i___654/CO[3]
                         net (fo=1, routed)           0.001    36.921    vetrimodule/approxmd/linreg_plot/slope1_inferred__0/i___654_n_0
    SLICE_X53Y100        CARRY4 (Prop_carry4_CI_CO[3])
                                                      0.114    37.035 r  vetrimodule/approxmd/linreg_plot/slope1_inferred__0/i___655/CO[3]
                         net (fo=1, routed)           0.000    37.035    vetrimodule/approxmd/linreg_plot/slope1_inferred__0/i___655_n_0
    SLICE_X53Y101        CARRY4 (Prop_carry4_CI_CO[3])
                                                      0.114    37.149 r  vetrimodule/approxmd/linreg_plot/slope1_inferred__0/i___656/CO[3]
                         net (fo=1, routed)           0.000    37.149    vetrimodule/approxmd/linreg_plot/slope1_inferred__0/i___656_n_0
    SLICE_X53Y102        CARRY4 (Prop_carry4_CI_CO[3])
                                                      0.114    37.263 r  vetrimodule/approxmd/linreg_plot/slope1_inferred__0/i___657/CO[3]
                         net (fo=1, routed)           0.000    37.263    vetrimodule/approxmd/linreg_plot/slope1_inferred__0/i___657_n_0
    SLICE_X53Y103        CARRY4 (Prop_carry4_CI_CO[1])
                                                      0.157    37.420 r  vetrimodule/approxmd/linreg_plot/slope1_inferred__0/i___658/CO[1]
                         net (fo=29, routed)          0.672    38.093    vetrimodule/approxmd/linreg_plot/slope10_in[12]
    SLICE_X48Y105        LUT5 (Prop_lut5_I0_O)        0.329    38.422 r  vetrimodule/approxmd/linreg_plot/i___660_i_3/O
                         net (fo=1, routed)           0.000    38.422    vetrimodule/approxmd/linreg_plot/i___660_i_3_n_0
    SLICE_X48Y105        CARRY4 (Prop_carry4_S[1]_CO[3])
                                                      0.550    38.972 r  vetrimodule/approxmd/linreg_plot/slope1_inferred__0/i___660/CO[3]
                         net (fo=1, routed)           0.000    38.972    vetrimodule/approxmd/linreg_plot/slope1_inferred__0/i___660_n_0
    SLICE_X48Y106        CARRY4 (Prop_carry4_CI_CO[3])
                                                      0.114    39.086 r  vetrimodule/approxmd/linreg_plot/slope1_inferred__0/i___661/CO[3]
                         net (fo=1, routed)           0.000    39.086    vetrimodule/approxmd/linreg_plot/slope1_inferred__0/i___661_n_0
    SLICE_X48Y107        CARRY4 (Prop_carry4_CI_CO[3])
                                                      0.114    39.200 r  vetrimodule/approxmd/linreg_plot/slope1_inferred__0/i___662/CO[3]
                         net (fo=1, routed)           0.000    39.200    vetrimodule/approxmd/linreg_plot/slope1_inferred__0/i___662_n_0
    SLICE_X48Y108        CARRY4 (Prop_carry4_CI_CO[3])
                                                      0.114    39.314 r  vetrimodule/approxmd/linreg_plot/slope1_inferred__0/i___663/CO[3]
                         net (fo=1, routed)           0.000    39.314    vetrimodule/approxmd/linreg_plot/slope1_inferred__0/i___663_n_0
    SLICE_X48Y109        CARRY4 (Prop_carry4_CI_CO[3])
                                                      0.114    39.428 r  vetrimodule/approxmd/linreg_plot/slope1_inferred__0/i___664/CO[3]
                         net (fo=1, routed)           0.000    39.428    vetrimodule/approxmd/linreg_plot/slope1_inferred__0/i___664_n_0
    SLICE_X48Y110        CARRY4 (Prop_carry4_CI_CO[1])
                                                      0.157    39.585 r  vetrimodule/approxmd/linreg_plot/slope1_inferred__0/i___665/CO[1]
                         net (fo=29, routed)          0.774    40.358    vetrimodule/approxmd/linreg_plot/slope10_in[11]
    SLICE_X51Y105        LUT3 (Prop_lut3_I0_O)        0.329    40.687 r  vetrimodule/approxmd/linreg_plot/i___666_i_3/O
                         net (fo=1, routed)           0.000    40.687    vetrimodule/approxmd/linreg_plot/i___666_i_3_n_0
    SLICE_X51Y105        CARRY4 (Prop_carry4_S[1]_CO[3])
                                                      0.550    41.237 r  vetrimodule/approxmd/linreg_plot/slope1_inferred__0/i___666/CO[3]
                         net (fo=1, routed)           0.000    41.237    vetrimodule/approxmd/linreg_plot/slope1_inferred__0/i___666_n_0
    SLICE_X51Y106        CARRY4 (Prop_carry4_CI_CO[3])
                                                      0.114    41.351 r  vetrimodule/approxmd/linreg_plot/slope1_inferred__0/i___667/CO[3]
                         net (fo=1, routed)           0.000    41.351    vetrimodule/approxmd/linreg_plot/slope1_inferred__0/i___667_n_0
    SLICE_X51Y107        CARRY4 (Prop_carry4_CI_CO[3])
                                                      0.114    41.465 r  vetrimodule/approxmd/linreg_plot/slope1_inferred__0/i___668/CO[3]
                         net (fo=1, routed)           0.000    41.465    vetrimodule/approxmd/linreg_plot/slope1_inferred__0/i___668_n_0
    SLICE_X51Y108        CARRY4 (Prop_carry4_CI_CO[3])
                                                      0.114    41.579 r  vetrimodule/approxmd/linreg_plot/slope1_inferred__0/i___669/CO[3]
                         net (fo=1, routed)           0.000    41.579    vetrimodule/approxmd/linreg_plot/slope1_inferred__0/i___669_n_0
    SLICE_X51Y109        CARRY4 (Prop_carry4_CI_CO[3])
                                                      0.114    41.693 r  vetrimodule/approxmd/linreg_plot/slope1_inferred__0/i___670/CO[3]
                         net (fo=1, routed)           0.000    41.693    vetrimodule/approxmd/linreg_plot/slope1_inferred__0/i___670_n_0
    SLICE_X51Y110        CARRY4 (Prop_carry4_CI_CO[3])
                                                      0.114    41.807 r  vetrimodule/approxmd/linreg_plot/slope1_inferred__0/i___671/CO[3]
                         net (fo=1, routed)           0.000    41.807    vetrimodule/approxmd/linreg_plot/slope1_inferred__0/i___671_n_0
    SLICE_X51Y111        CARRY4 (Prop_carry4_CI_CO[1])
                                                      0.157    41.964 r  vetrimodule/approxmd/linreg_plot/slope1_inferred__0/i___672/CO[1]
                         net (fo=30, routed)          0.888    42.853    vetrimodule/approxmd/linreg_plot/slope10_in[10]
    SLICE_X55Y106        LUT2 (Prop_lut2_I1_O)        0.329    43.182 r  vetrimodule/approxmd/linreg_plot/i___673_i_4/O
                         net (fo=1, routed)           0.000    43.182    vetrimodule/approxmd/linreg_plot/i___673_i_4_n_0
    SLICE_X55Y106        CARRY4 (Prop_carry4_S[1]_CO[3])
                                                      0.550    43.732 r  vetrimodule/approxmd/linreg_plot/slope1_inferred__0/i___673/CO[3]
                         net (fo=1, routed)           0.000    43.732    vetrimodule/approxmd/linreg_plot/slope1_inferred__0/i___673_n_0
    SLICE_X55Y107        CARRY4 (Prop_carry4_CI_CO[3])
                                                      0.114    43.846 r  vetrimodule/approxmd/linreg_plot/slope1_inferred__0/i___674/CO[3]
                         net (fo=1, routed)           0.000    43.846    vetrimodule/approxmd/linreg_plot/slope1_inferred__0/i___674_n_0
    SLICE_X55Y108        CARRY4 (Prop_carry4_CI_CO[3])
                                                      0.114    43.960 r  vetrimodule/approxmd/linreg_plot/slope1_inferred__0/i___675/CO[3]
                         net (fo=1, routed)           0.000    43.960    vetrimodule/approxmd/linreg_plot/slope1_inferred__0/i___675_n_0
    SLICE_X55Y109        CARRY4 (Prop_carry4_CI_CO[3])
                                                      0.114    44.074 r  vetrimodule/approxmd/linreg_plot/slope1_inferred__0/i___676/CO[3]
                         net (fo=1, routed)           0.000    44.074    vetrimodule/approxmd/linreg_plot/slope1_inferred__0/i___676_n_0
    SLICE_X55Y110        CARRY4 (Prop_carry4_CI_CO[3])
                                                      0.114    44.188 r  vetrimodule/approxmd/linreg_plot/slope1_inferred__0/i___677/CO[3]
                         net (fo=1, routed)           0.000    44.188    vetrimodule/approxmd/linreg_plot/slope1_inferred__0/i___677_n_0
    SLICE_X55Y111        CARRY4 (Prop_carry4_CI_CO[3])
                                                      0.114    44.302 r  vetrimodule/approxmd/linreg_plot/slope1_inferred__0/i___678/CO[3]
                         net (fo=1, routed)           0.000    44.302    vetrimodule/approxmd/linreg_plot/slope1_inferred__0/i___678_n_0
    SLICE_X55Y112        CARRY4 (Prop_carry4_CI_CO[1])
                                                      0.157    44.459 r  vetrimodule/approxmd/linreg_plot/slope1_inferred__0/i___679/CO[1]
                         net (fo=30, routed)          0.699    45.158    vetrimodule/approxmd/linreg_plot/slope10_in[9]
    SLICE_X54Y110        LUT2 (Prop_lut2_I1_O)        0.329    45.487 r  vetrimodule/approxmd/linreg_plot/i___680_i_4/O
                         net (fo=1, routed)           0.000    45.487    vetrimodule/approxmd/linreg_plot/i___680_i_4_n_0
    SLICE_X54Y110        CARRY4 (Prop_carry4_S[1]_CO[3])
                                                      0.533    46.020 r  vetrimodule/approxmd/linreg_plot/slope1_inferred__0/i___680/CO[3]
                         net (fo=1, routed)           0.000    46.020    vetrimodule/approxmd/linreg_plot/slope1_inferred__0/i___680_n_0
    SLICE_X54Y111        CARRY4 (Prop_carry4_CI_CO[3])
                                                      0.117    46.137 r  vetrimodule/approxmd/linreg_plot/slope1_inferred__0/i___681/CO[3]
                         net (fo=1, routed)           0.000    46.137    vetrimodule/approxmd/linreg_plot/slope1_inferred__0/i___681_n_0
    SLICE_X54Y112        CARRY4 (Prop_carry4_CI_CO[3])
                                                      0.117    46.254 r  vetrimodule/approxmd/linreg_plot/slope1_inferred__0/i___682/CO[3]
                         net (fo=1, routed)           0.000    46.254    vetrimodule/approxmd/linreg_plot/slope1_inferred__0/i___682_n_0
    SLICE_X54Y113        CARRY4 (Prop_carry4_CI_CO[3])
                                                      0.117    46.371 r  vetrimodule/approxmd/linreg_plot/slope1_inferred__0/i___683/CO[3]
                         net (fo=1, routed)           0.000    46.371    vetrimodule/approxmd/linreg_plot/slope1_inferred__0/i___683_n_0
    SLICE_X54Y114        CARRY4 (Prop_carry4_CI_CO[3])
                                                      0.117    46.488 r  vetrimodule/approxmd/linreg_plot/slope1_inferred__0/i___684/CO[3]
                         net (fo=1, routed)           0.000    46.488    vetrimodule/approxmd/linreg_plot/slope1_inferred__0/i___684_n_0
    SLICE_X54Y115        CARRY4 (Prop_carry4_CI_CO[3])
                                                      0.117    46.605 r  vetrimodule/approxmd/linreg_plot/slope1_inferred__0/i___685/CO[3]
                         net (fo=1, routed)           0.000    46.605    vetrimodule/approxmd/linreg_plot/slope1_inferred__0/i___685_n_0
    SLICE_X54Y116        CARRY4 (Prop_carry4_CI_CO[1])
                                                      0.157    46.762 r  vetrimodule/approxmd/linreg_plot/slope1_inferred__0/i___686/CO[1]
                         net (fo=30, routed)          1.067    47.829    vetrimodule/approxmd/linreg_plot/slope10_in[8]
    SLICE_X52Y109        CARRY4 (Prop_carry4_CYINIT_CO[3])
                                                      0.803    48.632 r  vetrimodule/approxmd/linreg_plot/slope1_inferred__0/i___687/CO[3]
                         net (fo=1, routed)           0.000    48.632    vetrimodule/approxmd/linreg_plot/slope1_inferred__0/i___687_n_0
    SLICE_X52Y110        CARRY4 (Prop_carry4_CI_CO[3])
                                                      0.117    48.749 r  vetrimodule/approxmd/linreg_plot/slope1_inferred__0/i___688/CO[3]
                         net (fo=1, routed)           0.000    48.749    vetrimodule/approxmd/linreg_plot/slope1_inferred__0/i___688_n_0
    SLICE_X52Y111        CARRY4 (Prop_carry4_CI_CO[3])
                                                      0.117    48.866 r  vetrimodule/approxmd/linreg_plot/slope1_inferred__0/i___689/CO[3]
                         net (fo=1, routed)           0.000    48.866    vetrimodule/approxmd/linreg_plot/slope1_inferred__0/i___689_n_0
    SLICE_X52Y112        CARRY4 (Prop_carry4_CI_CO[3])
                                                      0.117    48.983 r  vetrimodule/approxmd/linreg_plot/slope1_inferred__0/i___690/CO[3]
                         net (fo=1, routed)           0.000    48.983    vetrimodule/approxmd/linreg_plot/slope1_inferred__0/i___690_n_0
    SLICE_X52Y113        CARRY4 (Prop_carry4_CI_CO[3])
                                                      0.117    49.100 r  vetrimodule/approxmd/linreg_plot/slope1_inferred__0/i___691/CO[3]
                         net (fo=1, routed)           0.000    49.100    vetrimodule/approxmd/linreg_plot/slope1_inferred__0/i___691_n_0
    SLICE_X52Y114        CARRY4 (Prop_carry4_CI_CO[3])
                                                      0.117    49.217 r  vetrimodule/approxmd/linreg_plot/slope1_inferred__0/i___692/CO[3]
                         net (fo=1, routed)           0.000    49.217    vetrimodule/approxmd/linreg_plot/slope1_inferred__0/i___692_n_0
    SLICE_X52Y115        CARRY4 (Prop_carry4_CI_CO[1])
                                                      0.157    49.374 r  vetrimodule/approxmd/linreg_plot/slope1_inferred__0/i___693/CO[1]
                         net (fo=30, routed)          1.023    50.396    vetrimodule/approxmd/linreg_plot/slope10_in[7]
    SLICE_X53Y106        LUT2 (Prop_lut2_I1_O)        0.332    50.729 r  vetrimodule/approxmd/linreg_plot/i___694_i_4/O
                         net (fo=1, routed)           0.000    50.729    vetrimodule/approxmd/linreg_plot/i___694_i_4_n_0
    SLICE_X53Y106        CARRY4 (Prop_carry4_S[1]_CO[3])
                                                      0.550    51.278 r  vetrimodule/approxmd/linreg_plot/slope1_inferred__0/i___694/CO[3]
                         net (fo=1, routed)           0.000    51.278    vetrimodule/approxmd/linreg_plot/slope1_inferred__0/i___694_n_0
    SLICE_X53Y107        CARRY4 (Prop_carry4_CI_CO[3])
                                                      0.114    51.392 r  vetrimodule/approxmd/linreg_plot/slope1_inferred__0/i___695/CO[3]
                         net (fo=1, routed)           0.000    51.392    vetrimodule/approxmd/linreg_plot/slope1_inferred__0/i___695_n_0
    SLICE_X53Y108        CARRY4 (Prop_carry4_CI_CO[3])
                                                      0.114    51.506 r  vetrimodule/approxmd/linreg_plot/slope1_inferred__0/i___696/CO[3]
                         net (fo=1, routed)           0.000    51.506    vetrimodule/approxmd/linreg_plot/slope1_inferred__0/i___696_n_0
    SLICE_X53Y109        CARRY4 (Prop_carry4_CI_CO[3])
                                                      0.114    51.620 r  vetrimodule/approxmd/linreg_plot/slope1_inferred__0/i___697/CO[3]
                         net (fo=1, routed)           0.000    51.620    vetrimodule/approxmd/linreg_plot/slope1_inferred__0/i___697_n_0
    SLICE_X53Y110        CARRY4 (Prop_carry4_CI_CO[3])
                                                      0.114    51.734 r  vetrimodule/approxmd/linreg_plot/slope1_inferred__0/i___698/CO[3]
                         net (fo=1, routed)           0.000    51.734    vetrimodule/approxmd/linreg_plot/slope1_inferred__0/i___698_n_0
    SLICE_X53Y111        CARRY4 (Prop_carry4_CI_CO[3])
                                                      0.114    51.848 r  vetrimodule/approxmd/linreg_plot/slope1_inferred__0/i___699/CO[3]
                         net (fo=1, routed)           0.000    51.848    vetrimodule/approxmd/linreg_plot/slope1_inferred__0/i___699_n_0
    SLICE_X53Y112        CARRY4 (Prop_carry4_CI_CO[1])
                                                      0.157    52.005 r  vetrimodule/approxmd/linreg_plot/slope1_inferred__0/i___700/CO[1]
                         net (fo=30, routed)          0.679    52.684    vetrimodule/approxmd/linreg_plot/slope10_in[6]
    SLICE_X53Y114        LUT2 (Prop_lut2_I1_O)        0.329    53.013 r  vetrimodule/approxmd/linreg_plot/i___701_i_4/O
                         net (fo=1, routed)           0.000    53.013    vetrimodule/approxmd/linreg_plot/i___701_i_4_n_0
    SLICE_X53Y114        CARRY4 (Prop_carry4_S[1]_CO[3])
                                                      0.550    53.563 r  vetrimodule/approxmd/linreg_plot/slope1_inferred__0/i___701/CO[3]
                         net (fo=1, routed)           0.000    53.563    vetrimodule/approxmd/linreg_plot/slope1_inferred__0/i___701_n_0
    SLICE_X53Y115        CARRY4 (Prop_carry4_CI_CO[3])
                                                      0.114    53.677 r  vetrimodule/approxmd/linreg_plot/slope1_inferred__0/i___702/CO[3]
                         net (fo=1, routed)           0.000    53.677    vetrimodule/approxmd/linreg_plot/slope1_inferred__0/i___702_n_0
    SLICE_X53Y116        CARRY4 (Prop_carry4_CI_CO[3])
                                                      0.114    53.791 r  vetrimodule/approxmd/linreg_plot/slope1_inferred__0/i___703/CO[3]
                         net (fo=1, routed)           0.000    53.791    vetrimodule/approxmd/linreg_plot/slope1_inferred__0/i___703_n_0
    SLICE_X53Y117        CARRY4 (Prop_carry4_CI_CO[3])
                                                      0.114    53.905 r  vetrimodule/approxmd/linreg_plot/slope1_inferred__0/i___704/CO[3]
                         net (fo=1, routed)           0.000    53.905    vetrimodule/approxmd/linreg_plot/slope1_inferred__0/i___704_n_0
    SLICE_X53Y118        CARRY4 (Prop_carry4_CI_CO[3])
                                                      0.114    54.019 r  vetrimodule/approxmd/linreg_plot/slope1_inferred__0/i___705/CO[3]
                         net (fo=1, routed)           0.000    54.019    vetrimodule/approxmd/linreg_plot/slope1_inferred__0/i___705_n_0
    SLICE_X53Y119        CARRY4 (Prop_carry4_CI_CO[3])
                                                      0.114    54.133 r  vetrimodule/approxmd/linreg_plot/slope1_inferred__0/i___706/CO[3]
                         net (fo=1, routed)           0.000    54.133    vetrimodule/approxmd/linreg_plot/slope1_inferred__0/i___706_n_0
    SLICE_X53Y120        CARRY4 (Prop_carry4_CI_CO[1])
                                                      0.157    54.290 r  vetrimodule/approxmd/linreg_plot/slope1_inferred__0/i___707/CO[1]
                         net (fo=30, routed)          0.883    55.174    vetrimodule/approxmd/linreg_plot/slope10_in[5]
    SLICE_X52Y117        LUT2 (Prop_lut2_I1_O)        0.329    55.503 r  vetrimodule/approxmd/linreg_plot/i___708_i_4/O
                         net (fo=1, routed)           0.000    55.503    vetrimodule/approxmd/linreg_plot/i___708_i_4_n_0
    SLICE_X52Y117        CARRY4 (Prop_carry4_S[1]_CO[3])
                                                      0.533    56.036 r  vetrimodule/approxmd/linreg_plot/slope1_inferred__0/i___708/CO[3]
                         net (fo=1, routed)           0.000    56.036    vetrimodule/approxmd/linreg_plot/slope1_inferred__0/i___708_n_0
    SLICE_X52Y118        CARRY4 (Prop_carry4_CI_CO[3])
                                                      0.117    56.153 r  vetrimodule/approxmd/linreg_plot/slope1_inferred__0/i___709/CO[3]
                         net (fo=1, routed)           0.000    56.153    vetrimodule/approxmd/linreg_plot/slope1_inferred__0/i___709_n_0
    SLICE_X52Y119        CARRY4 (Prop_carry4_CI_CO[3])
                                                      0.117    56.270 r  vetrimodule/approxmd/linreg_plot/slope1_inferred__0/i___710/CO[3]
                         net (fo=1, routed)           0.000    56.270    vetrimodule/approxmd/linreg_plot/slope1_inferred__0/i___710_n_0
    SLICE_X52Y120        CARRY4 (Prop_carry4_CI_CO[3])
                                                      0.117    56.387 r  vetrimodule/approxmd/linreg_plot/slope1_inferred__0/i___711/CO[3]
                         net (fo=1, routed)           0.000    56.387    vetrimodule/approxmd/linreg_plot/slope1_inferred__0/i___711_n_0
    SLICE_X52Y121        CARRY4 (Prop_carry4_CI_CO[3])
                                                      0.117    56.504 r  vetrimodule/approxmd/linreg_plot/slope1_inferred__0/i___712/CO[3]
                         net (fo=1, routed)           0.000    56.504    vetrimodule/approxmd/linreg_plot/slope1_inferred__0/i___712_n_0
    SLICE_X52Y122        CARRY4 (Prop_carry4_CI_CO[3])
                                                      0.117    56.621 r  vetrimodule/approxmd/linreg_plot/slope1_inferred__0/i___713/CO[3]
                         net (fo=1, routed)           0.000    56.621    vetrimodule/approxmd/linreg_plot/slope1_inferred__0/i___713_n_0
    SLICE_X52Y123        CARRY4 (Prop_carry4_CI_CO[1])
                                                      0.157    56.778 r  vetrimodule/approxmd/linreg_plot/slope1_inferred__0/i___714/CO[1]
                         net (fo=30, routed)          0.940    57.718    vetrimodule/approxmd/linreg_plot/slope10_in[4]
    SLICE_X50Y118        LUT2 (Prop_lut2_I1_O)        0.332    58.050 r  vetrimodule/approxmd/linreg_plot/i___715_i_4/O
                         net (fo=1, routed)           0.000    58.050    vetrimodule/approxmd/linreg_plot/i___715_i_4_n_0
    SLICE_X50Y118        CARRY4 (Prop_carry4_S[1]_CO[3])
                                                      0.533    58.583 r  vetrimodule/approxmd/linreg_plot/slope1_inferred__0/i___715/CO[3]
                         net (fo=1, routed)           0.000    58.583    vetrimodule/approxmd/linreg_plot/slope1_inferred__0/i___715_n_0
    SLICE_X50Y119        CARRY4 (Prop_carry4_CI_CO[3])
                                                      0.117    58.700 r  vetrimodule/approxmd/linreg_plot/slope1_inferred__0/i___716/CO[3]
                         net (fo=1, routed)           0.000    58.700    vetrimodule/approxmd/linreg_plot/slope1_inferred__0/i___716_n_0
    SLICE_X50Y120        CARRY4 (Prop_carry4_CI_CO[3])
                                                      0.117    58.817 r  vetrimodule/approxmd/linreg_plot/slope1_inferred__0/i___717/CO[3]
                         net (fo=1, routed)           0.000    58.817    vetrimodule/approxmd/linreg_plot/slope1_inferred__0/i___717_n_0
    SLICE_X50Y121        CARRY4 (Prop_carry4_CI_CO[3])
                                                      0.117    58.934 r  vetrimodule/approxmd/linreg_plot/slope1_inferred__0/i___718/CO[3]
                         net (fo=1, routed)           0.000    58.934    vetrimodule/approxmd/linreg_plot/slope1_inferred__0/i___718_n_0
    SLICE_X50Y122        CARRY4 (Prop_carry4_CI_CO[3])
                                                      0.117    59.051 r  vetrimodule/approxmd/linreg_plot/slope1_inferred__0/i___719/CO[3]
                         net (fo=1, routed)           0.000    59.051    vetrimodule/approxmd/linreg_plot/slope1_inferred__0/i___719_n_0
    SLICE_X50Y123        CARRY4 (Prop_carry4_CI_CO[3])
                                                      0.117    59.168 r  vetrimodule/approxmd/linreg_plot/slope1_inferred__0/i___720/CO[3]
                         net (fo=1, routed)           0.000    59.168    vetrimodule/approxmd/linreg_plot/slope1_inferred__0/i___720_n_0
    SLICE_X50Y124        CARRY4 (Prop_carry4_CI_CO[1])
                                                      0.157    59.325 r  vetrimodule/approxmd/linreg_plot/slope1_inferred__0/i___721/CO[1]
                         net (fo=30, routed)          1.042    60.366    vetrimodule/approxmd/linreg_plot/slope10_in[3]
    SLICE_X56Y119        LUT2 (Prop_lut2_I1_O)        0.332    60.698 r  vetrimodule/approxmd/linreg_plot/i___722_i_4/O
                         net (fo=1, routed)           0.000    60.698    vetrimodule/approxmd/linreg_plot/i___722_i_4_n_0
    SLICE_X56Y119        CARRY4 (Prop_carry4_S[1]_CO[3])
                                                      0.533    61.231 r  vetrimodule/approxmd/linreg_plot/slope1_inferred__0/i___722/CO[3]
                         net (fo=1, routed)           0.000    61.231    vetrimodule/approxmd/linreg_plot/slope1_inferred__0/i___722_n_0
    SLICE_X56Y120        CARRY4 (Prop_carry4_CI_CO[3])
                                                      0.117    61.348 r  vetrimodule/approxmd/linreg_plot/slope1_inferred__0/i___723/CO[3]
                         net (fo=1, routed)           0.000    61.348    vetrimodule/approxmd/linreg_plot/slope1_inferred__0/i___723_n_0
    SLICE_X56Y121        CARRY4 (Prop_carry4_CI_CO[3])
                                                      0.117    61.465 r  vetrimodule/approxmd/linreg_plot/slope1_inferred__0/i___724/CO[3]
                         net (fo=1, routed)           0.000    61.465    vetrimodule/approxmd/linreg_plot/slope1_inferred__0/i___724_n_0
    SLICE_X56Y122        CARRY4 (Prop_carry4_CI_CO[3])
                                                      0.117    61.582 r  vetrimodule/approxmd/linreg_plot/slope1_inferred__0/i___725/CO[3]
                         net (fo=1, routed)           0.000    61.582    vetrimodule/approxmd/linreg_plot/slope1_inferred__0/i___725_n_0
    SLICE_X56Y123        CARRY4 (Prop_carry4_CI_CO[3])
                                                      0.117    61.699 r  vetrimodule/approxmd/linreg_plot/slope1_inferred__0/i___726/CO[3]
                         net (fo=1, routed)           0.000    61.699    vetrimodule/approxmd/linreg_plot/slope1_inferred__0/i___726_n_0
    SLICE_X56Y124        CARRY4 (Prop_carry4_CI_CO[3])
                                                      0.117    61.816 r  vetrimodule/approxmd/linreg_plot/slope1_inferred__0/i___727/CO[3]
                         net (fo=1, routed)           0.009    61.825    vetrimodule/approxmd/linreg_plot/slope1_inferred__0/i___727_n_0
    SLICE_X56Y125        CARRY4 (Prop_carry4_CI_CO[1])
                                                      0.157    61.982 r  vetrimodule/approxmd/linreg_plot/slope1_inferred__0/i___728/CO[1]
                         net (fo=30, routed)          0.945    62.928    vetrimodule/approxmd/linreg_plot/slope10_in[2]
    SLICE_X57Y118        LUT2 (Prop_lut2_I1_O)        0.332    63.260 r  vetrimodule/approxmd/linreg_plot/i___729_i_4/O
                         net (fo=1, routed)           0.000    63.260    vetrimodule/approxmd/linreg_plot/i___729_i_4_n_0
    SLICE_X57Y118        CARRY4 (Prop_carry4_S[1]_CO[3])
                                                      0.550    63.810 r  vetrimodule/approxmd/linreg_plot/slope1_inferred__0/i___729/CO[3]
                         net (fo=1, routed)           0.000    63.810    vetrimodule/approxmd/linreg_plot/slope1_inferred__0/i___729_n_0
    SLICE_X57Y119        CARRY4 (Prop_carry4_CI_CO[3])
                                                      0.114    63.924 r  vetrimodule/approxmd/linreg_plot/slope1_inferred__0/i___730/CO[3]
                         net (fo=1, routed)           0.000    63.924    vetrimodule/approxmd/linreg_plot/slope1_inferred__0/i___730_n_0
    SLICE_X57Y120        CARRY4 (Prop_carry4_CI_CO[3])
                                                      0.114    64.038 r  vetrimodule/approxmd/linreg_plot/slope1_inferred__0/i___731/CO[3]
                         net (fo=1, routed)           0.000    64.038    vetrimodule/approxmd/linreg_plot/slope1_inferred__0/i___731_n_0
    SLICE_X57Y121        CARRY4 (Prop_carry4_CI_CO[3])
                                                      0.114    64.152 r  vetrimodule/approxmd/linreg_plot/slope1_inferred__0/i___732/CO[3]
                         net (fo=1, routed)           0.000    64.152    vetrimodule/approxmd/linreg_plot/slope1_inferred__0/i___732_n_0
    SLICE_X57Y122        CARRY4 (Prop_carry4_CI_CO[3])
                                                      0.114    64.266 r  vetrimodule/approxmd/linreg_plot/slope1_inferred__0/i___733/CO[3]
                         net (fo=1, routed)           0.000    64.266    vetrimodule/approxmd/linreg_plot/slope1_inferred__0/i___733_n_0
    SLICE_X57Y123        CARRY4 (Prop_carry4_CI_CO[3])
                                                      0.114    64.380 r  vetrimodule/approxmd/linreg_plot/slope1_inferred__0/i___734/CO[3]
                         net (fo=1, routed)           0.000    64.380    vetrimodule/approxmd/linreg_plot/slope1_inferred__0/i___734_n_0
    SLICE_X57Y124        CARRY4 (Prop_carry4_CI_CO[1])
                                                      0.157    64.537 r  vetrimodule/approxmd/linreg_plot/slope1_inferred__0/i___735/CO[1]
                         net (fo=30, routed)          0.921    65.458    vetrimodule/approxmd/linreg_plot/slope10_in[1]
    SLICE_X55Y118        LUT2 (Prop_lut2_I1_O)        0.329    65.787 r  vetrimodule/approxmd/linreg_plot/i___736_i_5/O
                         net (fo=1, routed)           0.000    65.787    vetrimodule/approxmd/linreg_plot/i___736_i_5_n_0
    SLICE_X55Y118        CARRY4 (Prop_carry4_S[0]_CO[3])
                                                      0.532    66.319 r  vetrimodule/approxmd/linreg_plot/slope1_inferred__0/i___736/CO[3]
                         net (fo=1, routed)           0.000    66.319    vetrimodule/approxmd/linreg_plot/slope1_inferred__0/i___736_n_0
    SLICE_X55Y119        CARRY4 (Prop_carry4_CI_CO[3])
                                                      0.114    66.433 r  vetrimodule/approxmd/linreg_plot/slope1_inferred__0/i___737/CO[3]
                         net (fo=1, routed)           0.000    66.433    vetrimodule/approxmd/linreg_plot/slope1_inferred__0/i___737_n_0
    SLICE_X55Y120        CARRY4 (Prop_carry4_CI_CO[3])
                                                      0.114    66.547 r  vetrimodule/approxmd/linreg_plot/slope1_inferred__0/i___738/CO[3]
                         net (fo=1, routed)           0.000    66.547    vetrimodule/approxmd/linreg_plot/slope1_inferred__0/i___738_n_0
    SLICE_X55Y121        CARRY4 (Prop_carry4_CI_CO[3])
                                                      0.114    66.661 r  vetrimodule/approxmd/linreg_plot/slope1_inferred__0/i___739/CO[3]
                         net (fo=1, routed)           0.000    66.661    vetrimodule/approxmd/linreg_plot/slope1_inferred__0/i___739_n_0
    SLICE_X55Y122        CARRY4 (Prop_carry4_CI_CO[3])
                                                      0.114    66.775 r  vetrimodule/approxmd/linreg_plot/slope1_inferred__0/i___740/CO[3]
                         net (fo=1, routed)           0.000    66.775    vetrimodule/approxmd/linreg_plot/slope1_inferred__0/i___740_n_0
    SLICE_X55Y123        CARRY4 (Prop_carry4_CI_CO[3])
                                                      0.114    66.889 r  vetrimodule/approxmd/linreg_plot/slope1_inferred__0/i___741/CO[3]
                         net (fo=1, routed)           0.000    66.889    vetrimodule/approxmd/linreg_plot/slope1_inferred__0/i___741_n_0
    SLICE_X55Y124        CARRY4 (Prop_carry4_CI_CO[0])
                                                      0.271    67.160 f  vetrimodule/approxmd/linreg_plot/slope1_inferred__0/i___742/CO[0]
                         net (fo=2, routed)           0.369    67.529    vetrimodule/approxmd/linreg_plot/slope10_in[0]
    SLICE_X57Y125        LUT1 (Prop_lut1_I0_O)        0.373    67.902 r  vetrimodule/approxmd/linreg_plot/slope[4]_i_3/O
                         net (fo=1, routed)           0.384    68.286    vetrimodule/approxmd/linreg_plot/slope[4]_i_3_n_0
    SLICE_X54Y124        CARRY4 (Prop_carry4_CYINIT_CO[3])
                                                      0.595    68.881 r  vetrimodule/approxmd/linreg_plot/slope_reg[4]_i_2/CO[3]
                         net (fo=1, routed)           0.009    68.890    vetrimodule/approxmd/linreg_plot/slope_reg[4]_i_2_n_0
    SLICE_X54Y125        CARRY4 (Prop_carry4_CI_CO[3])
                                                      0.117    69.007 r  vetrimodule/approxmd/linreg_plot/slope_reg[8]_i_2/CO[3]
                         net (fo=1, routed)           0.000    69.007    vetrimodule/approxmd/linreg_plot/slope_reg[8]_i_2_n_0
    SLICE_X54Y126        CARRY4 (Prop_carry4_CI_CO[3])
                                                      0.117    69.124 r  vetrimodule/approxmd/linreg_plot/slope_reg[12]_i_2/CO[3]
                         net (fo=1, routed)           0.000    69.124    vetrimodule/approxmd/linreg_plot/slope_reg[12]_i_2_n_0
    SLICE_X54Y127        CARRY4 (Prop_carry4_CI_CO[3])
                                                      0.117    69.241 r  vetrimodule/approxmd/linreg_plot/slope_reg[16]_i_2/CO[3]
                         net (fo=1, routed)           0.000    69.241    vetrimodule/approxmd/linreg_plot/slope_reg[16]_i_2_n_0
    SLICE_X54Y128        CARRY4 (Prop_carry4_CI_O[1])
                                                      0.323    69.564 r  vetrimodule/approxmd/linreg_plot/slope_reg[20]_i_2/O[1]
                         net (fo=1, routed)           0.295    69.859    vetrimodule/approxmd/linreg_plot/slope1[18]
    SLICE_X55Y128        LUT5 (Prop_lut5_I4_O)        0.306    70.165 r  vetrimodule/approxmd/linreg_plot/slope[18]_i_1/O
                         net (fo=1, routed)           0.000    70.165    vetrimodule/approxmd/linreg_plot/slope[18]
    SLICE_X55Y128        FDCE                                         r  vetrimodule/approxmd/linreg_plot/slope_reg[18]/D
  -------------------------------------------------------------------    -------------------

                         (clock sys_clk_pin rise edge)
                                                     10.000    10.000 r  
    W5                                                0.000    10.000 r  CLOCK (IN)
                         net (fo=0)                   0.000    10.000    CLOCK
    W5                   IBUF (Prop_ibuf_I_O)         1.388    11.388 r  CLOCK_IBUF_inst/O
                         net (fo=1, routed)           1.862    13.250    CLOCK_IBUF
    BUFGCTRL_X0Y0        BUFG (Prop_bufg_I_O)         0.091    13.341 r  CLOCK_IBUF_BUFG_inst/O
                         net (fo=4568, routed)        1.601    14.942    vetrimodule/approxmd/linreg_plot/CLOCK_IBUF_BUFG
    SLICE_X55Y128        FDCE                                         r  vetrimodule/approxmd/linreg_plot/slope_reg[18]/C
                         clock pessimism              0.187    15.129    
                         clock uncertainty           -0.035    15.094    
    SLICE_X55Y128        FDCE (Setup_fdce_C_D)        0.031    15.125    vetrimodule/approxmd/linreg_plot/slope_reg[18]
  -------------------------------------------------------------------
                         required time                         15.125    
                         arrival time                         -70.165    
  -------------------------------------------------------------------
                         slack                                -55.041    

Slack (VIOLATED) :        -55.040ns  (required time - arrival time)
  Source:                 vetrimodule/approxmd/linreg_plot/temp2_reg[0]/C
                            (rising edge-triggered cell FDCE clocked by sys_clk_pin  {rise@0.000ns fall@5.000ns period=10.000ns})
  Destination:            vetrimodule/approxmd/linreg_plot/slope_reg[14]/D
                            (rising edge-triggered cell FDCE clocked by sys_clk_pin  {rise@0.000ns fall@5.000ns period=10.000ns})
  Path Group:             sys_clk_pin
  Path Type:              Setup (Max at Slow Process Corner)
  Requirement:            10.000ns  (sys_clk_pin rise@10.000ns - sys_clk_pin rise@0.000ns)
  Data Path Delay:        65.019ns  (logic 41.824ns (64.326%)  route 23.195ns (35.674%))
  Logic Levels:           198  (CARRY4=172 LUT1=2 LUT2=10 LUT3=1 LUT4=1 LUT5=12)
  Clock Path Skew:        -0.017ns (DCD - SCD + CPR)
    Destination Clock Delay (DCD):    4.939ns = ( 14.939 - 10.000 ) 
    Source Clock Delay      (SCD):    5.143ns
    Clock Pessimism Removal (CPR):    0.187ns
  Clock Uncertainty:      0.035ns  ((TSJ^2 + TIJ^2)^1/2 + DJ) / 2 + PE
    Total System Jitter     (TSJ):    0.071ns
    Total Input Jitter      (TIJ):    0.000ns
    Discrete Jitter          (DJ):    0.000ns
    Phase Error              (PE):    0.000ns

    Location             Delay type                Incr(ns)  Path(ns)    Netlist Resource(s)
  -------------------------------------------------------------------    -------------------
                         (clock sys_clk_pin rise edge)
                                                      0.000     0.000 r  
    W5                                                0.000     0.000 r  CLOCK (IN)
                         net (fo=0)                   0.000     0.000    CLOCK
    W5                   IBUF (Prop_ibuf_I_O)         1.458     1.458 r  CLOCK_IBUF_inst/O
                         net (fo=1, routed)           1.967     3.425    CLOCK_IBUF
    BUFGCTRL_X0Y0        BUFG (Prop_bufg_I_O)         0.096     3.521 r  CLOCK_IBUF_BUFG_inst/O
                         net (fo=4568, routed)        1.622     5.143    vetrimodule/approxmd/linreg_plot/CLOCK_IBUF_BUFG
    SLICE_X58Y88         FDCE                                         r  vetrimodule/approxmd/linreg_plot/temp2_reg[0]/C
  -------------------------------------------------------------------    -------------------
    SLICE_X58Y88         FDCE (Prop_fdce_C_Q)         0.456     5.599 f  vetrimodule/approxmd/linreg_plot/temp2_reg[0]/Q
                         net (fo=36, routed)          0.301     5.900    vetrimodule/approxmd/linreg_plot/temp2[0]
    SLICE_X59Y88         LUT1 (Prop_lut1_I0_O)        0.124     6.024 r  vetrimodule/approxmd/linreg_plot/slope20_carry_i_1/O
                         net (fo=1, routed)           0.336     6.360    vetrimodule/approxmd/linreg_plot/slope20_carry_i_1_n_0
    SLICE_X58Y87         CARRY4 (Prop_carry4_CYINIT_CO[3])
                                                      0.580     6.940 r  vetrimodule/approxmd/linreg_plot/slope20_carry/CO[3]
                         net (fo=1, routed)           0.000     6.940    vetrimodule/approxmd/linreg_plot/slope20_carry_n_0
    SLICE_X58Y88         CARRY4 (Prop_carry4_CI_CO[3])
                                                      0.114     7.054 r  vetrimodule/approxmd/linreg_plot/slope20_carry__0/CO[3]
                         net (fo=1, routed)           0.000     7.054    vetrimodule/approxmd/linreg_plot/slope20_carry__0_n_0
    SLICE_X58Y89         CARRY4 (Prop_carry4_CI_CO[3])
                                                      0.114     7.168 r  vetrimodule/approxmd/linreg_plot/slope20_carry__1/CO[3]
                         net (fo=1, routed)           0.000     7.168    vetrimodule/approxmd/linreg_plot/slope20_carry__1_n_0
    SLICE_X58Y90         CARRY4 (Prop_carry4_CI_CO[0])
                                                      0.271     7.439 r  vetrimodule/approxmd/linreg_plot/i___578_i_9/CO[0]
                         net (fo=275, routed)         0.976     8.415    vetrimodule/approxmd/linreg_plot/i___578_i_9_n_3
    SLICE_X58Y94         LUT2 (Prop_lut2_I0_O)        0.373     8.788 r  vetrimodule/approxmd/linreg_plot/i___578_i_7/O
                         net (fo=1, routed)           0.000     8.788    vetrimodule/approxmd/linreg_plot/i___578_i_7_n_0
    SLICE_X58Y94         CARRY4 (Prop_carry4_S[1]_CO[3])
                                                      0.550     9.338 r  vetrimodule/approxmd/linreg_plot/slope1_inferred__0/i___578/CO[3]
                         net (fo=1, routed)           0.000     9.338    vetrimodule/approxmd/linreg_plot/slope1_inferred__0/i___578_n_0
    SLICE_X58Y95         CARRY4 (Prop_carry4_CI_CO[3])
                                                      0.114     9.452 r  vetrimodule/approxmd/linreg_plot/slope1_inferred__0/i___579/CO[3]
                         net (fo=1, routed)           0.000     9.452    vetrimodule/approxmd/linreg_plot/slope1_inferred__0/i___579_n_0
    SLICE_X58Y96         CARRY4 (Prop_carry4_CI_CO[3])
                                                      0.114     9.566 r  vetrimodule/approxmd/linreg_plot/slope1_inferred__0/i___580/CO[3]
                         net (fo=1, routed)           0.000     9.566    vetrimodule/approxmd/linreg_plot/slope1_inferred__0/i___580_n_0
    SLICE_X58Y97         CARRY4 (Prop_carry4_CI_CO[0])
                                                      0.271     9.837 r  vetrimodule/approxmd/linreg_plot/slope1_inferred__0/i___581/CO[0]
                         net (fo=27, routed)          0.923    10.760    vetrimodule/approxmd/linreg_plot/slope1_inferred__0/i___581_n_3
    SLICE_X59Y90         LUT4 (Prop_lut4_I0_O)        0.373    11.133 r  vetrimodule/approxmd/linreg_plot/i___582_i_4/O
                         net (fo=1, routed)           0.000    11.133    vetrimodule/approxmd/linreg_plot/i___582_i_4_n_0
    SLICE_X59Y90         CARRY4 (Prop_carry4_S[1]_CO[3])
                                                      0.550    11.683 r  vetrimodule/approxmd/linreg_plot/slope1_inferred__0/i___582/CO[3]
                         net (fo=1, routed)           0.000    11.683    vetrimodule/approxmd/linreg_plot/slope1_inferred__0/i___582_n_0
    SLICE_X59Y91         CARRY4 (Prop_carry4_CI_CO[3])
                                                      0.114    11.797 r  vetrimodule/approxmd/linreg_plot/slope1_inferred__0/i___583/CO[3]
                         net (fo=1, routed)           0.000    11.797    vetrimodule/approxmd/linreg_plot/slope1_inferred__0/i___583_n_0
    SLICE_X59Y92         CARRY4 (Prop_carry4_CI_CO[3])
                                                      0.114    11.911 r  vetrimodule/approxmd/linreg_plot/slope1_inferred__0/i___584/CO[3]
                         net (fo=1, routed)           0.000    11.911    vetrimodule/approxmd/linreg_plot/slope1_inferred__0/i___584_n_0
    SLICE_X59Y93         CARRY4 (Prop_carry4_CI_CO[3])
                                                      0.114    12.025 r  vetrimodule/approxmd/linreg_plot/slope1_inferred__0/i___585/CO[3]
                         net (fo=1, routed)           0.000    12.025    vetrimodule/approxmd/linreg_plot/slope1_inferred__0/i___585_n_0
    SLICE_X59Y94         CARRY4 (Prop_carry4_CI_CO[3])
                                                      0.114    12.139 r  vetrimodule/approxmd/linreg_plot/slope1_inferred__0/i___586/CO[3]
                         net (fo=1, routed)           0.000    12.139    vetrimodule/approxmd/linreg_plot/slope1_inferred__0/i___586_n_0
    SLICE_X59Y95         CARRY4 (Prop_carry4_CI_CO[3])
                                                      0.114    12.253 r  vetrimodule/approxmd/linreg_plot/slope1_inferred__0/i___587/CO[3]
                         net (fo=1, routed)           0.000    12.253    vetrimodule/approxmd/linreg_plot/slope1_inferred__0/i___587_n_0
    SLICE_X59Y96         CARRY4 (Prop_carry4_CI_CO[1])
                                                      0.157    12.410 r  vetrimodule/approxmd/linreg_plot/slope1_inferred__0/i___588/CO[1]
                         net (fo=27, routed)          1.093    13.502    vetrimodule/approxmd/linreg_plot/slope1_inferred__0/i___588_n_2
    SLICE_X57Y89         LUT5 (Prop_lut5_I0_O)        0.329    13.831 r  vetrimodule/approxmd/linreg_plot/i___589_i_4/O
                         net (fo=1, routed)           0.000    13.831    vetrimodule/approxmd/linreg_plot/i___589_i_4_n_0
    SLICE_X57Y89         CARRY4 (Prop_carry4_S[1]_CO[3])
                                                      0.550    14.381 r  vetrimodule/approxmd/linreg_plot/slope1_inferred__0/i___589/CO[3]
                         net (fo=1, routed)           0.000    14.381    vetrimodule/approxmd/linreg_plot/slope1_inferred__0/i___589_n_0
    SLICE_X57Y90         CARRY4 (Prop_carry4_CI_CO[3])
                                                      0.114    14.495 r  vetrimodule/approxmd/linreg_plot/slope1_inferred__0/i___590/CO[3]
                         net (fo=1, routed)           0.000    14.495    vetrimodule/approxmd/linreg_plot/slope1_inferred__0/i___590_n_0
    SLICE_X57Y91         CARRY4 (Prop_carry4_CI_CO[3])
                                                      0.114    14.609 r  vetrimodule/approxmd/linreg_plot/slope1_inferred__0/i___591/CO[3]
                         net (fo=1, routed)           0.000    14.609    vetrimodule/approxmd/linreg_plot/slope1_inferred__0/i___591_n_0
    SLICE_X57Y92         CARRY4 (Prop_carry4_CI_CO[3])
                                                      0.114    14.723 r  vetrimodule/approxmd/linreg_plot/slope1_inferred__0/i___592/CO[3]
                         net (fo=1, routed)           0.000    14.723    vetrimodule/approxmd/linreg_plot/slope1_inferred__0/i___592_n_0
    SLICE_X57Y93         CARRY4 (Prop_carry4_CI_CO[3])
                                                      0.114    14.837 r  vetrimodule/approxmd/linreg_plot/slope1_inferred__0/i___593/CO[3]
                         net (fo=1, routed)           0.000    14.837    vetrimodule/approxmd/linreg_plot/slope1_inferred__0/i___593_n_0
    SLICE_X57Y94         CARRY4 (Prop_carry4_CI_CO[3])
                                                      0.114    14.951 r  vetrimodule/approxmd/linreg_plot/slope1_inferred__0/i___594/CO[3]
                         net (fo=1, routed)           0.000    14.951    vetrimodule/approxmd/linreg_plot/slope1_inferred__0/i___594_n_0
    SLICE_X57Y95         CARRY4 (Prop_carry4_CI_CO[1])
                                                      0.157    15.108 r  vetrimodule/approxmd/linreg_plot/slope1_inferred__0/i___595/CO[1]
                         net (fo=29, routed)          1.030    16.138    vetrimodule/approxmd/linreg_plot/slope10_in[21]
    SLICE_X55Y87         LUT5 (Prop_lut5_I0_O)        0.329    16.467 r  vetrimodule/approxmd/linreg_plot/i___596_i_4/O
                         net (fo=1, routed)           0.000    16.467    vetrimodule/approxmd/linreg_plot/i___596_i_4_n_0
    SLICE_X55Y87         CARRY4 (Prop_carry4_S[1]_CO[3])
                                                      0.550    17.017 r  vetrimodule/approxmd/linreg_plot/slope1_inferred__0/i___596/CO[3]
                         net (fo=1, routed)           0.000    17.017    vetrimodule/approxmd/linreg_plot/slope1_inferred__0/i___596_n_0
    SLICE_X55Y88         CARRY4 (Prop_carry4_CI_CO[3])
                                                      0.114    17.131 r  vetrimodule/approxmd/linreg_plot/slope1_inferred__0/i___597/CO[3]
                         net (fo=1, routed)           0.000    17.131    vetrimodule/approxmd/linreg_plot/slope1_inferred__0/i___597_n_0
    SLICE_X55Y89         CARRY4 (Prop_carry4_CI_CO[3])
                                                      0.114    17.245 r  vetrimodule/approxmd/linreg_plot/slope1_inferred__0/i___598/CO[3]
                         net (fo=1, routed)           0.000    17.245    vetrimodule/approxmd/linreg_plot/slope1_inferred__0/i___598_n_0
    SLICE_X55Y90         CARRY4 (Prop_carry4_CI_CO[3])
                                                      0.114    17.359 r  vetrimodule/approxmd/linreg_plot/slope1_inferred__0/i___599/CO[3]
                         net (fo=1, routed)           0.000    17.359    vetrimodule/approxmd/linreg_plot/slope1_inferred__0/i___599_n_0
    SLICE_X55Y91         CARRY4 (Prop_carry4_CI_CO[3])
                                                      0.114    17.473 r  vetrimodule/approxmd/linreg_plot/slope1_inferred__0/i___600/CO[3]
                         net (fo=1, routed)           0.000    17.473    vetrimodule/approxmd/linreg_plot/slope1_inferred__0/i___600_n_0
    SLICE_X55Y92         CARRY4 (Prop_carry4_CI_CO[3])
                                                      0.114    17.587 r  vetrimodule/approxmd/linreg_plot/slope1_inferred__0/i___601/CO[3]
                         net (fo=1, routed)           0.000    17.587    vetrimodule/approxmd/linreg_plot/slope1_inferred__0/i___601_n_0
    SLICE_X55Y93         CARRY4 (Prop_carry4_CI_CO[1])
                                                      0.157    17.744 r  vetrimodule/approxmd/linreg_plot/slope1_inferred__0/i___602/CO[1]
                         net (fo=29, routed)          0.888    18.632    vetrimodule/approxmd/linreg_plot/slope10_in[20]
    SLICE_X54Y86         LUT5 (Prop_lut5_I0_O)        0.329    18.961 r  vetrimodule/approxmd/linreg_plot/i___603_i_4/O
                         net (fo=1, routed)           0.000    18.961    vetrimodule/approxmd/linreg_plot/i___603_i_4_n_0
    SLICE_X54Y86         CARRY4 (Prop_carry4_S[1]_CO[3])
                                                      0.533    19.494 r  vetrimodule/approxmd/linreg_plot/slope1_inferred__0/i___603/CO[3]
                         net (fo=1, routed)           0.000    19.494    vetrimodule/approxmd/linreg_plot/slope1_inferred__0/i___603_n_0
    SLICE_X54Y87         CARRY4 (Prop_carry4_CI_CO[3])
                                                      0.117    19.611 r  vetrimodule/approxmd/linreg_plot/slope1_inferred__0/i___604/CO[3]
                         net (fo=1, routed)           0.000    19.611    vetrimodule/approxmd/linreg_plot/slope1_inferred__0/i___604_n_0
    SLICE_X54Y88         CARRY4 (Prop_carry4_CI_CO[3])
                                                      0.117    19.728 r  vetrimodule/approxmd/linreg_plot/slope1_inferred__0/i___605/CO[3]
                         net (fo=1, routed)           0.000    19.728    vetrimodule/approxmd/linreg_plot/slope1_inferred__0/i___605_n_0
    SLICE_X54Y89         CARRY4 (Prop_carry4_CI_CO[3])
                                                      0.117    19.845 r  vetrimodule/approxmd/linreg_plot/slope1_inferred__0/i___606/CO[3]
                         net (fo=1, routed)           0.000    19.845    vetrimodule/approxmd/linreg_plot/slope1_inferred__0/i___606_n_0
    SLICE_X54Y90         CARRY4 (Prop_carry4_CI_CO[3])
                                                      0.117    19.962 r  vetrimodule/approxmd/linreg_plot/slope1_inferred__0/i___607/CO[3]
                         net (fo=1, routed)           0.000    19.962    vetrimodule/approxmd/linreg_plot/slope1_inferred__0/i___607_n_0
    SLICE_X54Y91         CARRY4 (Prop_carry4_CI_CO[3])
                                                      0.117    20.079 r  vetrimodule/approxmd/linreg_plot/slope1_inferred__0/i___608/CO[3]
                         net (fo=1, routed)           0.000    20.079    vetrimodule/approxmd/linreg_plot/slope1_inferred__0/i___608_n_0
    SLICE_X54Y92         CARRY4 (Prop_carry4_CI_CO[1])
                                                      0.157    20.236 r  vetrimodule/approxmd/linreg_plot/slope1_inferred__0/i___609/CO[1]
                         net (fo=29, routed)          0.666    20.902    vetrimodule/approxmd/linreg_plot/slope10_in[19]
    SLICE_X54Y93         LUT5 (Prop_lut5_I0_O)        0.332    21.234 r  vetrimodule/approxmd/linreg_plot/i___610_i_4/O
                         net (fo=1, routed)           0.000    21.234    vetrimodule/approxmd/linreg_plot/i___610_i_4_n_0
    SLICE_X54Y93         CARRY4 (Prop_carry4_S[1]_CO[3])
                                                      0.533    21.767 r  vetrimodule/approxmd/linreg_plot/slope1_inferred__0/i___610/CO[3]
                         net (fo=1, routed)           0.000    21.767    vetrimodule/approxmd/linreg_plot/slope1_inferred__0/i___610_n_0
    SLICE_X54Y94         CARRY4 (Prop_carry4_CI_CO[3])
                                                      0.117    21.884 r  vetrimodule/approxmd/linreg_plot/slope1_inferred__0/i___611/CO[3]
                         net (fo=1, routed)           0.000    21.884    vetrimodule/approxmd/linreg_plot/slope1_inferred__0/i___611_n_0
    SLICE_X54Y95         CARRY4 (Prop_carry4_CI_CO[3])
                                                      0.117    22.001 r  vetrimodule/approxmd/linreg_plot/slope1_inferred__0/i___612/CO[3]
                         net (fo=1, routed)           0.000    22.001    vetrimodule/approxmd/linreg_plot/slope1_inferred__0/i___612_n_0
    SLICE_X54Y96         CARRY4 (Prop_carry4_CI_CO[3])
                                                      0.117    22.118 r  vetrimodule/approxmd/linreg_plot/slope1_inferred__0/i___613/CO[3]
                         net (fo=1, routed)           0.000    22.118    vetrimodule/approxmd/linreg_plot/slope1_inferred__0/i___613_n_0
    SLICE_X54Y97         CARRY4 (Prop_carry4_CI_CO[3])
                                                      0.117    22.235 r  vetrimodule/approxmd/linreg_plot/slope1_inferred__0/i___614/CO[3]
                         net (fo=1, routed)           0.000    22.235    vetrimodule/approxmd/linreg_plot/slope1_inferred__0/i___614_n_0
    SLICE_X54Y98         CARRY4 (Prop_carry4_CI_CO[3])
                                                      0.117    22.352 r  vetrimodule/approxmd/linreg_plot/slope1_inferred__0/i___615/CO[3]
                         net (fo=1, routed)           0.000    22.352    vetrimodule/approxmd/linreg_plot/slope1_inferred__0/i___615_n_0
    SLICE_X54Y99         CARRY4 (Prop_carry4_CI_CO[1])
                                                      0.157    22.509 r  vetrimodule/approxmd/linreg_plot/slope1_inferred__0/i___616/CO[1]
                         net (fo=29, routed)          0.786    23.296    vetrimodule/approxmd/linreg_plot/slope10_in[18]
    SLICE_X56Y94         LUT5 (Prop_lut5_I0_O)        0.332    23.628 r  vetrimodule/approxmd/linreg_plot/i___617_i_4/O
                         net (fo=1, routed)           0.000    23.628    vetrimodule/approxmd/linreg_plot/i___617_i_4_n_0
    SLICE_X56Y94         CARRY4 (Prop_carry4_S[1]_CO[3])
                                                      0.533    24.161 r  vetrimodule/approxmd/linreg_plot/slope1_inferred__0/i___617/CO[3]
                         net (fo=1, routed)           0.000    24.161    vetrimodule/approxmd/linreg_plot/slope1_inferred__0/i___617_n_0
    SLICE_X56Y95         CARRY4 (Prop_carry4_CI_CO[3])
                                                      0.117    24.278 r  vetrimodule/approxmd/linreg_plot/slope1_inferred__0/i___618/CO[3]
                         net (fo=1, routed)           0.000    24.278    vetrimodule/approxmd/linreg_plot/slope1_inferred__0/i___618_n_0
    SLICE_X56Y96         CARRY4 (Prop_carry4_CI_CO[3])
                                                      0.117    24.395 r  vetrimodule/approxmd/linreg_plot/slope1_inferred__0/i___619/CO[3]
                         net (fo=1, routed)           0.000    24.395    vetrimodule/approxmd/linreg_plot/slope1_inferred__0/i___619_n_0
    SLICE_X56Y97         CARRY4 (Prop_carry4_CI_CO[3])
                                                      0.117    24.512 r  vetrimodule/approxmd/linreg_plot/slope1_inferred__0/i___620/CO[3]
                         net (fo=1, routed)           0.000    24.512    vetrimodule/approxmd/linreg_plot/slope1_inferred__0/i___620_n_0
    SLICE_X56Y98         CARRY4 (Prop_carry4_CI_CO[3])
                                                      0.117    24.629 r  vetrimodule/approxmd/linreg_plot/slope1_inferred__0/i___621/CO[3]
                         net (fo=1, routed)           0.000    24.629    vetrimodule/approxmd/linreg_plot/slope1_inferred__0/i___621_n_0
    SLICE_X56Y99         CARRY4 (Prop_carry4_CI_CO[3])
                                                      0.117    24.746 r  vetrimodule/approxmd/linreg_plot/slope1_inferred__0/i___622/CO[3]
                         net (fo=1, routed)           0.001    24.746    vetrimodule/approxmd/linreg_plot/slope1_inferred__0/i___622_n_0
    SLICE_X56Y100        CARRY4 (Prop_carry4_CI_CO[1])
                                                      0.157    24.903 r  vetrimodule/approxmd/linreg_plot/slope1_inferred__0/i___623/CO[1]
                         net (fo=29, routed)          0.864    25.767    vetrimodule/approxmd/linreg_plot/slope10_in[17]
    SLICE_X55Y95         LUT5 (Prop_lut5_I0_O)        0.332    26.099 r  vetrimodule/approxmd/linreg_plot/i___624_i_4/O
                         net (fo=1, routed)           0.000    26.099    vetrimodule/approxmd/linreg_plot/i___624_i_4_n_0
    SLICE_X55Y95         CARRY4 (Prop_carry4_S[1]_CO[3])
                                                      0.550    26.649 r  vetrimodule/approxmd/linreg_plot/slope1_inferred__0/i___624/CO[3]
                         net (fo=1, routed)           0.000    26.649    vetrimodule/approxmd/linreg_plot/slope1_inferred__0/i___624_n_0
    SLICE_X55Y96         CARRY4 (Prop_carry4_CI_CO[3])
                                                      0.114    26.763 r  vetrimodule/approxmd/linreg_plot/slope1_inferred__0/i___625/CO[3]
                         net (fo=1, routed)           0.000    26.763    vetrimodule/approxmd/linreg_plot/slope1_inferred__0/i___625_n_0
    SLICE_X55Y97         CARRY4 (Prop_carry4_CI_CO[3])
                                                      0.114    26.877 r  vetrimodule/approxmd/linreg_plot/slope1_inferred__0/i___626/CO[3]
                         net (fo=1, routed)           0.000    26.877    vetrimodule/approxmd/linreg_plot/slope1_inferred__0/i___626_n_0
    SLICE_X55Y98         CARRY4 (Prop_carry4_CI_CO[3])
                                                      0.114    26.991 r  vetrimodule/approxmd/linreg_plot/slope1_inferred__0/i___627/CO[3]
                         net (fo=1, routed)           0.000    26.991    vetrimodule/approxmd/linreg_plot/slope1_inferred__0/i___627_n_0
    SLICE_X55Y99         CARRY4 (Prop_carry4_CI_CO[3])
                                                      0.114    27.105 r  vetrimodule/approxmd/linreg_plot/slope1_inferred__0/i___628/CO[3]
                         net (fo=1, routed)           0.001    27.106    vetrimodule/approxmd/linreg_plot/slope1_inferred__0/i___628_n_0
    SLICE_X55Y100        CARRY4 (Prop_carry4_CI_CO[3])
                                                      0.114    27.220 r  vetrimodule/approxmd/linreg_plot/slope1_inferred__0/i___629/CO[3]
                         net (fo=1, routed)           0.000    27.220    vetrimodule/approxmd/linreg_plot/slope1_inferred__0/i___629_n_0
    SLICE_X55Y101        CARRY4 (Prop_carry4_CI_CO[1])
                                                      0.157    27.377 r  vetrimodule/approxmd/linreg_plot/slope1_inferred__0/i___630/CO[1]
                         net (fo=29, routed)          0.667    28.044    vetrimodule/approxmd/linreg_plot/slope10_in[16]
    SLICE_X54Y100        LUT5 (Prop_lut5_I0_O)        0.329    28.373 r  vetrimodule/approxmd/linreg_plot/i___631_i_4/O
                         net (fo=1, routed)           0.000    28.373    vetrimodule/approxmd/linreg_plot/i___631_i_4_n_0
    SLICE_X54Y100        CARRY4 (Prop_carry4_S[1]_CO[3])
                                                      0.533    28.906 r  vetrimodule/approxmd/linreg_plot/slope1_inferred__0/i___631/CO[3]
                         net (fo=1, routed)           0.000    28.906    vetrimodule/approxmd/linreg_plot/slope1_inferred__0/i___631_n_0
    SLICE_X54Y101        CARRY4 (Prop_carry4_CI_CO[3])
                                                      0.117    29.023 r  vetrimodule/approxmd/linreg_plot/slope1_inferred__0/i___632/CO[3]
                         net (fo=1, routed)           0.000    29.023    vetrimodule/approxmd/linreg_plot/slope1_inferred__0/i___632_n_0
    SLICE_X54Y102        CARRY4 (Prop_carry4_CI_CO[3])
                                                      0.117    29.140 r  vetrimodule/approxmd/linreg_plot/slope1_inferred__0/i___633/CO[3]
                         net (fo=1, routed)           0.000    29.140    vetrimodule/approxmd/linreg_plot/slope1_inferred__0/i___633_n_0
    SLICE_X54Y103        CARRY4 (Prop_carry4_CI_CO[3])
                                                      0.117    29.257 r  vetrimodule/approxmd/linreg_plot/slope1_inferred__0/i___634/CO[3]
                         net (fo=1, routed)           0.000    29.257    vetrimodule/approxmd/linreg_plot/slope1_inferred__0/i___634_n_0
    SLICE_X54Y104        CARRY4 (Prop_carry4_CI_CO[3])
                                                      0.117    29.374 r  vetrimodule/approxmd/linreg_plot/slope1_inferred__0/i___635/CO[3]
                         net (fo=1, routed)           0.000    29.374    vetrimodule/approxmd/linreg_plot/slope1_inferred__0/i___635_n_0
    SLICE_X54Y105        CARRY4 (Prop_carry4_CI_CO[3])
                                                      0.117    29.491 r  vetrimodule/approxmd/linreg_plot/slope1_inferred__0/i___636/CO[3]
                         net (fo=1, routed)           0.000    29.491    vetrimodule/approxmd/linreg_plot/slope1_inferred__0/i___636_n_0
    SLICE_X54Y106        CARRY4 (Prop_carry4_CI_CO[1])
                                                      0.157    29.648 r  vetrimodule/approxmd/linreg_plot/slope1_inferred__0/i___637/CO[1]
                         net (fo=29, routed)          1.088    30.736    vetrimodule/approxmd/linreg_plot/slope10_in[15]
    SLICE_X51Y97         LUT5 (Prop_lut5_I0_O)        0.332    31.068 r  vetrimodule/approxmd/linreg_plot/i___638_i_4/O
                         net (fo=1, routed)           0.000    31.068    vetrimodule/approxmd/linreg_plot/i___638_i_4_n_0
    SLICE_X51Y97         CARRY4 (Prop_carry4_S[1]_CO[3])
                                                      0.550    31.618 r  vetrimodule/approxmd/linreg_plot/slope1_inferred__0/i___638/CO[3]
                         net (fo=1, routed)           0.000    31.618    vetrimodule/approxmd/linreg_plot/slope1_inferred__0/i___638_n_0
    SLICE_X51Y98         CARRY4 (Prop_carry4_CI_CO[3])
                                                      0.114    31.732 r  vetrimodule/approxmd/linreg_plot/slope1_inferred__0/i___639/CO[3]
                         net (fo=1, routed)           0.000    31.732    vetrimodule/approxmd/linreg_plot/slope1_inferred__0/i___639_n_0
    SLICE_X51Y99         CARRY4 (Prop_carry4_CI_CO[3])
                                                      0.114    31.846 r  vetrimodule/approxmd/linreg_plot/slope1_inferred__0/i___640/CO[3]
                         net (fo=1, routed)           0.001    31.847    vetrimodule/approxmd/linreg_plot/slope1_inferred__0/i___640_n_0
    SLICE_X51Y100        CARRY4 (Prop_carry4_CI_CO[3])
                                                      0.114    31.961 r  vetrimodule/approxmd/linreg_plot/slope1_inferred__0/i___641/CO[3]
                         net (fo=1, routed)           0.000    31.961    vetrimodule/approxmd/linreg_plot/slope1_inferred__0/i___641_n_0
    SLICE_X51Y101        CARRY4 (Prop_carry4_CI_CO[3])
                                                      0.114    32.075 r  vetrimodule/approxmd/linreg_plot/slope1_inferred__0/i___642/CO[3]
                         net (fo=1, routed)           0.000    32.075    vetrimodule/approxmd/linreg_plot/slope1_inferred__0/i___642_n_0
    SLICE_X51Y102        CARRY4 (Prop_carry4_CI_CO[3])
                                                      0.114    32.189 r  vetrimodule/approxmd/linreg_plot/slope1_inferred__0/i___643/CO[3]
                         net (fo=1, routed)           0.000    32.189    vetrimodule/approxmd/linreg_plot/slope1_inferred__0/i___643_n_0
    SLICE_X51Y103        CARRY4 (Prop_carry4_CI_CO[1])
                                                      0.157    32.346 r  vetrimodule/approxmd/linreg_plot/slope1_inferred__0/i___644/CO[1]
                         net (fo=29, routed)          1.041    33.387    vetrimodule/approxmd/linreg_plot/slope10_in[14]
    SLICE_X52Y95         LUT5 (Prop_lut5_I0_O)        0.329    33.716 r  vetrimodule/approxmd/linreg_plot/i___645_i_4/O
                         net (fo=1, routed)           0.000    33.716    vetrimodule/approxmd/linreg_plot/i___645_i_4_n_0
    SLICE_X52Y95         CARRY4 (Prop_carry4_S[1]_CO[3])
                                                      0.533    34.249 r  vetrimodule/approxmd/linreg_plot/slope1_inferred__0/i___645/CO[3]
                         net (fo=1, routed)           0.000    34.249    vetrimodule/approxmd/linreg_plot/slope1_inferred__0/i___645_n_0
    SLICE_X52Y96         CARRY4 (Prop_carry4_CI_CO[3])
                                                      0.117    34.366 r  vetrimodule/approxmd/linreg_plot/slope1_inferred__0/i___646/CO[3]
                         net (fo=1, routed)           0.000    34.366    vetrimodule/approxmd/linreg_plot/slope1_inferred__0/i___646_n_0
    SLICE_X52Y97         CARRY4 (Prop_carry4_CI_CO[3])
                                                      0.117    34.483 r  vetrimodule/approxmd/linreg_plot/slope1_inferred__0/i___647/CO[3]
                         net (fo=1, routed)           0.000    34.483    vetrimodule/approxmd/linreg_plot/slope1_inferred__0/i___647_n_0
    SLICE_X52Y98         CARRY4 (Prop_carry4_CI_CO[3])
                                                      0.117    34.600 r  vetrimodule/approxmd/linreg_plot/slope1_inferred__0/i___648/CO[3]
                         net (fo=1, routed)           0.000    34.600    vetrimodule/approxmd/linreg_plot/slope1_inferred__0/i___648_n_0
    SLICE_X52Y99         CARRY4 (Prop_carry4_CI_CO[3])
                                                      0.117    34.717 r  vetrimodule/approxmd/linreg_plot/slope1_inferred__0/i___649/CO[3]
                         net (fo=1, routed)           0.001    34.718    vetrimodule/approxmd/linreg_plot/slope1_inferred__0/i___649_n_0
    SLICE_X52Y100        CARRY4 (Prop_carry4_CI_CO[3])
                                                      0.117    34.835 r  vetrimodule/approxmd/linreg_plot/slope1_inferred__0/i___650/CO[3]
                         net (fo=1, routed)           0.000    34.835    vetrimodule/approxmd/linreg_plot/slope1_inferred__0/i___650_n_0
    SLICE_X52Y101        CARRY4 (Prop_carry4_CI_CO[1])
                                                      0.157    34.992 r  vetrimodule/approxmd/linreg_plot/slope1_inferred__0/i___651/CO[1]
                         net (fo=29, routed)          0.819    35.811    vetrimodule/approxmd/linreg_plot/slope10_in[13]
    SLICE_X53Y97         LUT5 (Prop_lut5_I0_O)        0.332    36.143 r  vetrimodule/approxmd/linreg_plot/i___652_i_4/O
                         net (fo=1, routed)           0.000    36.143    vetrimodule/approxmd/linreg_plot/i___652_i_4_n_0
    SLICE_X53Y97         CARRY4 (Prop_carry4_S[1]_CO[3])
                                                      0.550    36.693 r  vetrimodule/approxmd/linreg_plot/slope1_inferred__0/i___652/CO[3]
                         net (fo=1, routed)           0.000    36.693    vetrimodule/approxmd/linreg_plot/slope1_inferred__0/i___652_n_0
    SLICE_X53Y98         CARRY4 (Prop_carry4_CI_CO[3])
                                                      0.114    36.807 r  vetrimodule/approxmd/linreg_plot/slope1_inferred__0/i___653/CO[3]
                         net (fo=1, routed)           0.000    36.807    vetrimodule/approxmd/linreg_plot/slope1_inferred__0/i___653_n_0
    SLICE_X53Y99         CARRY4 (Prop_carry4_CI_CO[3])
                                                      0.114    36.921 r  vetrimodule/approxmd/linreg_plot/slope1_inferred__0/i___654/CO[3]
                         net (fo=1, routed)           0.001    36.921    vetrimodule/approxmd/linreg_plot/slope1_inferred__0/i___654_n_0
    SLICE_X53Y100        CARRY4 (Prop_carry4_CI_CO[3])
                                                      0.114    37.035 r  vetrimodule/approxmd/linreg_plot/slope1_inferred__0/i___655/CO[3]
                         net (fo=1, routed)           0.000    37.035    vetrimodule/approxmd/linreg_plot/slope1_inferred__0/i___655_n_0
    SLICE_X53Y101        CARRY4 (Prop_carry4_CI_CO[3])
                                                      0.114    37.149 r  vetrimodule/approxmd/linreg_plot/slope1_inferred__0/i___656/CO[3]
                         net (fo=1, routed)           0.000    37.149    vetrimodule/approxmd/linreg_plot/slope1_inferred__0/i___656_n_0
    SLICE_X53Y102        CARRY4 (Prop_carry4_CI_CO[3])
                                                      0.114    37.263 r  vetrimodule/approxmd/linreg_plot/slope1_inferred__0/i___657/CO[3]
                         net (fo=1, routed)           0.000    37.263    vetrimodule/approxmd/linreg_plot/slope1_inferred__0/i___657_n_0
    SLICE_X53Y103        CARRY4 (Prop_carry4_CI_CO[1])
                                                      0.157    37.420 r  vetrimodule/approxmd/linreg_plot/slope1_inferred__0/i___658/CO[1]
                         net (fo=29, routed)          0.672    38.093    vetrimodule/approxmd/linreg_plot/slope10_in[12]
    SLICE_X48Y105        LUT5 (Prop_lut5_I0_O)        0.329    38.422 r  vetrimodule/approxmd/linreg_plot/i___660_i_3/O
                         net (fo=1, routed)           0.000    38.422    vetrimodule/approxmd/linreg_plot/i___660_i_3_n_0
    SLICE_X48Y105        CARRY4 (Prop_carry4_S[1]_CO[3])
                                                      0.550    38.972 r  vetrimodule/approxmd/linreg_plot/slope1_inferred__0/i___660/CO[3]
                         net (fo=1, routed)           0.000    38.972    vetrimodule/approxmd/linreg_plot/slope1_inferred__0/i___660_n_0
    SLICE_X48Y106        CARRY4 (Prop_carry4_CI_CO[3])
                                                      0.114    39.086 r  vetrimodule/approxmd/linreg_plot/slope1_inferred__0/i___661/CO[3]
                         net (fo=1, routed)           0.000    39.086    vetrimodule/approxmd/linreg_plot/slope1_inferred__0/i___661_n_0
    SLICE_X48Y107        CARRY4 (Prop_carry4_CI_CO[3])
                                                      0.114    39.200 r  vetrimodule/approxmd/linreg_plot/slope1_inferred__0/i___662/CO[3]
                         net (fo=1, routed)           0.000    39.200    vetrimodule/approxmd/linreg_plot/slope1_inferred__0/i___662_n_0
    SLICE_X48Y108        CARRY4 (Prop_carry4_CI_CO[3])
                                                      0.114    39.314 r  vetrimodule/approxmd/linreg_plot/slope1_inferred__0/i___663/CO[3]
                         net (fo=1, routed)           0.000    39.314    vetrimodule/approxmd/linreg_plot/slope1_inferred__0/i___663_n_0
    SLICE_X48Y109        CARRY4 (Prop_carry4_CI_CO[3])
                                                      0.114    39.428 r  vetrimodule/approxmd/linreg_plot/slope1_inferred__0/i___664/CO[3]
                         net (fo=1, routed)           0.000    39.428    vetrimodule/approxmd/linreg_plot/slope1_inferred__0/i___664_n_0
    SLICE_X48Y110        CARRY4 (Prop_carry4_CI_CO[1])
                                                      0.157    39.585 r  vetrimodule/approxmd/linreg_plot/slope1_inferred__0/i___665/CO[1]
                         net (fo=29, routed)          0.774    40.358    vetrimodule/approxmd/linreg_plot/slope10_in[11]
    SLICE_X51Y105        LUT3 (Prop_lut3_I0_O)        0.329    40.687 r  vetrimodule/approxmd/linreg_plot/i___666_i_3/O
                         net (fo=1, routed)           0.000    40.687    vetrimodule/approxmd/linreg_plot/i___666_i_3_n_0
    SLICE_X51Y105        CARRY4 (Prop_carry4_S[1]_CO[3])
                                                      0.550    41.237 r  vetrimodule/approxmd/linreg_plot/slope1_inferred__0/i___666/CO[3]
                         net (fo=1, routed)           0.000    41.237    vetrimodule/approxmd/linreg_plot/slope1_inferred__0/i___666_n_0
    SLICE_X51Y106        CARRY4 (Prop_carry4_CI_CO[3])
                                                      0.114    41.351 r  vetrimodule/approxmd/linreg_plot/slope1_inferred__0/i___667/CO[3]
                         net (fo=1, routed)           0.000    41.351    vetrimodule/approxmd/linreg_plot/slope1_inferred__0/i___667_n_0
    SLICE_X51Y107        CARRY4 (Prop_carry4_CI_CO[3])
                                                      0.114    41.465 r  vetrimodule/approxmd/linreg_plot/slope1_inferred__0/i___668/CO[3]
                         net (fo=1, routed)           0.000    41.465    vetrimodule/approxmd/linreg_plot/slope1_inferred__0/i___668_n_0
    SLICE_X51Y108        CARRY4 (Prop_carry4_CI_CO[3])
                                                      0.114    41.579 r  vetrimodule/approxmd/linreg_plot/slope1_inferred__0/i___669/CO[3]
                         net (fo=1, routed)           0.000    41.579    vetrimodule/approxmd/linreg_plot/slope1_inferred__0/i___669_n_0
    SLICE_X51Y109        CARRY4 (Prop_carry4_CI_CO[3])
                                                      0.114    41.693 r  vetrimodule/approxmd/linreg_plot/slope1_inferred__0/i___670/CO[3]
                         net (fo=1, routed)           0.000    41.693    vetrimodule/approxmd/linreg_plot/slope1_inferred__0/i___670_n_0
    SLICE_X51Y110        CARRY4 (Prop_carry4_CI_CO[3])
                                                      0.114    41.807 r  vetrimodule/approxmd/linreg_plot/slope1_inferred__0/i___671/CO[3]
                         net (fo=1, routed)           0.000    41.807    vetrimodule/approxmd/linreg_plot/slope1_inferred__0/i___671_n_0
    SLICE_X51Y111        CARRY4 (Prop_carry4_CI_CO[1])
                                                      0.157    41.964 r  vetrimodule/approxmd/linreg_plot/slope1_inferred__0/i___672/CO[1]
                         net (fo=30, routed)          0.888    42.853    vetrimodule/approxmd/linreg_plot/slope10_in[10]
    SLICE_X55Y106        LUT2 (Prop_lut2_I1_O)        0.329    43.182 r  vetrimodule/approxmd/linreg_plot/i___673_i_4/O
                         net (fo=1, routed)           0.000    43.182    vetrimodule/approxmd/linreg_plot/i___673_i_4_n_0
    SLICE_X55Y106        CARRY4 (Prop_carry4_S[1]_CO[3])
                                                      0.550    43.732 r  vetrimodule/approxmd/linreg_plot/slope1_inferred__0/i___673/CO[3]
                         net (fo=1, routed)           0.000    43.732    vetrimodule/approxmd/linreg_plot/slope1_inferred__0/i___673_n_0
    SLICE_X55Y107        CARRY4 (Prop_carry4_CI_CO[3])
                                                      0.114    43.846 r  vetrimodule/approxmd/linreg_plot/slope1_inferred__0/i___674/CO[3]
                         net (fo=1, routed)           0.000    43.846    vetrimodule/approxmd/linreg_plot/slope1_inferred__0/i___674_n_0
    SLICE_X55Y108        CARRY4 (Prop_carry4_CI_CO[3])
                                                      0.114    43.960 r  vetrimodule/approxmd/linreg_plot/slope1_inferred__0/i___675/CO[3]
                         net (fo=1, routed)           0.000    43.960    vetrimodule/approxmd/linreg_plot/slope1_inferred__0/i___675_n_0
    SLICE_X55Y109        CARRY4 (Prop_carry4_CI_CO[3])
                                                      0.114    44.074 r  vetrimodule/approxmd/linreg_plot/slope1_inferred__0/i___676/CO[3]
                         net (fo=1, routed)           0.000    44.074    vetrimodule/approxmd/linreg_plot/slope1_inferred__0/i___676_n_0
    SLICE_X55Y110        CARRY4 (Prop_carry4_CI_CO[3])
                                                      0.114    44.188 r  vetrimodule/approxmd/linreg_plot/slope1_inferred__0/i___677/CO[3]
                         net (fo=1, routed)           0.000    44.188    vetrimodule/approxmd/linreg_plot/slope1_inferred__0/i___677_n_0
    SLICE_X55Y111        CARRY4 (Prop_carry4_CI_CO[3])
                                                      0.114    44.302 r  vetrimodule/approxmd/linreg_plot/slope1_inferred__0/i___678/CO[3]
                         net (fo=1, routed)           0.000    44.302    vetrimodule/approxmd/linreg_plot/slope1_inferred__0/i___678_n_0
    SLICE_X55Y112        CARRY4 (Prop_carry4_CI_CO[1])
                                                      0.157    44.459 r  vetrimodule/approxmd/linreg_plot/slope1_inferred__0/i___679/CO[1]
                         net (fo=30, routed)          0.699    45.158    vetrimodule/approxmd/linreg_plot/slope10_in[9]
    SLICE_X54Y110        LUT2 (Prop_lut2_I1_O)        0.329    45.487 r  vetrimodule/approxmd/linreg_plot/i___680_i_4/O
                         net (fo=1, routed)           0.000    45.487    vetrimodule/approxmd/linreg_plot/i___680_i_4_n_0
    SLICE_X54Y110        CARRY4 (Prop_carry4_S[1]_CO[3])
                                                      0.533    46.020 r  vetrimodule/approxmd/linreg_plot/slope1_inferred__0/i___680/CO[3]
                         net (fo=1, routed)           0.000    46.020    vetrimodule/approxmd/linreg_plot/slope1_inferred__0/i___680_n_0
    SLICE_X54Y111        CARRY4 (Prop_carry4_CI_CO[3])
                                                      0.117    46.137 r  vetrimodule/approxmd/linreg_plot/slope1_inferred__0/i___681/CO[3]
                         net (fo=1, routed)           0.000    46.137    vetrimodule/approxmd/linreg_plot/slope1_inferred__0/i___681_n_0
    SLICE_X54Y112        CARRY4 (Prop_carry4_CI_CO[3])
                                                      0.117    46.254 r  vetrimodule/approxmd/linreg_plot/slope1_inferred__0/i___682/CO[3]
                         net (fo=1, routed)           0.000    46.254    vetrimodule/approxmd/linreg_plot/slope1_inferred__0/i___682_n_0
    SLICE_X54Y113        CARRY4 (Prop_carry4_CI_CO[3])
                                                      0.117    46.371 r  vetrimodule/approxmd/linreg_plot/slope1_inferred__0/i___683/CO[3]
                         net (fo=1, routed)           0.000    46.371    vetrimodule/approxmd/linreg_plot/slope1_inferred__0/i___683_n_0
    SLICE_X54Y114        CARRY4 (Prop_carry4_CI_CO[3])
                                                      0.117    46.488 r  vetrimodule/approxmd/linreg_plot/slope1_inferred__0/i___684/CO[3]
                         net (fo=1, routed)           0.000    46.488    vetrimodule/approxmd/linreg_plot/slope1_inferred__0/i___684_n_0
    SLICE_X54Y115        CARRY4 (Prop_carry4_CI_CO[3])
                                                      0.117    46.605 r  vetrimodule/approxmd/linreg_plot/slope1_inferred__0/i___685/CO[3]
                         net (fo=1, routed)           0.000    46.605    vetrimodule/approxmd/linreg_plot/slope1_inferred__0/i___685_n_0
    SLICE_X54Y116        CARRY4 (Prop_carry4_CI_CO[1])
                                                      0.157    46.762 r  vetrimodule/approxmd/linreg_plot/slope1_inferred__0/i___686/CO[1]
                         net (fo=30, routed)          1.067    47.829    vetrimodule/approxmd/linreg_plot/slope10_in[8]
    SLICE_X52Y109        CARRY4 (Prop_carry4_CYINIT_CO[3])
                                                      0.803    48.632 r  vetrimodule/approxmd/linreg_plot/slope1_inferred__0/i___687/CO[3]
                         net (fo=1, routed)           0.000    48.632    vetrimodule/approxmd/linreg_plot/slope1_inferred__0/i___687_n_0
    SLICE_X52Y110        CARRY4 (Prop_carry4_CI_CO[3])
                                                      0.117    48.749 r  vetrimodule/approxmd/linreg_plot/slope1_inferred__0/i___688/CO[3]
                         net (fo=1, routed)           0.000    48.749    vetrimodule/approxmd/linreg_plot/slope1_inferred__0/i___688_n_0
    SLICE_X52Y111        CARRY4 (Prop_carry4_CI_CO[3])
                                                      0.117    48.866 r  vetrimodule/approxmd/linreg_plot/slope1_inferred__0/i___689/CO[3]
                         net (fo=1, routed)           0.000    48.866    vetrimodule/approxmd/linreg_plot/slope1_inferred__0/i___689_n_0
    SLICE_X52Y112        CARRY4 (Prop_carry4_CI_CO[3])
                                                      0.117    48.983 r  vetrimodule/approxmd/linreg_plot/slope1_inferred__0/i___690/CO[3]
                         net (fo=1, routed)           0.000    48.983    vetrimodule/approxmd/linreg_plot/slope1_inferred__0/i___690_n_0
    SLICE_X52Y113        CARRY4 (Prop_carry4_CI_CO[3])
                                                      0.117    49.100 r  vetrimodule/approxmd/linreg_plot/slope1_inferred__0/i___691/CO[3]
                         net (fo=1, routed)           0.000    49.100    vetrimodule/approxmd/linreg_plot/slope1_inferred__0/i___691_n_0
    SLICE_X52Y114        CARRY4 (Prop_carry4_CI_CO[3])
                                                      0.117    49.217 r  vetrimodule/approxmd/linreg_plot/slope1_inferred__0/i___692/CO[3]
                         net (fo=1, routed)           0.000    49.217    vetrimodule/approxmd/linreg_plot/slope1_inferred__0/i___692_n_0
    SLICE_X52Y115        CARRY4 (Prop_carry4_CI_CO[1])
                                                      0.157    49.374 r  vetrimodule/approxmd/linreg_plot/slope1_inferred__0/i___693/CO[1]
                         net (fo=30, routed)          1.023    50.396    vetrimodule/approxmd/linreg_plot/slope10_in[7]
    SLICE_X53Y106        LUT2 (Prop_lut2_I1_O)        0.332    50.729 r  vetrimodule/approxmd/linreg_plot/i___694_i_4/O
                         net (fo=1, routed)           0.000    50.729    vetrimodule/approxmd/linreg_plot/i___694_i_4_n_0
    SLICE_X53Y106        CARRY4 (Prop_carry4_S[1]_CO[3])
                                                      0.550    51.278 r  vetrimodule/approxmd/linreg_plot/slope1_inferred__0/i___694/CO[3]
                         net (fo=1, routed)           0.000    51.278    vetrimodule/approxmd/linreg_plot/slope1_inferred__0/i___694_n_0
    SLICE_X53Y107        CARRY4 (Prop_carry4_CI_CO[3])
                                                      0.114    51.392 r  vetrimodule/approxmd/linreg_plot/slope1_inferred__0/i___695/CO[3]
                         net (fo=1, routed)           0.000    51.392    vetrimodule/approxmd/linreg_plot/slope1_inferred__0/i___695_n_0
    SLICE_X53Y108        CARRY4 (Prop_carry4_CI_CO[3])
                                                      0.114    51.506 r  vetrimodule/approxmd/linreg_plot/slope1_inferred__0/i___696/CO[3]
                         net (fo=1, routed)           0.000    51.506    vetrimodule/approxmd/linreg_plot/slope1_inferred__0/i___696_n_0
    SLICE_X53Y109        CARRY4 (Prop_carry4_CI_CO[3])
                                                      0.114    51.620 r  vetrimodule/approxmd/linreg_plot/slope1_inferred__0/i___697/CO[3]
                         net (fo=1, routed)           0.000    51.620    vetrimodule/approxmd/linreg_plot/slope1_inferred__0/i___697_n_0
    SLICE_X53Y110        CARRY4 (Prop_carry4_CI_CO[3])
                                                      0.114    51.734 r  vetrimodule/approxmd/linreg_plot/slope1_inferred__0/i___698/CO[3]
                         net (fo=1, routed)           0.000    51.734    vetrimodule/approxmd/linreg_plot/slope1_inferred__0/i___698_n_0
    SLICE_X53Y111        CARRY4 (Prop_carry4_CI_CO[3])
                                                      0.114    51.848 r  vetrimodule/approxmd/linreg_plot/slope1_inferred__0/i___699/CO[3]
                         net (fo=1, routed)           0.000    51.848    vetrimodule/approxmd/linreg_plot/slope1_inferred__0/i___699_n_0
    SLICE_X53Y112        CARRY4 (Prop_carry4_CI_CO[1])
                                                      0.157    52.005 r  vetrimodule/approxmd/linreg_plot/slope1_inferred__0/i___700/CO[1]
                         net (fo=30, routed)          0.679    52.684    vetrimodule/approxmd/linreg_plot/slope10_in[6]
    SLICE_X53Y114        LUT2 (Prop_lut2_I1_O)        0.329    53.013 r  vetrimodule/approxmd/linreg_plot/i___701_i_4/O
                         net (fo=1, routed)           0.000    53.013    vetrimodule/approxmd/linreg_plot/i___701_i_4_n_0
    SLICE_X53Y114        CARRY4 (Prop_carry4_S[1]_CO[3])
                                                      0.550    53.563 r  vetrimodule/approxmd/linreg_plot/slope1_inferred__0/i___701/CO[3]
                         net (fo=1, routed)           0.000    53.563    vetrimodule/approxmd/linreg_plot/slope1_inferred__0/i___701_n_0
    SLICE_X53Y115        CARRY4 (Prop_carry4_CI_CO[3])
                                                      0.114    53.677 r  vetrimodule/approxmd/linreg_plot/slope1_inferred__0/i___702/CO[3]
                         net (fo=1, routed)           0.000    53.677    vetrimodule/approxmd/linreg_plot/slope1_inferred__0/i___702_n_0
    SLICE_X53Y116        CARRY4 (Prop_carry4_CI_CO[3])
                                                      0.114    53.791 r  vetrimodule/approxmd/linreg_plot/slope1_inferred__0/i___703/CO[3]
                         net (fo=1, routed)           0.000    53.791    vetrimodule/approxmd/linreg_plot/slope1_inferred__0/i___703_n_0
    SLICE_X53Y117        CARRY4 (Prop_carry4_CI_CO[3])
                                                      0.114    53.905 r  vetrimodule/approxmd/linreg_plot/slope1_inferred__0/i___704/CO[3]
                         net (fo=1, routed)           0.000    53.905    vetrimodule/approxmd/linreg_plot/slope1_inferred__0/i___704_n_0
    SLICE_X53Y118        CARRY4 (Prop_carry4_CI_CO[3])
                                                      0.114    54.019 r  vetrimodule/approxmd/linreg_plot/slope1_inferred__0/i___705/CO[3]
                         net (fo=1, routed)           0.000    54.019    vetrimodule/approxmd/linreg_plot/slope1_inferred__0/i___705_n_0
    SLICE_X53Y119        CARRY4 (Prop_carry4_CI_CO[3])
                                                      0.114    54.133 r  vetrimodule/approxmd/linreg_plot/slope1_inferred__0/i___706/CO[3]
                         net (fo=1, routed)           0.000    54.133    vetrimodule/approxmd/linreg_plot/slope1_inferred__0/i___706_n_0
    SLICE_X53Y120        CARRY4 (Prop_carry4_CI_CO[1])
                                                      0.157    54.290 r  vetrimodule/approxmd/linreg_plot/slope1_inferred__0/i___707/CO[1]
                         net (fo=30, routed)          0.883    55.174    vetrimodule/approxmd/linreg_plot/slope10_in[5]
    SLICE_X52Y117        LUT2 (Prop_lut2_I1_O)        0.329    55.503 r  vetrimodule/approxmd/linreg_plot/i___708_i_4/O
                         net (fo=1, routed)           0.000    55.503    vetrimodule/approxmd/linreg_plot/i___708_i_4_n_0
    SLICE_X52Y117        CARRY4 (Prop_carry4_S[1]_CO[3])
                                                      0.533    56.036 r  vetrimodule/approxmd/linreg_plot/slope1_inferred__0/i___708/CO[3]
                         net (fo=1, routed)           0.000    56.036    vetrimodule/approxmd/linreg_plot/slope1_inferred__0/i___708_n_0
    SLICE_X52Y118        CARRY4 (Prop_carry4_CI_CO[3])
                                                      0.117    56.153 r  vetrimodule/approxmd/linreg_plot/slope1_inferred__0/i___709/CO[3]
                         net (fo=1, routed)           0.000    56.153    vetrimodule/approxmd/linreg_plot/slope1_inferred__0/i___709_n_0
    SLICE_X52Y119        CARRY4 (Prop_carry4_CI_CO[3])
                                                      0.117    56.270 r  vetrimodule/approxmd/linreg_plot/slope1_inferred__0/i___710/CO[3]
                         net (fo=1, routed)           0.000    56.270    vetrimodule/approxmd/linreg_plot/slope1_inferred__0/i___710_n_0
    SLICE_X52Y120        CARRY4 (Prop_carry4_CI_CO[3])
                                                      0.117    56.387 r  vetrimodule/approxmd/linreg_plot/slope1_inferred__0/i___711/CO[3]
                         net (fo=1, routed)           0.000    56.387    vetrimodule/approxmd/linreg_plot/slope1_inferred__0/i___711_n_0
    SLICE_X52Y121        CARRY4 (Prop_carry4_CI_CO[3])
                                                      0.117    56.504 r  vetrimodule/approxmd/linreg_plot/slope1_inferred__0/i___712/CO[3]
                         net (fo=1, routed)           0.000    56.504    vetrimodule/approxmd/linreg_plot/slope1_inferred__0/i___712_n_0
    SLICE_X52Y122        CARRY4 (Prop_carry4_CI_CO[3])
                                                      0.117    56.621 r  vetrimodule/approxmd/linreg_plot/slope1_inferred__0/i___713/CO[3]
                         net (fo=1, routed)           0.000    56.621    vetrimodule/approxmd/linreg_plot/slope1_inferred__0/i___713_n_0
    SLICE_X52Y123        CARRY4 (Prop_carry4_CI_CO[1])
                                                      0.157    56.778 r  vetrimodule/approxmd/linreg_plot/slope1_inferred__0/i___714/CO[1]
                         net (fo=30, routed)          0.940    57.718    vetrimodule/approxmd/linreg_plot/slope10_in[4]
    SLICE_X50Y118        LUT2 (Prop_lut2_I1_O)        0.332    58.050 r  vetrimodule/approxmd/linreg_plot/i___715_i_4/O
                         net (fo=1, routed)           0.000    58.050    vetrimodule/approxmd/linreg_plot/i___715_i_4_n_0
    SLICE_X50Y118        CARRY4 (Prop_carry4_S[1]_CO[3])
                                                      0.533    58.583 r  vetrimodule/approxmd/linreg_plot/slope1_inferred__0/i___715/CO[3]
                         net (fo=1, routed)           0.000    58.583    vetrimodule/approxmd/linreg_plot/slope1_inferred__0/i___715_n_0
    SLICE_X50Y119        CARRY4 (Prop_carry4_CI_CO[3])
                                                      0.117    58.700 r  vetrimodule/approxmd/linreg_plot/slope1_inferred__0/i___716/CO[3]
                         net (fo=1, routed)           0.000    58.700    vetrimodule/approxmd/linreg_plot/slope1_inferred__0/i___716_n_0
    SLICE_X50Y120        CARRY4 (Prop_carry4_CI_CO[3])
                                                      0.117    58.817 r  vetrimodule/approxmd/linreg_plot/slope1_inferred__0/i___717/CO[3]
                         net (fo=1, routed)           0.000    58.817    vetrimodule/approxmd/linreg_plot/slope1_inferred__0/i___717_n_0
    SLICE_X50Y121        CARRY4 (Prop_carry4_CI_CO[3])
                                                      0.117    58.934 r  vetrimodule/approxmd/linreg_plot/slope1_inferred__0/i___718/CO[3]
                         net (fo=1, routed)           0.000    58.934    vetrimodule/approxmd/linreg_plot/slope1_inferred__0/i___718_n_0
    SLICE_X50Y122        CARRY4 (Prop_carry4_CI_CO[3])
                                                      0.117    59.051 r  vetrimodule/approxmd/linreg_plot/slope1_inferred__0/i___719/CO[3]
                         net (fo=1, routed)           0.000    59.051    vetrimodule/approxmd/linreg_plot/slope1_inferred__0/i___719_n_0
    SLICE_X50Y123        CARRY4 (Prop_carry4_CI_CO[3])
                                                      0.117    59.168 r  vetrimodule/approxmd/linreg_plot/slope1_inferred__0/i___720/CO[3]
                         net (fo=1, routed)           0.000    59.168    vetrimodule/approxmd/linreg_plot/slope1_inferred__0/i___720_n_0
    SLICE_X50Y124        CARRY4 (Prop_carry4_CI_CO[1])
                                                      0.157    59.325 r  vetrimodule/approxmd/linreg_plot/slope1_inferred__0/i___721/CO[1]
                         net (fo=30, routed)          1.042    60.366    vetrimodule/approxmd/linreg_plot/slope10_in[3]
    SLICE_X56Y119        LUT2 (Prop_lut2_I1_O)        0.332    60.698 r  vetrimodule/approxmd/linreg_plot/i___722_i_4/O
                         net (fo=1, routed)           0.000    60.698    vetrimodule/approxmd/linreg_plot/i___722_i_4_n_0
    SLICE_X56Y119        CARRY4 (Prop_carry4_S[1]_CO[3])
                                                      0.533    61.231 r  vetrimodule/approxmd/linreg_plot/slope1_inferred__0/i___722/CO[3]
                         net (fo=1, routed)           0.000    61.231    vetrimodule/approxmd/linreg_plot/slope1_inferred__0/i___722_n_0
    SLICE_X56Y120        CARRY4 (Prop_carry4_CI_CO[3])
                                                      0.117    61.348 r  vetrimodule/approxmd/linreg_plot/slope1_inferred__0/i___723/CO[3]
                         net (fo=1, routed)           0.000    61.348    vetrimodule/approxmd/linreg_plot/slope1_inferred__0/i___723_n_0
    SLICE_X56Y121        CARRY4 (Prop_carry4_CI_CO[3])
                                                      0.117    61.465 r  vetrimodule/approxmd/linreg_plot/slope1_inferred__0/i___724/CO[3]
                         net (fo=1, routed)           0.000    61.465    vetrimodule/approxmd/linreg_plot/slope1_inferred__0/i___724_n_0
    SLICE_X56Y122        CARRY4 (Prop_carry4_CI_CO[3])
                                                      0.117    61.582 r  vetrimodule/approxmd/linreg_plot/slope1_inferred__0/i___725/CO[3]
                         net (fo=1, routed)           0.000    61.582    vetrimodule/approxmd/linreg_plot/slope1_inferred__0/i___725_n_0
    SLICE_X56Y123        CARRY4 (Prop_carry4_CI_CO[3])
                                                      0.117    61.699 r  vetrimodule/approxmd/linreg_plot/slope1_inferred__0/i___726/CO[3]
                         net (fo=1, routed)           0.000    61.699    vetrimodule/approxmd/linreg_plot/slope1_inferred__0/i___726_n_0
    SLICE_X56Y124        CARRY4 (Prop_carry4_CI_CO[3])
                                                      0.117    61.816 r  vetrimodule/approxmd/linreg_plot/slope1_inferred__0/i___727/CO[3]
                         net (fo=1, routed)           0.009    61.825    vetrimodule/approxmd/linreg_plot/slope1_inferred__0/i___727_n_0
    SLICE_X56Y125        CARRY4 (Prop_carry4_CI_CO[1])
                                                      0.157    61.982 r  vetrimodule/approxmd/linreg_plot/slope1_inferred__0/i___728/CO[1]
                         net (fo=30, routed)          0.945    62.928    vetrimodule/approxmd/linreg_plot/slope10_in[2]
    SLICE_X57Y118        LUT2 (Prop_lut2_I1_O)        0.332    63.260 r  vetrimodule/approxmd/linreg_plot/i___729_i_4/O
                         net (fo=1, routed)           0.000    63.260    vetrimodule/approxmd/linreg_plot/i___729_i_4_n_0
    SLICE_X57Y118        CARRY4 (Prop_carry4_S[1]_CO[3])
                                                      0.550    63.810 r  vetrimodule/approxmd/linreg_plot/slope1_inferred__0/i___729/CO[3]
                         net (fo=1, routed)           0.000    63.810    vetrimodule/approxmd/linreg_plot/slope1_inferred__0/i___729_n_0
    SLICE_X57Y119        CARRY4 (Prop_carry4_CI_CO[3])
                                                      0.114    63.924 r  vetrimodule/approxmd/linreg_plot/slope1_inferred__0/i___730/CO[3]
                         net (fo=1, routed)           0.000    63.924    vetrimodule/approxmd/linreg_plot/slope1_inferred__0/i___730_n_0
    SLICE_X57Y120        CARRY4 (Prop_carry4_CI_CO[3])
                                                      0.114    64.038 r  vetrimodule/approxmd/linreg_plot/slope1_inferred__0/i___731/CO[3]
                         net (fo=1, routed)           0.000    64.038    vetrimodule/approxmd/linreg_plot/slope1_inferred__0/i___731_n_0
    SLICE_X57Y121        CARRY4 (Prop_carry4_CI_CO[3])
                                                      0.114    64.152 r  vetrimodule/approxmd/linreg_plot/slope1_inferred__0/i___732/CO[3]
                         net (fo=1, routed)           0.000    64.152    vetrimodule/approxmd/linreg_plot/slope1_inferred__0/i___732_n_0
    SLICE_X57Y122        CARRY4 (Prop_carry4_CI_CO[3])
                                                      0.114    64.266 r  vetrimodule/approxmd/linreg_plot/slope1_inferred__0/i___733/CO[3]
                         net (fo=1, routed)           0.000    64.266    vetrimodule/approxmd/linreg_plot/slope1_inferred__0/i___733_n_0
    SLICE_X57Y123        CARRY4 (Prop_carry4_CI_CO[3])
                                                      0.114    64.380 r  vetrimodule/approxmd/linreg_plot/slope1_inferred__0/i___734/CO[3]
                         net (fo=1, routed)           0.000    64.380    vetrimodule/approxmd/linreg_plot/slope1_inferred__0/i___734_n_0
    SLICE_X57Y124        CARRY4 (Prop_carry4_CI_CO[1])
                                                      0.157    64.537 r  vetrimodule/approxmd/linreg_plot/slope1_inferred__0/i___735/CO[1]
                         net (fo=30, routed)          0.921    65.458    vetrimodule/approxmd/linreg_plot/slope10_in[1]
    SLICE_X55Y118        LUT2 (Prop_lut2_I1_O)        0.329    65.787 r  vetrimodule/approxmd/linreg_plot/i___736_i_5/O
                         net (fo=1, routed)           0.000    65.787    vetrimodule/approxmd/linreg_plot/i___736_i_5_n_0
    SLICE_X55Y118        CARRY4 (Prop_carry4_S[0]_CO[3])
                                                      0.532    66.319 r  vetrimodule/approxmd/linreg_plot/slope1_inferred__0/i___736/CO[3]
                         net (fo=1, routed)           0.000    66.319    vetrimodule/approxmd/linreg_plot/slope1_inferred__0/i___736_n_0
    SLICE_X55Y119        CARRY4 (Prop_carry4_CI_CO[3])
                                                      0.114    66.433 r  vetrimodule/approxmd/linreg_plot/slope1_inferred__0/i___737/CO[3]
                         net (fo=1, routed)           0.000    66.433    vetrimodule/approxmd/linreg_plot/slope1_inferred__0/i___737_n_0
    SLICE_X55Y120        CARRY4 (Prop_carry4_CI_CO[3])
                                                      0.114    66.547 r  vetrimodule/approxmd/linreg_plot/slope1_inferred__0/i___738/CO[3]
                         net (fo=1, routed)           0.000    66.547    vetrimodule/approxmd/linreg_plot/slope1_inferred__0/i___738_n_0
    SLICE_X55Y121        CARRY4 (Prop_carry4_CI_CO[3])
                                                      0.114    66.661 r  vetrimodule/approxmd/linreg_plot/slope1_inferred__0/i___739/CO[3]
                         net (fo=1, routed)           0.000    66.661    vetrimodule/approxmd/linreg_plot/slope1_inferred__0/i___739_n_0
    SLICE_X55Y122        CARRY4 (Prop_carry4_CI_CO[3])
                                                      0.114    66.775 r  vetrimodule/approxmd/linreg_plot/slope1_inferred__0/i___740/CO[3]
                         net (fo=1, routed)           0.000    66.775    vetrimodule/approxmd/linreg_plot/slope1_inferred__0/i___740_n_0
    SLICE_X55Y123        CARRY4 (Prop_carry4_CI_CO[3])
                                                      0.114    66.889 r  vetrimodule/approxmd/linreg_plot/slope1_inferred__0/i___741/CO[3]
                         net (fo=1, routed)           0.000    66.889    vetrimodule/approxmd/linreg_plot/slope1_inferred__0/i___741_n_0
    SLICE_X55Y124        CARRY4 (Prop_carry4_CI_CO[0])
                                                      0.271    67.160 f  vetrimodule/approxmd/linreg_plot/slope1_inferred__0/i___742/CO[0]
                         net (fo=2, routed)           0.369    67.529    vetrimodule/approxmd/linreg_plot/slope10_in[0]
    SLICE_X57Y125        LUT1 (Prop_lut1_I0_O)        0.373    67.902 r  vetrimodule/approxmd/linreg_plot/slope[4]_i_3/O
                         net (fo=1, routed)           0.384    68.286    vetrimodule/approxmd/linreg_plot/slope[4]_i_3_n_0
    SLICE_X54Y124        CARRY4 (Prop_carry4_CYINIT_CO[3])
                                                      0.595    68.881 r  vetrimodule/approxmd/linreg_plot/slope_reg[4]_i_2/CO[3]
                         net (fo=1, routed)           0.009    68.890    vetrimodule/approxmd/linreg_plot/slope_reg[4]_i_2_n_0
    SLICE_X54Y125        CARRY4 (Prop_carry4_CI_CO[3])
                                                      0.117    69.007 r  vetrimodule/approxmd/linreg_plot/slope_reg[8]_i_2/CO[3]
                         net (fo=1, routed)           0.000    69.007    vetrimodule/approxmd/linreg_plot/slope_reg[8]_i_2_n_0
    SLICE_X54Y126        CARRY4 (Prop_carry4_CI_CO[3])
                                                      0.117    69.124 r  vetrimodule/approxmd/linreg_plot/slope_reg[12]_i_2/CO[3]
                         net (fo=1, routed)           0.000    69.124    vetrimodule/approxmd/linreg_plot/slope_reg[12]_i_2_n_0
    SLICE_X54Y127        CARRY4 (Prop_carry4_CI_O[1])
                                                      0.323    69.447 r  vetrimodule/approxmd/linreg_plot/slope_reg[16]_i_2/O[1]
                         net (fo=1, routed)           0.408    69.855    vetrimodule/approxmd/linreg_plot/slope1[14]
    SLICE_X55Y126        LUT5 (Prop_lut5_I4_O)        0.306    70.161 r  vetrimodule/approxmd/linreg_plot/slope[14]_i_1/O
                         net (fo=1, routed)           0.000    70.161    vetrimodule/approxmd/linreg_plot/slope[14]
    SLICE_X55Y126        FDCE                                         r  vetrimodule/approxmd/linreg_plot/slope_reg[14]/D
  -------------------------------------------------------------------    -------------------

                         (clock sys_clk_pin rise edge)
                                                     10.000    10.000 r  
    W5                                                0.000    10.000 r  CLOCK (IN)
                         net (fo=0)                   0.000    10.000    CLOCK
    W5                   IBUF (Prop_ibuf_I_O)         1.388    11.388 r  CLOCK_IBUF_inst/O
                         net (fo=1, routed)           1.862    13.250    CLOCK_IBUF
    BUFGCTRL_X0Y0        BUFG (Prop_bufg_I_O)         0.091    13.341 r  CLOCK_IBUF_BUFG_inst/O
                         net (fo=4568, routed)        1.598    14.939    vetrimodule/approxmd/linreg_plot/CLOCK_IBUF_BUFG
    SLICE_X55Y126        FDCE                                         r  vetrimodule/approxmd/linreg_plot/slope_reg[14]/C
                         clock pessimism              0.187    15.126    
                         clock uncertainty           -0.035    15.091    
    SLICE_X55Y126        FDCE (Setup_fdce_C_D)        0.031    15.122    vetrimodule/approxmd/linreg_plot/slope_reg[14]
  -------------------------------------------------------------------
                         required time                         15.122    
                         arrival time                         -70.161    
  -------------------------------------------------------------------
                         slack                                -55.040    

Slack (VIOLATED) :        -55.002ns  (required time - arrival time)
  Source:                 vetrimodule/approxmd/linreg_plot/temp2_reg[0]/C
                            (rising edge-triggered cell FDCE clocked by sys_clk_pin  {rise@0.000ns fall@5.000ns period=10.000ns})
  Destination:            vetrimodule/approxmd/linreg_plot/slope_reg[19]/D
                            (rising edge-triggered cell FDCE clocked by sys_clk_pin  {rise@0.000ns fall@5.000ns period=10.000ns})
  Path Group:             sys_clk_pin
  Path Type:              Setup (Max at Slow Process Corner)
  Requirement:            10.000ns  (sys_clk_pin rise@10.000ns - sys_clk_pin rise@0.000ns)
  Data Path Delay:        64.985ns  (logic 41.852ns (64.403%)  route 23.133ns (35.597%))
  Logic Levels:           199  (CARRY4=173 LUT1=2 LUT2=10 LUT3=1 LUT4=1 LUT5=12)
  Clock Path Skew:        -0.014ns (DCD - SCD + CPR)
    Destination Clock Delay (DCD):    4.942ns = ( 14.942 - 10.000 ) 
    Source Clock Delay      (SCD):    5.143ns
    Clock Pessimism Removal (CPR):    0.187ns
  Clock Uncertainty:      0.035ns  ((TSJ^2 + TIJ^2)^1/2 + DJ) / 2 + PE
    Total System Jitter     (TSJ):    0.071ns
    Total Input Jitter      (TIJ):    0.000ns
    Discrete Jitter          (DJ):    0.000ns
    Phase Error              (PE):    0.000ns

    Location             Delay type                Incr(ns)  Path(ns)    Netlist Resource(s)
  -------------------------------------------------------------------    -------------------
                         (clock sys_clk_pin rise edge)
                                                      0.000     0.000 r  
    W5                                                0.000     0.000 r  CLOCK (IN)
                         net (fo=0)                   0.000     0.000    CLOCK
    W5                   IBUF (Prop_ibuf_I_O)         1.458     1.458 r  CLOCK_IBUF_inst/O
                         net (fo=1, routed)           1.967     3.425    CLOCK_IBUF
    BUFGCTRL_X0Y0        BUFG (Prop_bufg_I_O)         0.096     3.521 r  CLOCK_IBUF_BUFG_inst/O
                         net (fo=4568, routed)        1.622     5.143    vetrimodule/approxmd/linreg_plot/CLOCK_IBUF_BUFG
    SLICE_X58Y88         FDCE                                         r  vetrimodule/approxmd/linreg_plot/temp2_reg[0]/C
  -------------------------------------------------------------------    -------------------
    SLICE_X58Y88         FDCE (Prop_fdce_C_Q)         0.456     5.599 f  vetrimodule/approxmd/linreg_plot/temp2_reg[0]/Q
                         net (fo=36, routed)          0.301     5.900    vetrimodule/approxmd/linreg_plot/temp2[0]
    SLICE_X59Y88         LUT1 (Prop_lut1_I0_O)        0.124     6.024 r  vetrimodule/approxmd/linreg_plot/slope20_carry_i_1/O
                         net (fo=1, routed)           0.336     6.360    vetrimodule/approxmd/linreg_plot/slope20_carry_i_1_n_0
    SLICE_X58Y87         CARRY4 (Prop_carry4_CYINIT_CO[3])
                                                      0.580     6.940 r  vetrimodule/approxmd/linreg_plot/slope20_carry/CO[3]
                         net (fo=1, routed)           0.000     6.940    vetrimodule/approxmd/linreg_plot/slope20_carry_n_0
    SLICE_X58Y88         CARRY4 (Prop_carry4_CI_CO[3])
                                                      0.114     7.054 r  vetrimodule/approxmd/linreg_plot/slope20_carry__0/CO[3]
                         net (fo=1, routed)           0.000     7.054    vetrimodule/approxmd/linreg_plot/slope20_carry__0_n_0
    SLICE_X58Y89         CARRY4 (Prop_carry4_CI_CO[3])
                                                      0.114     7.168 r  vetrimodule/approxmd/linreg_plot/slope20_carry__1/CO[3]
                         net (fo=1, routed)           0.000     7.168    vetrimodule/approxmd/linreg_plot/slope20_carry__1_n_0
    SLICE_X58Y90         CARRY4 (Prop_carry4_CI_CO[0])
                                                      0.271     7.439 r  vetrimodule/approxmd/linreg_plot/i___578_i_9/CO[0]
                         net (fo=275, routed)         0.976     8.415    vetrimodule/approxmd/linreg_plot/i___578_i_9_n_3
    SLICE_X58Y94         LUT2 (Prop_lut2_I0_O)        0.373     8.788 r  vetrimodule/approxmd/linreg_plot/i___578_i_7/O
                         net (fo=1, routed)           0.000     8.788    vetrimodule/approxmd/linreg_plot/i___578_i_7_n_0
    SLICE_X58Y94         CARRY4 (Prop_carry4_S[1]_CO[3])
                                                      0.550     9.338 r  vetrimodule/approxmd/linreg_plot/slope1_inferred__0/i___578/CO[3]
                         net (fo=1, routed)           0.000     9.338    vetrimodule/approxmd/linreg_plot/slope1_inferred__0/i___578_n_0
    SLICE_X58Y95         CARRY4 (Prop_carry4_CI_CO[3])
                                                      0.114     9.452 r  vetrimodule/approxmd/linreg_plot/slope1_inferred__0/i___579/CO[3]
                         net (fo=1, routed)           0.000     9.452    vetrimodule/approxmd/linreg_plot/slope1_inferred__0/i___579_n_0
    SLICE_X58Y96         CARRY4 (Prop_carry4_CI_CO[3])
                                                      0.114     9.566 r  vetrimodule/approxmd/linreg_plot/slope1_inferred__0/i___580/CO[3]
                         net (fo=1, routed)           0.000     9.566    vetrimodule/approxmd/linreg_plot/slope1_inferred__0/i___580_n_0
    SLICE_X58Y97         CARRY4 (Prop_carry4_CI_CO[0])
                                                      0.271     9.837 r  vetrimodule/approxmd/linreg_plot/slope1_inferred__0/i___581/CO[0]
                         net (fo=27, routed)          0.923    10.760    vetrimodule/approxmd/linreg_plot/slope1_inferred__0/i___581_n_3
    SLICE_X59Y90         LUT4 (Prop_lut4_I0_O)        0.373    11.133 r  vetrimodule/approxmd/linreg_plot/i___582_i_4/O
                         net (fo=1, routed)           0.000    11.133    vetrimodule/approxmd/linreg_plot/i___582_i_4_n_0
    SLICE_X59Y90         CARRY4 (Prop_carry4_S[1]_CO[3])
                                                      0.550    11.683 r  vetrimodule/approxmd/linreg_plot/slope1_inferred__0/i___582/CO[3]
                         net (fo=1, routed)           0.000    11.683    vetrimodule/approxmd/linreg_plot/slope1_inferred__0/i___582_n_0
    SLICE_X59Y91         CARRY4 (Prop_carry4_CI_CO[3])
                                                      0.114    11.797 r  vetrimodule/approxmd/linreg_plot/slope1_inferred__0/i___583/CO[3]
                         net (fo=1, routed)           0.000    11.797    vetrimodule/approxmd/linreg_plot/slope1_inferred__0/i___583_n_0
    SLICE_X59Y92         CARRY4 (Prop_carry4_CI_CO[3])
                                                      0.114    11.911 r  vetrimodule/approxmd/linreg_plot/slope1_inferred__0/i___584/CO[3]
                         net (fo=1, routed)           0.000    11.911    vetrimodule/approxmd/linreg_plot/slope1_inferred__0/i___584_n_0
    SLICE_X59Y93         CARRY4 (Prop_carry4_CI_CO[3])
                                                      0.114    12.025 r  vetrimodule/approxmd/linreg_plot/slope1_inferred__0/i___585/CO[3]
                         net (fo=1, routed)           0.000    12.025    vetrimodule/approxmd/linreg_plot/slope1_inferred__0/i___585_n_0
    SLICE_X59Y94         CARRY4 (Prop_carry4_CI_CO[3])
                                                      0.114    12.139 r  vetrimodule/approxmd/linreg_plot/slope1_inferred__0/i___586/CO[3]
                         net (fo=1, routed)           0.000    12.139    vetrimodule/approxmd/linreg_plot/slope1_inferred__0/i___586_n_0
    SLICE_X59Y95         CARRY4 (Prop_carry4_CI_CO[3])
                                                      0.114    12.253 r  vetrimodule/approxmd/linreg_plot/slope1_inferred__0/i___587/CO[3]
                         net (fo=1, routed)           0.000    12.253    vetrimodule/approxmd/linreg_plot/slope1_inferred__0/i___587_n_0
    SLICE_X59Y96         CARRY4 (Prop_carry4_CI_CO[1])
                                                      0.157    12.410 r  vetrimodule/approxmd/linreg_plot/slope1_inferred__0/i___588/CO[1]
                         net (fo=27, routed)          1.093    13.502    vetrimodule/approxmd/linreg_plot/slope1_inferred__0/i___588_n_2
    SLICE_X57Y89         LUT5 (Prop_lut5_I0_O)        0.329    13.831 r  vetrimodule/approxmd/linreg_plot/i___589_i_4/O
                         net (fo=1, routed)           0.000    13.831    vetrimodule/approxmd/linreg_plot/i___589_i_4_n_0
    SLICE_X57Y89         CARRY4 (Prop_carry4_S[1]_CO[3])
                                                      0.550    14.381 r  vetrimodule/approxmd/linreg_plot/slope1_inferred__0/i___589/CO[3]
                         net (fo=1, routed)           0.000    14.381    vetrimodule/approxmd/linreg_plot/slope1_inferred__0/i___589_n_0
    SLICE_X57Y90         CARRY4 (Prop_carry4_CI_CO[3])
                                                      0.114    14.495 r  vetrimodule/approxmd/linreg_plot/slope1_inferred__0/i___590/CO[3]
                         net (fo=1, routed)           0.000    14.495    vetrimodule/approxmd/linreg_plot/slope1_inferred__0/i___590_n_0
    SLICE_X57Y91         CARRY4 (Prop_carry4_CI_CO[3])
                                                      0.114    14.609 r  vetrimodule/approxmd/linreg_plot/slope1_inferred__0/i___591/CO[3]
                         net (fo=1, routed)           0.000    14.609    vetrimodule/approxmd/linreg_plot/slope1_inferred__0/i___591_n_0
    SLICE_X57Y92         CARRY4 (Prop_carry4_CI_CO[3])
                                                      0.114    14.723 r  vetrimodule/approxmd/linreg_plot/slope1_inferred__0/i___592/CO[3]
                         net (fo=1, routed)           0.000    14.723    vetrimodule/approxmd/linreg_plot/slope1_inferred__0/i___592_n_0
    SLICE_X57Y93         CARRY4 (Prop_carry4_CI_CO[3])
                                                      0.114    14.837 r  vetrimodule/approxmd/linreg_plot/slope1_inferred__0/i___593/CO[3]
                         net (fo=1, routed)           0.000    14.837    vetrimodule/approxmd/linreg_plot/slope1_inferred__0/i___593_n_0
    SLICE_X57Y94         CARRY4 (Prop_carry4_CI_CO[3])
                                                      0.114    14.951 r  vetrimodule/approxmd/linreg_plot/slope1_inferred__0/i___594/CO[3]
                         net (fo=1, routed)           0.000    14.951    vetrimodule/approxmd/linreg_plot/slope1_inferred__0/i___594_n_0
    SLICE_X57Y95         CARRY4 (Prop_carry4_CI_CO[1])
                                                      0.157    15.108 r  vetrimodule/approxmd/linreg_plot/slope1_inferred__0/i___595/CO[1]
                         net (fo=29, routed)          1.030    16.138    vetrimodule/approxmd/linreg_plot/slope10_in[21]
    SLICE_X55Y87         LUT5 (Prop_lut5_I0_O)        0.329    16.467 r  vetrimodule/approxmd/linreg_plot/i___596_i_4/O
                         net (fo=1, routed)           0.000    16.467    vetrimodule/approxmd/linreg_plot/i___596_i_4_n_0
    SLICE_X55Y87         CARRY4 (Prop_carry4_S[1]_CO[3])
                                                      0.550    17.017 r  vetrimodule/approxmd/linreg_plot/slope1_inferred__0/i___596/CO[3]
                         net (fo=1, routed)           0.000    17.017    vetrimodule/approxmd/linreg_plot/slope1_inferred__0/i___596_n_0
    SLICE_X55Y88         CARRY4 (Prop_carry4_CI_CO[3])
                                                      0.114    17.131 r  vetrimodule/approxmd/linreg_plot/slope1_inferred__0/i___597/CO[3]
                         net (fo=1, routed)           0.000    17.131    vetrimodule/approxmd/linreg_plot/slope1_inferred__0/i___597_n_0
    SLICE_X55Y89         CARRY4 (Prop_carry4_CI_CO[3])
                                                      0.114    17.245 r  vetrimodule/approxmd/linreg_plot/slope1_inferred__0/i___598/CO[3]
                         net (fo=1, routed)           0.000    17.245    vetrimodule/approxmd/linreg_plot/slope1_inferred__0/i___598_n_0
    SLICE_X55Y90         CARRY4 (Prop_carry4_CI_CO[3])
                                                      0.114    17.359 r  vetrimodule/approxmd/linreg_plot/slope1_inferred__0/i___599/CO[3]
                         net (fo=1, routed)           0.000    17.359    vetrimodule/approxmd/linreg_plot/slope1_inferred__0/i___599_n_0
    SLICE_X55Y91         CARRY4 (Prop_carry4_CI_CO[3])
                                                      0.114    17.473 r  vetrimodule/approxmd/linreg_plot/slope1_inferred__0/i___600/CO[3]
                         net (fo=1, routed)           0.000    17.473    vetrimodule/approxmd/linreg_plot/slope1_inferred__0/i___600_n_0
    SLICE_X55Y92         CARRY4 (Prop_carry4_CI_CO[3])
                                                      0.114    17.587 r  vetrimodule/approxmd/linreg_plot/slope1_inferred__0/i___601/CO[3]
                         net (fo=1, routed)           0.000    17.587    vetrimodule/approxmd/linreg_plot/slope1_inferred__0/i___601_n_0
    SLICE_X55Y93         CARRY4 (Prop_carry4_CI_CO[1])
                                                      0.157    17.744 r  vetrimodule/approxmd/linreg_plot/slope1_inferred__0/i___602/CO[1]
                         net (fo=29, routed)          0.888    18.632    vetrimodule/approxmd/linreg_plot/slope10_in[20]
    SLICE_X54Y86         LUT5 (Prop_lut5_I0_O)        0.329    18.961 r  vetrimodule/approxmd/linreg_plot/i___603_i_4/O
                         net (fo=1, routed)           0.000    18.961    vetrimodule/approxmd/linreg_plot/i___603_i_4_n_0
    SLICE_X54Y86         CARRY4 (Prop_carry4_S[1]_CO[3])
                                                      0.533    19.494 r  vetrimodule/approxmd/linreg_plot/slope1_inferred__0/i___603/CO[3]
                         net (fo=1, routed)           0.000    19.494    vetrimodule/approxmd/linreg_plot/slope1_inferred__0/i___603_n_0
    SLICE_X54Y87         CARRY4 (Prop_carry4_CI_CO[3])
                                                      0.117    19.611 r  vetrimodule/approxmd/linreg_plot/slope1_inferred__0/i___604/CO[3]
                         net (fo=1, routed)           0.000    19.611    vetrimodule/approxmd/linreg_plot/slope1_inferred__0/i___604_n_0
    SLICE_X54Y88         CARRY4 (Prop_carry4_CI_CO[3])
                                                      0.117    19.728 r  vetrimodule/approxmd/linreg_plot/slope1_inferred__0/i___605/CO[3]
                         net (fo=1, routed)           0.000    19.728    vetrimodule/approxmd/linreg_plot/slope1_inferred__0/i___605_n_0
    SLICE_X54Y89         CARRY4 (Prop_carry4_CI_CO[3])
                                                      0.117    19.845 r  vetrimodule/approxmd/linreg_plot/slope1_inferred__0/i___606/CO[3]
                         net (fo=1, routed)           0.000    19.845    vetrimodule/approxmd/linreg_plot/slope1_inferred__0/i___606_n_0
    SLICE_X54Y90         CARRY4 (Prop_carry4_CI_CO[3])
                                                      0.117    19.962 r  vetrimodule/approxmd/linreg_plot/slope1_inferred__0/i___607/CO[3]
                         net (fo=1, routed)           0.000    19.962    vetrimodule/approxmd/linreg_plot/slope1_inferred__0/i___607_n_0
    SLICE_X54Y91         CARRY4 (Prop_carry4_CI_CO[3])
                                                      0.117    20.079 r  vetrimodule/approxmd/linreg_plot/slope1_inferred__0/i___608/CO[3]
                         net (fo=1, routed)           0.000    20.079    vetrimodule/approxmd/linreg_plot/slope1_inferred__0/i___608_n_0
    SLICE_X54Y92         CARRY4 (Prop_carry4_CI_CO[1])
                                                      0.157    20.236 r  vetrimodule/approxmd/linreg_plot/slope1_inferred__0/i___609/CO[1]
                         net (fo=29, routed)          0.666    20.902    vetrimodule/approxmd/linreg_plot/slope10_in[19]
    SLICE_X54Y93         LUT5 (Prop_lut5_I0_O)        0.332    21.234 r  vetrimodule/approxmd/linreg_plot/i___610_i_4/O
                         net (fo=1, routed)           0.000    21.234    vetrimodule/approxmd/linreg_plot/i___610_i_4_n_0
    SLICE_X54Y93         CARRY4 (Prop_carry4_S[1]_CO[3])
                                                      0.533    21.767 r  vetrimodule/approxmd/linreg_plot/slope1_inferred__0/i___610/CO[3]
                         net (fo=1, routed)           0.000    21.767    vetrimodule/approxmd/linreg_plot/slope1_inferred__0/i___610_n_0
    SLICE_X54Y94         CARRY4 (Prop_carry4_CI_CO[3])
                                                      0.117    21.884 r  vetrimodule/approxmd/linreg_plot/slope1_inferred__0/i___611/CO[3]
                         net (fo=1, routed)           0.000    21.884    vetrimodule/approxmd/linreg_plot/slope1_inferred__0/i___611_n_0
    SLICE_X54Y95         CARRY4 (Prop_carry4_CI_CO[3])
                                                      0.117    22.001 r  vetrimodule/approxmd/linreg_plot/slope1_inferred__0/i___612/CO[3]
                         net (fo=1, routed)           0.000    22.001    vetrimodule/approxmd/linreg_plot/slope1_inferred__0/i___612_n_0
    SLICE_X54Y96         CARRY4 (Prop_carry4_CI_CO[3])
                                                      0.117    22.118 r  vetrimodule/approxmd/linreg_plot/slope1_inferred__0/i___613/CO[3]
                         net (fo=1, routed)           0.000    22.118    vetrimodule/approxmd/linreg_plot/slope1_inferred__0/i___613_n_0
    SLICE_X54Y97         CARRY4 (Prop_carry4_CI_CO[3])
                                                      0.117    22.235 r  vetrimodule/approxmd/linreg_plot/slope1_inferred__0/i___614/CO[3]
                         net (fo=1, routed)           0.000    22.235    vetrimodule/approxmd/linreg_plot/slope1_inferred__0/i___614_n_0
    SLICE_X54Y98         CARRY4 (Prop_carry4_CI_CO[3])
                                                      0.117    22.352 r  vetrimodule/approxmd/linreg_plot/slope1_inferred__0/i___615/CO[3]
                         net (fo=1, routed)           0.000    22.352    vetrimodule/approxmd/linreg_plot/slope1_inferred__0/i___615_n_0
    SLICE_X54Y99         CARRY4 (Prop_carry4_CI_CO[1])
                                                      0.157    22.509 r  vetrimodule/approxmd/linreg_plot/slope1_inferred__0/i___616/CO[1]
                         net (fo=29, routed)          0.786    23.296    vetrimodule/approxmd/linreg_plot/slope10_in[18]
    SLICE_X56Y94         LUT5 (Prop_lut5_I0_O)        0.332    23.628 r  vetrimodule/approxmd/linreg_plot/i___617_i_4/O
                         net (fo=1, routed)           0.000    23.628    vetrimodule/approxmd/linreg_plot/i___617_i_4_n_0
    SLICE_X56Y94         CARRY4 (Prop_carry4_S[1]_CO[3])
                                                      0.533    24.161 r  vetrimodule/approxmd/linreg_plot/slope1_inferred__0/i___617/CO[3]
                         net (fo=1, routed)           0.000    24.161    vetrimodule/approxmd/linreg_plot/slope1_inferred__0/i___617_n_0
    SLICE_X56Y95         CARRY4 (Prop_carry4_CI_CO[3])
                                                      0.117    24.278 r  vetrimodule/approxmd/linreg_plot/slope1_inferred__0/i___618/CO[3]
                         net (fo=1, routed)           0.000    24.278    vetrimodule/approxmd/linreg_plot/slope1_inferred__0/i___618_n_0
    SLICE_X56Y96         CARRY4 (Prop_carry4_CI_CO[3])
                                                      0.117    24.395 r  vetrimodule/approxmd/linreg_plot/slope1_inferred__0/i___619/CO[3]
                         net (fo=1, routed)           0.000    24.395    vetrimodule/approxmd/linreg_plot/slope1_inferred__0/i___619_n_0
    SLICE_X56Y97         CARRY4 (Prop_carry4_CI_CO[3])
                                                      0.117    24.512 r  vetrimodule/approxmd/linreg_plot/slope1_inferred__0/i___620/CO[3]
                         net (fo=1, routed)           0.000    24.512    vetrimodule/approxmd/linreg_plot/slope1_inferred__0/i___620_n_0
    SLICE_X56Y98         CARRY4 (Prop_carry4_CI_CO[3])
                                                      0.117    24.629 r  vetrimodule/approxmd/linreg_plot/slope1_inferred__0/i___621/CO[3]
                         net (fo=1, routed)           0.000    24.629    vetrimodule/approxmd/linreg_plot/slope1_inferred__0/i___621_n_0
    SLICE_X56Y99         CARRY4 (Prop_carry4_CI_CO[3])
                                                      0.117    24.746 r  vetrimodule/approxmd/linreg_plot/slope1_inferred__0/i___622/CO[3]
                         net (fo=1, routed)           0.001    24.746    vetrimodule/approxmd/linreg_plot/slope1_inferred__0/i___622_n_0
    SLICE_X56Y100        CARRY4 (Prop_carry4_CI_CO[1])
                                                      0.157    24.903 r  vetrimodule/approxmd/linreg_plot/slope1_inferred__0/i___623/CO[1]
                         net (fo=29, routed)          0.864    25.767    vetrimodule/approxmd/linreg_plot/slope10_in[17]
    SLICE_X55Y95         LUT5 (Prop_lut5_I0_O)        0.332    26.099 r  vetrimodule/approxmd/linreg_plot/i___624_i_4/O
                         net (fo=1, routed)           0.000    26.099    vetrimodule/approxmd/linreg_plot/i___624_i_4_n_0
    SLICE_X55Y95         CARRY4 (Prop_carry4_S[1]_CO[3])
                                                      0.550    26.649 r  vetrimodule/approxmd/linreg_plot/slope1_inferred__0/i___624/CO[3]
                         net (fo=1, routed)           0.000    26.649    vetrimodule/approxmd/linreg_plot/slope1_inferred__0/i___624_n_0
    SLICE_X55Y96         CARRY4 (Prop_carry4_CI_CO[3])
                                                      0.114    26.763 r  vetrimodule/approxmd/linreg_plot/slope1_inferred__0/i___625/CO[3]
                         net (fo=1, routed)           0.000    26.763    vetrimodule/approxmd/linreg_plot/slope1_inferred__0/i___625_n_0
    SLICE_X55Y97         CARRY4 (Prop_carry4_CI_CO[3])
                                                      0.114    26.877 r  vetrimodule/approxmd/linreg_plot/slope1_inferred__0/i___626/CO[3]
                         net (fo=1, routed)           0.000    26.877    vetrimodule/approxmd/linreg_plot/slope1_inferred__0/i___626_n_0
    SLICE_X55Y98         CARRY4 (Prop_carry4_CI_CO[3])
                                                      0.114    26.991 r  vetrimodule/approxmd/linreg_plot/slope1_inferred__0/i___627/CO[3]
                         net (fo=1, routed)           0.000    26.991    vetrimodule/approxmd/linreg_plot/slope1_inferred__0/i___627_n_0
    SLICE_X55Y99         CARRY4 (Prop_carry4_CI_CO[3])
                                                      0.114    27.105 r  vetrimodule/approxmd/linreg_plot/slope1_inferred__0/i___628/CO[3]
                         net (fo=1, routed)           0.001    27.106    vetrimodule/approxmd/linreg_plot/slope1_inferred__0/i___628_n_0
    SLICE_X55Y100        CARRY4 (Prop_carry4_CI_CO[3])
                                                      0.114    27.220 r  vetrimodule/approxmd/linreg_plot/slope1_inferred__0/i___629/CO[3]
                         net (fo=1, routed)           0.000    27.220    vetrimodule/approxmd/linreg_plot/slope1_inferred__0/i___629_n_0
    SLICE_X55Y101        CARRY4 (Prop_carry4_CI_CO[1])
                                                      0.157    27.377 r  vetrimodule/approxmd/linreg_plot/slope1_inferred__0/i___630/CO[1]
                         net (fo=29, routed)          0.667    28.044    vetrimodule/approxmd/linreg_plot/slope10_in[16]
    SLICE_X54Y100        LUT5 (Prop_lut5_I0_O)        0.329    28.373 r  vetrimodule/approxmd/linreg_plot/i___631_i_4/O
                         net (fo=1, routed)           0.000    28.373    vetrimodule/approxmd/linreg_plot/i___631_i_4_n_0
    SLICE_X54Y100        CARRY4 (Prop_carry4_S[1]_CO[3])
                                                      0.533    28.906 r  vetrimodule/approxmd/linreg_plot/slope1_inferred__0/i___631/CO[3]
                         net (fo=1, routed)           0.000    28.906    vetrimodule/approxmd/linreg_plot/slope1_inferred__0/i___631_n_0
    SLICE_X54Y101        CARRY4 (Prop_carry4_CI_CO[3])
                                                      0.117    29.023 r  vetrimodule/approxmd/linreg_plot/slope1_inferred__0/i___632/CO[3]
                         net (fo=1, routed)           0.000    29.023    vetrimodule/approxmd/linreg_plot/slope1_inferred__0/i___632_n_0
    SLICE_X54Y102        CARRY4 (Prop_carry4_CI_CO[3])
                                                      0.117    29.140 r  vetrimodule/approxmd/linreg_plot/slope1_inferred__0/i___633/CO[3]
                         net (fo=1, routed)           0.000    29.140    vetrimodule/approxmd/linreg_plot/slope1_inferred__0/i___633_n_0
    SLICE_X54Y103        CARRY4 (Prop_carry4_CI_CO[3])
                                                      0.117    29.257 r  vetrimodule/approxmd/linreg_plot/slope1_inferred__0/i___634/CO[3]
                         net (fo=1, routed)           0.000    29.257    vetrimodule/approxmd/linreg_plot/slope1_inferred__0/i___634_n_0
    SLICE_X54Y104        CARRY4 (Prop_carry4_CI_CO[3])
                                                      0.117    29.374 r  vetrimodule/approxmd/linreg_plot/slope1_inferred__0/i___635/CO[3]
                         net (fo=1, routed)           0.000    29.374    vetrimodule/approxmd/linreg_plot/slope1_inferred__0/i___635_n_0
    SLICE_X54Y105        CARRY4 (Prop_carry4_CI_CO[3])
                                                      0.117    29.491 r  vetrimodule/approxmd/linreg_plot/slope1_inferred__0/i___636/CO[3]
                         net (fo=1, routed)           0.000    29.491    vetrimodule/approxmd/linreg_plot/slope1_inferred__0/i___636_n_0
    SLICE_X54Y106        CARRY4 (Prop_carry4_CI_CO[1])
                                                      0.157    29.648 r  vetrimodule/approxmd/linreg_plot/slope1_inferred__0/i___637/CO[1]
                         net (fo=29, routed)          1.088    30.736    vetrimodule/approxmd/linreg_plot/slope10_in[15]
    SLICE_X51Y97         LUT5 (Prop_lut5_I0_O)        0.332    31.068 r  vetrimodule/approxmd/linreg_plot/i___638_i_4/O
                         net (fo=1, routed)           0.000    31.068    vetrimodule/approxmd/linreg_plot/i___638_i_4_n_0
    SLICE_X51Y97         CARRY4 (Prop_carry4_S[1]_CO[3])
                                                      0.550    31.618 r  vetrimodule/approxmd/linreg_plot/slope1_inferred__0/i___638/CO[3]
                         net (fo=1, routed)           0.000    31.618    vetrimodule/approxmd/linreg_plot/slope1_inferred__0/i___638_n_0
    SLICE_X51Y98         CARRY4 (Prop_carry4_CI_CO[3])
                                                      0.114    31.732 r  vetrimodule/approxmd/linreg_plot/slope1_inferred__0/i___639/CO[3]
                         net (fo=1, routed)           0.000    31.732    vetrimodule/approxmd/linreg_plot/slope1_inferred__0/i___639_n_0
    SLICE_X51Y99         CARRY4 (Prop_carry4_CI_CO[3])
                                                      0.114    31.846 r  vetrimodule/approxmd/linreg_plot/slope1_inferred__0/i___640/CO[3]
                         net (fo=1, routed)           0.001    31.847    vetrimodule/approxmd/linreg_plot/slope1_inferred__0/i___640_n_0
    SLICE_X51Y100        CARRY4 (Prop_carry4_CI_CO[3])
                                                      0.114    31.961 r  vetrimodule/approxmd/linreg_plot/slope1_inferred__0/i___641/CO[3]
                         net (fo=1, routed)           0.000    31.961    vetrimodule/approxmd/linreg_plot/slope1_inferred__0/i___641_n_0
    SLICE_X51Y101        CARRY4 (Prop_carry4_CI_CO[3])
                                                      0.114    32.075 r  vetrimodule/approxmd/linreg_plot/slope1_inferred__0/i___642/CO[3]
                         net (fo=1, routed)           0.000    32.075    vetrimodule/approxmd/linreg_plot/slope1_inferred__0/i___642_n_0
    SLICE_X51Y102        CARRY4 (Prop_carry4_CI_CO[3])
                                                      0.114    32.189 r  vetrimodule/approxmd/linreg_plot/slope1_inferred__0/i___643/CO[3]
                         net (fo=1, routed)           0.000    32.189    vetrimodule/approxmd/linreg_plot/slope1_inferred__0/i___643_n_0
    SLICE_X51Y103        CARRY4 (Prop_carry4_CI_CO[1])
                                                      0.157    32.346 r  vetrimodule/approxmd/linreg_plot/slope1_inferred__0/i___644/CO[1]
                         net (fo=29, routed)          1.041    33.387    vetrimodule/approxmd/linreg_plot/slope10_in[14]
    SLICE_X52Y95         LUT5 (Prop_lut5_I0_O)        0.329    33.716 r  vetrimodule/approxmd/linreg_plot/i___645_i_4/O
                         net (fo=1, routed)           0.000    33.716    vetrimodule/approxmd/linreg_plot/i___645_i_4_n_0
    SLICE_X52Y95         CARRY4 (Prop_carry4_S[1]_CO[3])
                                                      0.533    34.249 r  vetrimodule/approxmd/linreg_plot/slope1_inferred__0/i___645/CO[3]
                         net (fo=1, routed)           0.000    34.249    vetrimodule/approxmd/linreg_plot/slope1_inferred__0/i___645_n_0
    SLICE_X52Y96         CARRY4 (Prop_carry4_CI_CO[3])
                                                      0.117    34.366 r  vetrimodule/approxmd/linreg_plot/slope1_inferred__0/i___646/CO[3]
                         net (fo=1, routed)           0.000    34.366    vetrimodule/approxmd/linreg_plot/slope1_inferred__0/i___646_n_0
    SLICE_X52Y97         CARRY4 (Prop_carry4_CI_CO[3])
                                                      0.117    34.483 r  vetrimodule/approxmd/linreg_plot/slope1_inferred__0/i___647/CO[3]
                         net (fo=1, routed)           0.000    34.483    vetrimodule/approxmd/linreg_plot/slope1_inferred__0/i___647_n_0
    SLICE_X52Y98         CARRY4 (Prop_carry4_CI_CO[3])
                                                      0.117    34.600 r  vetrimodule/approxmd/linreg_plot/slope1_inferred__0/i___648/CO[3]
                         net (fo=1, routed)           0.000    34.600    vetrimodule/approxmd/linreg_plot/slope1_inferred__0/i___648_n_0
    SLICE_X52Y99         CARRY4 (Prop_carry4_CI_CO[3])
                                                      0.117    34.717 r  vetrimodule/approxmd/linreg_plot/slope1_inferred__0/i___649/CO[3]
                         net (fo=1, routed)           0.001    34.718    vetrimodule/approxmd/linreg_plot/slope1_inferred__0/i___649_n_0
    SLICE_X52Y100        CARRY4 (Prop_carry4_CI_CO[3])
                                                      0.117    34.835 r  vetrimodule/approxmd/linreg_plot/slope1_inferred__0/i___650/CO[3]
                         net (fo=1, routed)           0.000    34.835    vetrimodule/approxmd/linreg_plot/slope1_inferred__0/i___650_n_0
    SLICE_X52Y101        CARRY4 (Prop_carry4_CI_CO[1])
                                                      0.157    34.992 r  vetrimodule/approxmd/linreg_plot/slope1_inferred__0/i___651/CO[1]
                         net (fo=29, routed)          0.819    35.811    vetrimodule/approxmd/linreg_plot/slope10_in[13]
    SLICE_X53Y97         LUT5 (Prop_lut5_I0_O)        0.332    36.143 r  vetrimodule/approxmd/linreg_plot/i___652_i_4/O
                         net (fo=1, routed)           0.000    36.143    vetrimodule/approxmd/linreg_plot/i___652_i_4_n_0
    SLICE_X53Y97         CARRY4 (Prop_carry4_S[1]_CO[3])
                                                      0.550    36.693 r  vetrimodule/approxmd/linreg_plot/slope1_inferred__0/i___652/CO[3]
                         net (fo=1, routed)           0.000    36.693    vetrimodule/approxmd/linreg_plot/slope1_inferred__0/i___652_n_0
    SLICE_X53Y98         CARRY4 (Prop_carry4_CI_CO[3])
                                                      0.114    36.807 r  vetrimodule/approxmd/linreg_plot/slope1_inferred__0/i___653/CO[3]
                         net (fo=1, routed)           0.000    36.807    vetrimodule/approxmd/linreg_plot/slope1_inferred__0/i___653_n_0
    SLICE_X53Y99         CARRY4 (Prop_carry4_CI_CO[3])
                                                      0.114    36.921 r  vetrimodule/approxmd/linreg_plot/slope1_inferred__0/i___654/CO[3]
                         net (fo=1, routed)           0.001    36.921    vetrimodule/approxmd/linreg_plot/slope1_inferred__0/i___654_n_0
    SLICE_X53Y100        CARRY4 (Prop_carry4_CI_CO[3])
                                                      0.114    37.035 r  vetrimodule/approxmd/linreg_plot/slope1_inferred__0/i___655/CO[3]
                         net (fo=1, routed)           0.000    37.035    vetrimodule/approxmd/linreg_plot/slope1_inferred__0/i___655_n_0
    SLICE_X53Y101        CARRY4 (Prop_carry4_CI_CO[3])
                                                      0.114    37.149 r  vetrimodule/approxmd/linreg_plot/slope1_inferred__0/i___656/CO[3]
                         net (fo=1, routed)           0.000    37.149    vetrimodule/approxmd/linreg_plot/slope1_inferred__0/i___656_n_0
    SLICE_X53Y102        CARRY4 (Prop_carry4_CI_CO[3])
                                                      0.114    37.263 r  vetrimodule/approxmd/linreg_plot/slope1_inferred__0/i___657/CO[3]
                         net (fo=1, routed)           0.000    37.263    vetrimodule/approxmd/linreg_plot/slope1_inferred__0/i___657_n_0
    SLICE_X53Y103        CARRY4 (Prop_carry4_CI_CO[1])
                                                      0.157    37.420 r  vetrimodule/approxmd/linreg_plot/slope1_inferred__0/i___658/CO[1]
                         net (fo=29, routed)          0.672    38.093    vetrimodule/approxmd/linreg_plot/slope10_in[12]
    SLICE_X48Y105        LUT5 (Prop_lut5_I0_O)        0.329    38.422 r  vetrimodule/approxmd/linreg_plot/i___660_i_3/O
                         net (fo=1, routed)           0.000    38.422    vetrimodule/approxmd/linreg_plot/i___660_i_3_n_0
    SLICE_X48Y105        CARRY4 (Prop_carry4_S[1]_CO[3])
                                                      0.550    38.972 r  vetrimodule/approxmd/linreg_plot/slope1_inferred__0/i___660/CO[3]
                         net (fo=1, routed)           0.000    38.972    vetrimodule/approxmd/linreg_plot/slope1_inferred__0/i___660_n_0
    SLICE_X48Y106        CARRY4 (Prop_carry4_CI_CO[3])
                                                      0.114    39.086 r  vetrimodule/approxmd/linreg_plot/slope1_inferred__0/i___661/CO[3]
                         net (fo=1, routed)           0.000    39.086    vetrimodule/approxmd/linreg_plot/slope1_inferred__0/i___661_n_0
    SLICE_X48Y107        CARRY4 (Prop_carry4_CI_CO[3])
                                                      0.114    39.200 r  vetrimodule/approxmd/linreg_plot/slope1_inferred__0/i___662/CO[3]
                         net (fo=1, routed)           0.000    39.200    vetrimodule/approxmd/linreg_plot/slope1_inferred__0/i___662_n_0
    SLICE_X48Y108        CARRY4 (Prop_carry4_CI_CO[3])
                                                      0.114    39.314 r  vetrimodule/approxmd/linreg_plot/slope1_inferred__0/i___663/CO[3]
                         net (fo=1, routed)           0.000    39.314    vetrimodule/approxmd/linreg_plot/slope1_inferred__0/i___663_n_0
    SLICE_X48Y109        CARRY4 (Prop_carry4_CI_CO[3])
                                                      0.114    39.428 r  vetrimodule/approxmd/linreg_plot/slope1_inferred__0/i___664/CO[3]
                         net (fo=1, routed)           0.000    39.428    vetrimodule/approxmd/linreg_plot/slope1_inferred__0/i___664_n_0
    SLICE_X48Y110        CARRY4 (Prop_carry4_CI_CO[1])
                                                      0.157    39.585 r  vetrimodule/approxmd/linreg_plot/slope1_inferred__0/i___665/CO[1]
                         net (fo=29, routed)          0.774    40.358    vetrimodule/approxmd/linreg_plot/slope10_in[11]
    SLICE_X51Y105        LUT3 (Prop_lut3_I0_O)        0.329    40.687 r  vetrimodule/approxmd/linreg_plot/i___666_i_3/O
                         net (fo=1, routed)           0.000    40.687    vetrimodule/approxmd/linreg_plot/i___666_i_3_n_0
    SLICE_X51Y105        CARRY4 (Prop_carry4_S[1]_CO[3])
                                                      0.550    41.237 r  vetrimodule/approxmd/linreg_plot/slope1_inferred__0/i___666/CO[3]
                         net (fo=1, routed)           0.000    41.237    vetrimodule/approxmd/linreg_plot/slope1_inferred__0/i___666_n_0
    SLICE_X51Y106        CARRY4 (Prop_carry4_CI_CO[3])
                                                      0.114    41.351 r  vetrimodule/approxmd/linreg_plot/slope1_inferred__0/i___667/CO[3]
                         net (fo=1, routed)           0.000    41.351    vetrimodule/approxmd/linreg_plot/slope1_inferred__0/i___667_n_0
    SLICE_X51Y107        CARRY4 (Prop_carry4_CI_CO[3])
                                                      0.114    41.465 r  vetrimodule/approxmd/linreg_plot/slope1_inferred__0/i___668/CO[3]
                         net (fo=1, routed)           0.000    41.465    vetrimodule/approxmd/linreg_plot/slope1_inferred__0/i___668_n_0
    SLICE_X51Y108        CARRY4 (Prop_carry4_CI_CO[3])
                                                      0.114    41.579 r  vetrimodule/approxmd/linreg_plot/slope1_inferred__0/i___669/CO[3]
                         net (fo=1, routed)           0.000    41.579    vetrimodule/approxmd/linreg_plot/slope1_inferred__0/i___669_n_0
    SLICE_X51Y109        CARRY4 (Prop_carry4_CI_CO[3])
                                                      0.114    41.693 r  vetrimodule/approxmd/linreg_plot/slope1_inferred__0/i___670/CO[3]
                         net (fo=1, routed)           0.000    41.693    vetrimodule/approxmd/linreg_plot/slope1_inferred__0/i___670_n_0
    SLICE_X51Y110        CARRY4 (Prop_carry4_CI_CO[3])
                                                      0.114    41.807 r  vetrimodule/approxmd/linreg_plot/slope1_inferred__0/i___671/CO[3]
                         net (fo=1, routed)           0.000    41.807    vetrimodule/approxmd/linreg_plot/slope1_inferred__0/i___671_n_0
    SLICE_X51Y111        CARRY4 (Prop_carry4_CI_CO[1])
                                                      0.157    41.964 r  vetrimodule/approxmd/linreg_plot/slope1_inferred__0/i___672/CO[1]
                         net (fo=30, routed)          0.888    42.853    vetrimodule/approxmd/linreg_plot/slope10_in[10]
    SLICE_X55Y106        LUT2 (Prop_lut2_I1_O)        0.329    43.182 r  vetrimodule/approxmd/linreg_plot/i___673_i_4/O
                         net (fo=1, routed)           0.000    43.182    vetrimodule/approxmd/linreg_plot/i___673_i_4_n_0
    SLICE_X55Y106        CARRY4 (Prop_carry4_S[1]_CO[3])
                                                      0.550    43.732 r  vetrimodule/approxmd/linreg_plot/slope1_inferred__0/i___673/CO[3]
                         net (fo=1, routed)           0.000    43.732    vetrimodule/approxmd/linreg_plot/slope1_inferred__0/i___673_n_0
    SLICE_X55Y107        CARRY4 (Prop_carry4_CI_CO[3])
                                                      0.114    43.846 r  vetrimodule/approxmd/linreg_plot/slope1_inferred__0/i___674/CO[3]
                         net (fo=1, routed)           0.000    43.846    vetrimodule/approxmd/linreg_plot/slope1_inferred__0/i___674_n_0
    SLICE_X55Y108        CARRY4 (Prop_carry4_CI_CO[3])
                                                      0.114    43.960 r  vetrimodule/approxmd/linreg_plot/slope1_inferred__0/i___675/CO[3]
                         net (fo=1, routed)           0.000    43.960    vetrimodule/approxmd/linreg_plot/slope1_inferred__0/i___675_n_0
    SLICE_X55Y109        CARRY4 (Prop_carry4_CI_CO[3])
                                                      0.114    44.074 r  vetrimodule/approxmd/linreg_plot/slope1_inferred__0/i___676/CO[3]
                         net (fo=1, routed)           0.000    44.074    vetrimodule/approxmd/linreg_plot/slope1_inferred__0/i___676_n_0
    SLICE_X55Y110        CARRY4 (Prop_carry4_CI_CO[3])
                                                      0.114    44.188 r  vetrimodule/approxmd/linreg_plot/slope1_inferred__0/i___677/CO[3]
                         net (fo=1, routed)           0.000    44.188    vetrimodule/approxmd/linreg_plot/slope1_inferred__0/i___677_n_0
    SLICE_X55Y111        CARRY4 (Prop_carry4_CI_CO[3])
                                                      0.114    44.302 r  vetrimodule/approxmd/linreg_plot/slope1_inferred__0/i___678/CO[3]
                         net (fo=1, routed)           0.000    44.302    vetrimodule/approxmd/linreg_plot/slope1_inferred__0/i___678_n_0
    SLICE_X55Y112        CARRY4 (Prop_carry4_CI_CO[1])
                                                      0.157    44.459 r  vetrimodule/approxmd/linreg_plot/slope1_inferred__0/i___679/CO[1]
                         net (fo=30, routed)          0.699    45.158    vetrimodule/approxmd/linreg_plot/slope10_in[9]
    SLICE_X54Y110        LUT2 (Prop_lut2_I1_O)        0.329    45.487 r  vetrimodule/approxmd/linreg_plot/i___680_i_4/O
                         net (fo=1, routed)           0.000    45.487    vetrimodule/approxmd/linreg_plot/i___680_i_4_n_0
    SLICE_X54Y110        CARRY4 (Prop_carry4_S[1]_CO[3])
                                                      0.533    46.020 r  vetrimodule/approxmd/linreg_plot/slope1_inferred__0/i___680/CO[3]
                         net (fo=1, routed)           0.000    46.020    vetrimodule/approxmd/linreg_plot/slope1_inferred__0/i___680_n_0
    SLICE_X54Y111        CARRY4 (Prop_carry4_CI_CO[3])
                                                      0.117    46.137 r  vetrimodule/approxmd/linreg_plot/slope1_inferred__0/i___681/CO[3]
                         net (fo=1, routed)           0.000    46.137    vetrimodule/approxmd/linreg_plot/slope1_inferred__0/i___681_n_0
    SLICE_X54Y112        CARRY4 (Prop_carry4_CI_CO[3])
                                                      0.117    46.254 r  vetrimodule/approxmd/linreg_plot/slope1_inferred__0/i___682/CO[3]
                         net (fo=1, routed)           0.000    46.254    vetrimodule/approxmd/linreg_plot/slope1_inferred__0/i___682_n_0
    SLICE_X54Y113        CARRY4 (Prop_carry4_CI_CO[3])
                                                      0.117    46.371 r  vetrimodule/approxmd/linreg_plot/slope1_inferred__0/i___683/CO[3]
                         net (fo=1, routed)           0.000    46.371    vetrimodule/approxmd/linreg_plot/slope1_inferred__0/i___683_n_0
    SLICE_X54Y114        CARRY4 (Prop_carry4_CI_CO[3])
                                                      0.117    46.488 r  vetrimodule/approxmd/linreg_plot/slope1_inferred__0/i___684/CO[3]
                         net (fo=1, routed)           0.000    46.488    vetrimodule/approxmd/linreg_plot/slope1_inferred__0/i___684_n_0
    SLICE_X54Y115        CARRY4 (Prop_carry4_CI_CO[3])
                                                      0.117    46.605 r  vetrimodule/approxmd/linreg_plot/slope1_inferred__0/i___685/CO[3]
                         net (fo=1, routed)           0.000    46.605    vetrimodule/approxmd/linreg_plot/slope1_inferred__0/i___685_n_0
    SLICE_X54Y116        CARRY4 (Prop_carry4_CI_CO[1])
                                                      0.157    46.762 r  vetrimodule/approxmd/linreg_plot/slope1_inferred__0/i___686/CO[1]
                         net (fo=30, routed)          1.067    47.829    vetrimodule/approxmd/linreg_plot/slope10_in[8]
    SLICE_X52Y109        CARRY4 (Prop_carry4_CYINIT_CO[3])
                                                      0.803    48.632 r  vetrimodule/approxmd/linreg_plot/slope1_inferred__0/i___687/CO[3]
                         net (fo=1, routed)           0.000    48.632    vetrimodule/approxmd/linreg_plot/slope1_inferred__0/i___687_n_0
    SLICE_X52Y110        CARRY4 (Prop_carry4_CI_CO[3])
                                                      0.117    48.749 r  vetrimodule/approxmd/linreg_plot/slope1_inferred__0/i___688/CO[3]
                         net (fo=1, routed)           0.000    48.749    vetrimodule/approxmd/linreg_plot/slope1_inferred__0/i___688_n_0
    SLICE_X52Y111        CARRY4 (Prop_carry4_CI_CO[3])
                                                      0.117    48.866 r  vetrimodule/approxmd/linreg_plot/slope1_inferred__0/i___689/CO[3]
                         net (fo=1, routed)           0.000    48.866    vetrimodule/approxmd/linreg_plot/slope1_inferred__0/i___689_n_0
    SLICE_X52Y112        CARRY4 (Prop_carry4_CI_CO[3])
                                                      0.117    48.983 r  vetrimodule/approxmd/linreg_plot/slope1_inferred__0/i___690/CO[3]
                         net (fo=1, routed)           0.000    48.983    vetrimodule/approxmd/linreg_plot/slope1_inferred__0/i___690_n_0
    SLICE_X52Y113        CARRY4 (Prop_carry4_CI_CO[3])
                                                      0.117    49.100 r  vetrimodule/approxmd/linreg_plot/slope1_inferred__0/i___691/CO[3]
                         net (fo=1, routed)           0.000    49.100    vetrimodule/approxmd/linreg_plot/slope1_inferred__0/i___691_n_0
    SLICE_X52Y114        CARRY4 (Prop_carry4_CI_CO[3])
                                                      0.117    49.217 r  vetrimodule/approxmd/linreg_plot/slope1_inferred__0/i___692/CO[3]
                         net (fo=1, routed)           0.000    49.217    vetrimodule/approxmd/linreg_plot/slope1_inferred__0/i___692_n_0
    SLICE_X52Y115        CARRY4 (Prop_carry4_CI_CO[1])
                                                      0.157    49.374 r  vetrimodule/approxmd/linreg_plot/slope1_inferred__0/i___693/CO[1]
                         net (fo=30, routed)          1.023    50.396    vetrimodule/approxmd/linreg_plot/slope10_in[7]
    SLICE_X53Y106        LUT2 (Prop_lut2_I1_O)        0.332    50.729 r  vetrimodule/approxmd/linreg_plot/i___694_i_4/O
                         net (fo=1, routed)           0.000    50.729    vetrimodule/approxmd/linreg_plot/i___694_i_4_n_0
    SLICE_X53Y106        CARRY4 (Prop_carry4_S[1]_CO[3])
                                                      0.550    51.278 r  vetrimodule/approxmd/linreg_plot/slope1_inferred__0/i___694/CO[3]
                         net (fo=1, routed)           0.000    51.278    vetrimodule/approxmd/linreg_plot/slope1_inferred__0/i___694_n_0
    SLICE_X53Y107        CARRY4 (Prop_carry4_CI_CO[3])
                                                      0.114    51.392 r  vetrimodule/approxmd/linreg_plot/slope1_inferred__0/i___695/CO[3]
                         net (fo=1, routed)           0.000    51.392    vetrimodule/approxmd/linreg_plot/slope1_inferred__0/i___695_n_0
    SLICE_X53Y108        CARRY4 (Prop_carry4_CI_CO[3])
                                                      0.114    51.506 r  vetrimodule/approxmd/linreg_plot/slope1_inferred__0/i___696/CO[3]
                         net (fo=1, routed)           0.000    51.506    vetrimodule/approxmd/linreg_plot/slope1_inferred__0/i___696_n_0
    SLICE_X53Y109        CARRY4 (Prop_carry4_CI_CO[3])
                                                      0.114    51.620 r  vetrimodule/approxmd/linreg_plot/slope1_inferred__0/i___697/CO[3]
                         net (fo=1, routed)           0.000    51.620    vetrimodule/approxmd/linreg_plot/slope1_inferred__0/i___697_n_0
    SLICE_X53Y110        CARRY4 (Prop_carry4_CI_CO[3])
                                                      0.114    51.734 r  vetrimodule/approxmd/linreg_plot/slope1_inferred__0/i___698/CO[3]
                         net (fo=1, routed)           0.000    51.734    vetrimodule/approxmd/linreg_plot/slope1_inferred__0/i___698_n_0
    SLICE_X53Y111        CARRY4 (Prop_carry4_CI_CO[3])
                                                      0.114    51.848 r  vetrimodule/approxmd/linreg_plot/slope1_inferred__0/i___699/CO[3]
                         net (fo=1, routed)           0.000    51.848    vetrimodule/approxmd/linreg_plot/slope1_inferred__0/i___699_n_0
    SLICE_X53Y112        CARRY4 (Prop_carry4_CI_CO[1])
                                                      0.157    52.005 r  vetrimodule/approxmd/linreg_plot/slope1_inferred__0/i___700/CO[1]
                         net (fo=30, routed)          0.679    52.684    vetrimodule/approxmd/linreg_plot/slope10_in[6]
    SLICE_X53Y114        LUT2 (Prop_lut2_I1_O)        0.329    53.013 r  vetrimodule/approxmd/linreg_plot/i___701_i_4/O
                         net (fo=1, routed)           0.000    53.013    vetrimodule/approxmd/linreg_plot/i___701_i_4_n_0
    SLICE_X53Y114        CARRY4 (Prop_carry4_S[1]_CO[3])
                                                      0.550    53.563 r  vetrimodule/approxmd/linreg_plot/slope1_inferred__0/i___701/CO[3]
                         net (fo=1, routed)           0.000    53.563    vetrimodule/approxmd/linreg_plot/slope1_inferred__0/i___701_n_0
    SLICE_X53Y115        CARRY4 (Prop_carry4_CI_CO[3])
                                                      0.114    53.677 r  vetrimodule/approxmd/linreg_plot/slope1_inferred__0/i___702/CO[3]
                         net (fo=1, routed)           0.000    53.677    vetrimodule/approxmd/linreg_plot/slope1_inferred__0/i___702_n_0
    SLICE_X53Y116        CARRY4 (Prop_carry4_CI_CO[3])
                                                      0.114    53.791 r  vetrimodule/approxmd/linreg_plot/slope1_inferred__0/i___703/CO[3]
                         net (fo=1, routed)           0.000    53.791    vetrimodule/approxmd/linreg_plot/slope1_inferred__0/i___703_n_0
    SLICE_X53Y117        CARRY4 (Prop_carry4_CI_CO[3])
                                                      0.114    53.905 r  vetrimodule/approxmd/linreg_plot/slope1_inferred__0/i___704/CO[3]
                         net (fo=1, routed)           0.000    53.905    vetrimodule/approxmd/linreg_plot/slope1_inferred__0/i___704_n_0
    SLICE_X53Y118        CARRY4 (Prop_carry4_CI_CO[3])
                                                      0.114    54.019 r  vetrimodule/approxmd/linreg_plot/slope1_inferred__0/i___705/CO[3]
                         net (fo=1, routed)           0.000    54.019    vetrimodule/approxmd/linreg_plot/slope1_inferred__0/i___705_n_0
    SLICE_X53Y119        CARRY4 (Prop_carry4_CI_CO[3])
                                                      0.114    54.133 r  vetrimodule/approxmd/linreg_plot/slope1_inferred__0/i___706/CO[3]
                         net (fo=1, routed)           0.000    54.133    vetrimodule/approxmd/linreg_plot/slope1_inferred__0/i___706_n_0
    SLICE_X53Y120        CARRY4 (Prop_carry4_CI_CO[1])
                                                      0.157    54.290 r  vetrimodule/approxmd/linreg_plot/slope1_inferred__0/i___707/CO[1]
                         net (fo=30, routed)          0.883    55.174    vetrimodule/approxmd/linreg_plot/slope10_in[5]
    SLICE_X52Y117        LUT2 (Prop_lut2_I1_O)        0.329    55.503 r  vetrimodule/approxmd/linreg_plot/i___708_i_4/O
                         net (fo=1, routed)           0.000    55.503    vetrimodule/approxmd/linreg_plot/i___708_i_4_n_0
    SLICE_X52Y117        CARRY4 (Prop_carry4_S[1]_CO[3])
                                                      0.533    56.036 r  vetrimodule/approxmd/linreg_plot/slope1_inferred__0/i___708/CO[3]
                         net (fo=1, routed)           0.000    56.036    vetrimodule/approxmd/linreg_plot/slope1_inferred__0/i___708_n_0
    SLICE_X52Y118        CARRY4 (Prop_carry4_CI_CO[3])
                                                      0.117    56.153 r  vetrimodule/approxmd/linreg_plot/slope1_inferred__0/i___709/CO[3]
                         net (fo=1, routed)           0.000    56.153    vetrimodule/approxmd/linreg_plot/slope1_inferred__0/i___709_n_0
    SLICE_X52Y119        CARRY4 (Prop_carry4_CI_CO[3])
                                                      0.117    56.270 r  vetrimodule/approxmd/linreg_plot/slope1_inferred__0/i___710/CO[3]
                         net (fo=1, routed)           0.000    56.270    vetrimodule/approxmd/linreg_plot/slope1_inferred__0/i___710_n_0
    SLICE_X52Y120        CARRY4 (Prop_carry4_CI_CO[3])
                                                      0.117    56.387 r  vetrimodule/approxmd/linreg_plot/slope1_inferred__0/i___711/CO[3]
                         net (fo=1, routed)           0.000    56.387    vetrimodule/approxmd/linreg_plot/slope1_inferred__0/i___711_n_0
    SLICE_X52Y121        CARRY4 (Prop_carry4_CI_CO[3])
                                                      0.117    56.504 r  vetrimodule/approxmd/linreg_plot/slope1_inferred__0/i___712/CO[3]
                         net (fo=1, routed)           0.000    56.504    vetrimodule/approxmd/linreg_plot/slope1_inferred__0/i___712_n_0
    SLICE_X52Y122        CARRY4 (Prop_carry4_CI_CO[3])
                                                      0.117    56.621 r  vetrimodule/approxmd/linreg_plot/slope1_inferred__0/i___713/CO[3]
                         net (fo=1, routed)           0.000    56.621    vetrimodule/approxmd/linreg_plot/slope1_inferred__0/i___713_n_0
    SLICE_X52Y123        CARRY4 (Prop_carry4_CI_CO[1])
                                                      0.157    56.778 r  vetrimodule/approxmd/linreg_plot/slope1_inferred__0/i___714/CO[1]
                         net (fo=30, routed)          0.940    57.718    vetrimodule/approxmd/linreg_plot/slope10_in[4]
    SLICE_X50Y118        LUT2 (Prop_lut2_I1_O)        0.332    58.050 r  vetrimodule/approxmd/linreg_plot/i___715_i_4/O
                         net (fo=1, routed)           0.000    58.050    vetrimodule/approxmd/linreg_plot/i___715_i_4_n_0
    SLICE_X50Y118        CARRY4 (Prop_carry4_S[1]_CO[3])
                                                      0.533    58.583 r  vetrimodule/approxmd/linreg_plot/slope1_inferred__0/i___715/CO[3]
                         net (fo=1, routed)           0.000    58.583    vetrimodule/approxmd/linreg_plot/slope1_inferred__0/i___715_n_0
    SLICE_X50Y119        CARRY4 (Prop_carry4_CI_CO[3])
                                                      0.117    58.700 r  vetrimodule/approxmd/linreg_plot/slope1_inferred__0/i___716/CO[3]
                         net (fo=1, routed)           0.000    58.700    vetrimodule/approxmd/linreg_plot/slope1_inferred__0/i___716_n_0
    SLICE_X50Y120        CARRY4 (Prop_carry4_CI_CO[3])
                                                      0.117    58.817 r  vetrimodule/approxmd/linreg_plot/slope1_inferred__0/i___717/CO[3]
                         net (fo=1, routed)           0.000    58.817    vetrimodule/approxmd/linreg_plot/slope1_inferred__0/i___717_n_0
    SLICE_X50Y121        CARRY4 (Prop_carry4_CI_CO[3])
                                                      0.117    58.934 r  vetrimodule/approxmd/linreg_plot/slope1_inferred__0/i___718/CO[3]
                         net (fo=1, routed)           0.000    58.934    vetrimodule/approxmd/linreg_plot/slope1_inferred__0/i___718_n_0
    SLICE_X50Y122        CARRY4 (Prop_carry4_CI_CO[3])
                                                      0.117    59.051 r  vetrimodule/approxmd/linreg_plot/slope1_inferred__0/i___719/CO[3]
                         net (fo=1, routed)           0.000    59.051    vetrimodule/approxmd/linreg_plot/slope1_inferred__0/i___719_n_0
    SLICE_X50Y123        CARRY4 (Prop_carry4_CI_CO[3])
                                                      0.117    59.168 r  vetrimodule/approxmd/linreg_plot/slope1_inferred__0/i___720/CO[3]
                         net (fo=1, routed)           0.000    59.168    vetrimodule/approxmd/linreg_plot/slope1_inferred__0/i___720_n_0
    SLICE_X50Y124        CARRY4 (Prop_carry4_CI_CO[1])
                                                      0.157    59.325 r  vetrimodule/approxmd/linreg_plot/slope1_inferred__0/i___721/CO[1]
                         net (fo=30, routed)          1.042    60.366    vetrimodule/approxmd/linreg_plot/slope10_in[3]
    SLICE_X56Y119        LUT2 (Prop_lut2_I1_O)        0.332    60.698 r  vetrimodule/approxmd/linreg_plot/i___722_i_4/O
                         net (fo=1, routed)           0.000    60.698    vetrimodule/approxmd/linreg_plot/i___722_i_4_n_0
    SLICE_X56Y119        CARRY4 (Prop_carry4_S[1]_CO[3])
                                                      0.533    61.231 r  vetrimodule/approxmd/linreg_plot/slope1_inferred__0/i___722/CO[3]
                         net (fo=1, routed)           0.000    61.231    vetrimodule/approxmd/linreg_plot/slope1_inferred__0/i___722_n_0
    SLICE_X56Y120        CARRY4 (Prop_carry4_CI_CO[3])
                                                      0.117    61.348 r  vetrimodule/approxmd/linreg_plot/slope1_inferred__0/i___723/CO[3]
                         net (fo=1, routed)           0.000    61.348    vetrimodule/approxmd/linreg_plot/slope1_inferred__0/i___723_n_0
    SLICE_X56Y121        CARRY4 (Prop_carry4_CI_CO[3])
                                                      0.117    61.465 r  vetrimodule/approxmd/linreg_plot/slope1_inferred__0/i___724/CO[3]
                         net (fo=1, routed)           0.000    61.465    vetrimodule/approxmd/linreg_plot/slope1_inferred__0/i___724_n_0
    SLICE_X56Y122        CARRY4 (Prop_carry4_CI_CO[3])
                                                      0.117    61.582 r  vetrimodule/approxmd/linreg_plot/slope1_inferred__0/i___725/CO[3]
                         net (fo=1, routed)           0.000    61.582    vetrimodule/approxmd/linreg_plot/slope1_inferred__0/i___725_n_0
    SLICE_X56Y123        CARRY4 (Prop_carry4_CI_CO[3])
                                                      0.117    61.699 r  vetrimodule/approxmd/linreg_plot/slope1_inferred__0/i___726/CO[3]
                         net (fo=1, routed)           0.000    61.699    vetrimodule/approxmd/linreg_plot/slope1_inferred__0/i___726_n_0
    SLICE_X56Y124        CARRY4 (Prop_carry4_CI_CO[3])
                                                      0.117    61.816 r  vetrimodule/approxmd/linreg_plot/slope1_inferred__0/i___727/CO[3]
                         net (fo=1, routed)           0.009    61.825    vetrimodule/approxmd/linreg_plot/slope1_inferred__0/i___727_n_0
    SLICE_X56Y125        CARRY4 (Prop_carry4_CI_CO[1])
                                                      0.157    61.982 r  vetrimodule/approxmd/linreg_plot/slope1_inferred__0/i___728/CO[1]
                         net (fo=30, routed)          0.945    62.928    vetrimodule/approxmd/linreg_plot/slope10_in[2]
    SLICE_X57Y118        LUT2 (Prop_lut2_I1_O)        0.332    63.260 r  vetrimodule/approxmd/linreg_plot/i___729_i_4/O
                         net (fo=1, routed)           0.000    63.260    vetrimodule/approxmd/linreg_plot/i___729_i_4_n_0
    SLICE_X57Y118        CARRY4 (Prop_carry4_S[1]_CO[3])
                                                      0.550    63.810 r  vetrimodule/approxmd/linreg_plot/slope1_inferred__0/i___729/CO[3]
                         net (fo=1, routed)           0.000    63.810    vetrimodule/approxmd/linreg_plot/slope1_inferred__0/i___729_n_0
    SLICE_X57Y119        CARRY4 (Prop_carry4_CI_CO[3])
                                                      0.114    63.924 r  vetrimodule/approxmd/linreg_plot/slope1_inferred__0/i___730/CO[3]
                         net (fo=1, routed)           0.000    63.924    vetrimodule/approxmd/linreg_plot/slope1_inferred__0/i___730_n_0
    SLICE_X57Y120        CARRY4 (Prop_carry4_CI_CO[3])
                                                      0.114    64.038 r  vetrimodule/approxmd/linreg_plot/slope1_inferred__0/i___731/CO[3]
                         net (fo=1, routed)           0.000    64.038    vetrimodule/approxmd/linreg_plot/slope1_inferred__0/i___731_n_0
    SLICE_X57Y121        CARRY4 (Prop_carry4_CI_CO[3])
                                                      0.114    64.152 r  vetrimodule/approxmd/linreg_plot/slope1_inferred__0/i___732/CO[3]
                         net (fo=1, routed)           0.000    64.152    vetrimodule/approxmd/linreg_plot/slope1_inferred__0/i___732_n_0
    SLICE_X57Y122        CARRY4 (Prop_carry4_CI_CO[3])
                                                      0.114    64.266 r  vetrimodule/approxmd/linreg_plot/slope1_inferred__0/i___733/CO[3]
                         net (fo=1, routed)           0.000    64.266    vetrimodule/approxmd/linreg_plot/slope1_inferred__0/i___733_n_0
    SLICE_X57Y123        CARRY4 (Prop_carry4_CI_CO[3])
                                                      0.114    64.380 r  vetrimodule/approxmd/linreg_plot/slope1_inferred__0/i___734/CO[3]
                         net (fo=1, routed)           0.000    64.380    vetrimodule/approxmd/linreg_plot/slope1_inferred__0/i___734_n_0
    SLICE_X57Y124        CARRY4 (Prop_carry4_CI_CO[1])
                                                      0.157    64.537 r  vetrimodule/approxmd/linreg_plot/slope1_inferred__0/i___735/CO[1]
                         net (fo=30, routed)          0.921    65.458    vetrimodule/approxmd/linreg_plot/slope10_in[1]
    SLICE_X55Y118        LUT2 (Prop_lut2_I1_O)        0.329    65.787 r  vetrimodule/approxmd/linreg_plot/i___736_i_5/O
                         net (fo=1, routed)           0.000    65.787    vetrimodule/approxmd/linreg_plot/i___736_i_5_n_0
    SLICE_X55Y118        CARRY4 (Prop_carry4_S[0]_CO[3])
                                                      0.532    66.319 r  vetrimodule/approxmd/linreg_plot/slope1_inferred__0/i___736/CO[3]
                         net (fo=1, routed)           0.000    66.319    vetrimodule/approxmd/linreg_plot/slope1_inferred__0/i___736_n_0
    SLICE_X55Y119        CARRY4 (Prop_carry4_CI_CO[3])
                                                      0.114    66.433 r  vetrimodule/approxmd/linreg_plot/slope1_inferred__0/i___737/CO[3]
                         net (fo=1, routed)           0.000    66.433    vetrimodule/approxmd/linreg_plot/slope1_inferred__0/i___737_n_0
    SLICE_X55Y120        CARRY4 (Prop_carry4_CI_CO[3])
                                                      0.114    66.547 r  vetrimodule/approxmd/linreg_plot/slope1_inferred__0/i___738/CO[3]
                         net (fo=1, routed)           0.000    66.547    vetrimodule/approxmd/linreg_plot/slope1_inferred__0/i___738_n_0
    SLICE_X55Y121        CARRY4 (Prop_carry4_CI_CO[3])
                                                      0.114    66.661 r  vetrimodule/approxmd/linreg_plot/slope1_inferred__0/i___739/CO[3]
                         net (fo=1, routed)           0.000    66.661    vetrimodule/approxmd/linreg_plot/slope1_inferred__0/i___739_n_0
    SLICE_X55Y122        CARRY4 (Prop_carry4_CI_CO[3])
                                                      0.114    66.775 r  vetrimodule/approxmd/linreg_plot/slope1_inferred__0/i___740/CO[3]
                         net (fo=1, routed)           0.000    66.775    vetrimodule/approxmd/linreg_plot/slope1_inferred__0/i___740_n_0
    SLICE_X55Y123        CARRY4 (Prop_carry4_CI_CO[3])
                                                      0.114    66.889 r  vetrimodule/approxmd/linreg_plot/slope1_inferred__0/i___741/CO[3]
                         net (fo=1, routed)           0.000    66.889    vetrimodule/approxmd/linreg_plot/slope1_inferred__0/i___741_n_0
    SLICE_X55Y124        CARRY4 (Prop_carry4_CI_CO[0])
                                                      0.271    67.160 f  vetrimodule/approxmd/linreg_plot/slope1_inferred__0/i___742/CO[0]
                         net (fo=2, routed)           0.369    67.529    vetrimodule/approxmd/linreg_plot/slope10_in[0]
    SLICE_X57Y125        LUT1 (Prop_lut1_I0_O)        0.373    67.902 r  vetrimodule/approxmd/linreg_plot/slope[4]_i_3/O
                         net (fo=1, routed)           0.384    68.286    vetrimodule/approxmd/linreg_plot/slope[4]_i_3_n_0
    SLICE_X54Y124        CARRY4 (Prop_carry4_CYINIT_CO[3])
                                                      0.595    68.881 r  vetrimodule/approxmd/linreg_plot/slope_reg[4]_i_2/CO[3]
                         net (fo=1, routed)           0.009    68.890    vetrimodule/approxmd/linreg_plot/slope_reg[4]_i_2_n_0
    SLICE_X54Y125        CARRY4 (Prop_carry4_CI_CO[3])
                                                      0.117    69.007 r  vetrimodule/approxmd/linreg_plot/slope_reg[8]_i_2/CO[3]
                         net (fo=1, routed)           0.000    69.007    vetrimodule/approxmd/linreg_plot/slope_reg[8]_i_2_n_0
    SLICE_X54Y126        CARRY4 (Prop_carry4_CI_CO[3])
                                                      0.117    69.124 r  vetrimodule/approxmd/linreg_plot/slope_reg[12]_i_2/CO[3]
                         net (fo=1, routed)           0.000    69.124    vetrimodule/approxmd/linreg_plot/slope_reg[12]_i_2_n_0
    SLICE_X54Y127        CARRY4 (Prop_carry4_CI_CO[3])
                                                      0.117    69.241 r  vetrimodule/approxmd/linreg_plot/slope_reg[16]_i_2/CO[3]
                         net (fo=1, routed)           0.000    69.241    vetrimodule/approxmd/linreg_plot/slope_reg[16]_i_2_n_0
    SLICE_X54Y128        CARRY4 (Prop_carry4_CI_O[2])
                                                      0.239    69.480 r  vetrimodule/approxmd/linreg_plot/slope_reg[20]_i_2/O[2]
                         net (fo=1, routed)           0.346    69.827    vetrimodule/approxmd/linreg_plot/slope1[19]
    SLICE_X55Y128        LUT5 (Prop_lut5_I4_O)        0.301    70.128 r  vetrimodule/approxmd/linreg_plot/slope[19]_i_1/O
                         net (fo=1, routed)           0.000    70.128    vetrimodule/approxmd/linreg_plot/slope[19]
    SLICE_X55Y128        FDCE                                         r  vetrimodule/approxmd/linreg_plot/slope_reg[19]/D
  -------------------------------------------------------------------    -------------------

                         (clock sys_clk_pin rise edge)
                                                     10.000    10.000 r  
    W5                                                0.000    10.000 r  CLOCK (IN)
                         net (fo=0)                   0.000    10.000    CLOCK
    W5                   IBUF (Prop_ibuf_I_O)         1.388    11.388 r  CLOCK_IBUF_inst/O
                         net (fo=1, routed)           1.862    13.250    CLOCK_IBUF
    BUFGCTRL_X0Y0        BUFG (Prop_bufg_I_O)         0.091    13.341 r  CLOCK_IBUF_BUFG_inst/O
                         net (fo=4568, routed)        1.601    14.942    vetrimodule/approxmd/linreg_plot/CLOCK_IBUF_BUFG
    SLICE_X55Y128        FDCE                                         r  vetrimodule/approxmd/linreg_plot/slope_reg[19]/C
                         clock pessimism              0.187    15.129    
                         clock uncertainty           -0.035    15.094    
    SLICE_X55Y128        FDCE (Setup_fdce_C_D)        0.032    15.126    vetrimodule/approxmd/linreg_plot/slope_reg[19]
  -------------------------------------------------------------------
                         required time                         15.126    
                         arrival time                         -70.128    
  -------------------------------------------------------------------
                         slack                                -55.002    

Slack (VIOLATED) :        -54.967ns  (required time - arrival time)
  Source:                 vetrimodule/approxmd/linreg_plot/temp2_reg[0]/C
                            (rising edge-triggered cell FDCE clocked by sys_clk_pin  {rise@0.000ns fall@5.000ns period=10.000ns})
  Destination:            vetrimodule/approxmd/linreg_plot/slope_reg[9]/D
                            (rising edge-triggered cell FDCE clocked by sys_clk_pin  {rise@0.000ns fall@5.000ns period=10.000ns})
  Path Group:             sys_clk_pin
  Path Type:              Setup (Max at Slow Process Corner)
  Requirement:            10.000ns  (sys_clk_pin rise@10.000ns - sys_clk_pin rise@0.000ns)
  Data Path Delay:        64.995ns  (logic 41.592ns (63.992%)  route 23.403ns (36.008%))
  Logic Levels:           197  (CARRY4=171 LUT1=2 LUT2=10 LUT3=1 LUT4=1 LUT5=12)
  Clock Path Skew:        -0.013ns (DCD - SCD + CPR)
    Destination Clock Delay (DCD):    4.943ns = ( 14.943 - 10.000 ) 
    Source Clock Delay      (SCD):    5.143ns
    Clock Pessimism Removal (CPR):    0.187ns
  Clock Uncertainty:      0.035ns  ((TSJ^2 + TIJ^2)^1/2 + DJ) / 2 + PE
    Total System Jitter     (TSJ):    0.071ns
    Total Input Jitter      (TIJ):    0.000ns
    Discrete Jitter          (DJ):    0.000ns
    Phase Error              (PE):    0.000ns

    Location             Delay type                Incr(ns)  Path(ns)    Netlist Resource(s)
  -------------------------------------------------------------------    -------------------
                         (clock sys_clk_pin rise edge)
                                                      0.000     0.000 r  
    W5                                                0.000     0.000 r  CLOCK (IN)
                         net (fo=0)                   0.000     0.000    CLOCK
    W5                   IBUF (Prop_ibuf_I_O)         1.458     1.458 r  CLOCK_IBUF_inst/O
                         net (fo=1, routed)           1.967     3.425    CLOCK_IBUF
    BUFGCTRL_X0Y0        BUFG (Prop_bufg_I_O)         0.096     3.521 r  CLOCK_IBUF_BUFG_inst/O
                         net (fo=4568, routed)        1.622     5.143    vetrimodule/approxmd/linreg_plot/CLOCK_IBUF_BUFG
    SLICE_X58Y88         FDCE                                         r  vetrimodule/approxmd/linreg_plot/temp2_reg[0]/C
  -------------------------------------------------------------------    -------------------
    SLICE_X58Y88         FDCE (Prop_fdce_C_Q)         0.456     5.599 f  vetrimodule/approxmd/linreg_plot/temp2_reg[0]/Q
                         net (fo=36, routed)          0.301     5.900    vetrimodule/approxmd/linreg_plot/temp2[0]
    SLICE_X59Y88         LUT1 (Prop_lut1_I0_O)        0.124     6.024 r  vetrimodule/approxmd/linreg_plot/slope20_carry_i_1/O
                         net (fo=1, routed)           0.336     6.360    vetrimodule/approxmd/linreg_plot/slope20_carry_i_1_n_0
    SLICE_X58Y87         CARRY4 (Prop_carry4_CYINIT_CO[3])
                                                      0.580     6.940 r  vetrimodule/approxmd/linreg_plot/slope20_carry/CO[3]
                         net (fo=1, routed)           0.000     6.940    vetrimodule/approxmd/linreg_plot/slope20_carry_n_0
    SLICE_X58Y88         CARRY4 (Prop_carry4_CI_CO[3])
                                                      0.114     7.054 r  vetrimodule/approxmd/linreg_plot/slope20_carry__0/CO[3]
                         net (fo=1, routed)           0.000     7.054    vetrimodule/approxmd/linreg_plot/slope20_carry__0_n_0
    SLICE_X58Y89         CARRY4 (Prop_carry4_CI_CO[3])
                                                      0.114     7.168 r  vetrimodule/approxmd/linreg_plot/slope20_carry__1/CO[3]
                         net (fo=1, routed)           0.000     7.168    vetrimodule/approxmd/linreg_plot/slope20_carry__1_n_0
    SLICE_X58Y90         CARRY4 (Prop_carry4_CI_CO[0])
                                                      0.271     7.439 r  vetrimodule/approxmd/linreg_plot/i___578_i_9/CO[0]
                         net (fo=275, routed)         0.976     8.415    vetrimodule/approxmd/linreg_plot/i___578_i_9_n_3
    SLICE_X58Y94         LUT2 (Prop_lut2_I0_O)        0.373     8.788 r  vetrimodule/approxmd/linreg_plot/i___578_i_7/O
                         net (fo=1, routed)           0.000     8.788    vetrimodule/approxmd/linreg_plot/i___578_i_7_n_0
    SLICE_X58Y94         CARRY4 (Prop_carry4_S[1]_CO[3])
                                                      0.550     9.338 r  vetrimodule/approxmd/linreg_plot/slope1_inferred__0/i___578/CO[3]
                         net (fo=1, routed)           0.000     9.338    vetrimodule/approxmd/linreg_plot/slope1_inferred__0/i___578_n_0
    SLICE_X58Y95         CARRY4 (Prop_carry4_CI_CO[3])
                                                      0.114     9.452 r  vetrimodule/approxmd/linreg_plot/slope1_inferred__0/i___579/CO[3]
                         net (fo=1, routed)           0.000     9.452    vetrimodule/approxmd/linreg_plot/slope1_inferred__0/i___579_n_0
    SLICE_X58Y96         CARRY4 (Prop_carry4_CI_CO[3])
                                                      0.114     9.566 r  vetrimodule/approxmd/linreg_plot/slope1_inferred__0/i___580/CO[3]
                         net (fo=1, routed)           0.000     9.566    vetrimodule/approxmd/linreg_plot/slope1_inferred__0/i___580_n_0
    SLICE_X58Y97         CARRY4 (Prop_carry4_CI_CO[0])
                                                      0.271     9.837 r  vetrimodule/approxmd/linreg_plot/slope1_inferred__0/i___581/CO[0]
                         net (fo=27, routed)          0.923    10.760    vetrimodule/approxmd/linreg_plot/slope1_inferred__0/i___581_n_3
    SLICE_X59Y90         LUT4 (Prop_lut4_I0_O)        0.373    11.133 r  vetrimodule/approxmd/linreg_plot/i___582_i_4/O
                         net (fo=1, routed)           0.000    11.133    vetrimodule/approxmd/linreg_plot/i___582_i_4_n_0
    SLICE_X59Y90         CARRY4 (Prop_carry4_S[1]_CO[3])
                                                      0.550    11.683 r  vetrimodule/approxmd/linreg_plot/slope1_inferred__0/i___582/CO[3]
                         net (fo=1, routed)           0.000    11.683    vetrimodule/approxmd/linreg_plot/slope1_inferred__0/i___582_n_0
    SLICE_X59Y91         CARRY4 (Prop_carry4_CI_CO[3])
                                                      0.114    11.797 r  vetrimodule/approxmd/linreg_plot/slope1_inferred__0/i___583/CO[3]
                         net (fo=1, routed)           0.000    11.797    vetrimodule/approxmd/linreg_plot/slope1_inferred__0/i___583_n_0
    SLICE_X59Y92         CARRY4 (Prop_carry4_CI_CO[3])
                                                      0.114    11.911 r  vetrimodule/approxmd/linreg_plot/slope1_inferred__0/i___584/CO[3]
                         net (fo=1, routed)           0.000    11.911    vetrimodule/approxmd/linreg_plot/slope1_inferred__0/i___584_n_0
    SLICE_X59Y93         CARRY4 (Prop_carry4_CI_CO[3])
                                                      0.114    12.025 r  vetrimodule/approxmd/linreg_plot/slope1_inferred__0/i___585/CO[3]
                         net (fo=1, routed)           0.000    12.025    vetrimodule/approxmd/linreg_plot/slope1_inferred__0/i___585_n_0
    SLICE_X59Y94         CARRY4 (Prop_carry4_CI_CO[3])
                                                      0.114    12.139 r  vetrimodule/approxmd/linreg_plot/slope1_inferred__0/i___586/CO[3]
                         net (fo=1, routed)           0.000    12.139    vetrimodule/approxmd/linreg_plot/slope1_inferred__0/i___586_n_0
    SLICE_X59Y95         CARRY4 (Prop_carry4_CI_CO[3])
                                                      0.114    12.253 r  vetrimodule/approxmd/linreg_plot/slope1_inferred__0/i___587/CO[3]
                         net (fo=1, routed)           0.000    12.253    vetrimodule/approxmd/linreg_plot/slope1_inferred__0/i___587_n_0
    SLICE_X59Y96         CARRY4 (Prop_carry4_CI_CO[1])
                                                      0.157    12.410 r  vetrimodule/approxmd/linreg_plot/slope1_inferred__0/i___588/CO[1]
                         net (fo=27, routed)          1.093    13.502    vetrimodule/approxmd/linreg_plot/slope1_inferred__0/i___588_n_2
    SLICE_X57Y89         LUT5 (Prop_lut5_I0_O)        0.329    13.831 r  vetrimodule/approxmd/linreg_plot/i___589_i_4/O
                         net (fo=1, routed)           0.000    13.831    vetrimodule/approxmd/linreg_plot/i___589_i_4_n_0
    SLICE_X57Y89         CARRY4 (Prop_carry4_S[1]_CO[3])
                                                      0.550    14.381 r  vetrimodule/approxmd/linreg_plot/slope1_inferred__0/i___589/CO[3]
                         net (fo=1, routed)           0.000    14.381    vetrimodule/approxmd/linreg_plot/slope1_inferred__0/i___589_n_0
    SLICE_X57Y90         CARRY4 (Prop_carry4_CI_CO[3])
                                                      0.114    14.495 r  vetrimodule/approxmd/linreg_plot/slope1_inferred__0/i___590/CO[3]
                         net (fo=1, routed)           0.000    14.495    vetrimodule/approxmd/linreg_plot/slope1_inferred__0/i___590_n_0
    SLICE_X57Y91         CARRY4 (Prop_carry4_CI_CO[3])
                                                      0.114    14.609 r  vetrimodule/approxmd/linreg_plot/slope1_inferred__0/i___591/CO[3]
                         net (fo=1, routed)           0.000    14.609    vetrimodule/approxmd/linreg_plot/slope1_inferred__0/i___591_n_0
    SLICE_X57Y92         CARRY4 (Prop_carry4_CI_CO[3])
                                                      0.114    14.723 r  vetrimodule/approxmd/linreg_plot/slope1_inferred__0/i___592/CO[3]
                         net (fo=1, routed)           0.000    14.723    vetrimodule/approxmd/linreg_plot/slope1_inferred__0/i___592_n_0
    SLICE_X57Y93         CARRY4 (Prop_carry4_CI_CO[3])
                                                      0.114    14.837 r  vetrimodule/approxmd/linreg_plot/slope1_inferred__0/i___593/CO[3]
                         net (fo=1, routed)           0.000    14.837    vetrimodule/approxmd/linreg_plot/slope1_inferred__0/i___593_n_0
    SLICE_X57Y94         CARRY4 (Prop_carry4_CI_CO[3])
                                                      0.114    14.951 r  vetrimodule/approxmd/linreg_plot/slope1_inferred__0/i___594/CO[3]
                         net (fo=1, routed)           0.000    14.951    vetrimodule/approxmd/linreg_plot/slope1_inferred__0/i___594_n_0
    SLICE_X57Y95         CARRY4 (Prop_carry4_CI_CO[1])
                                                      0.157    15.108 r  vetrimodule/approxmd/linreg_plot/slope1_inferred__0/i___595/CO[1]
                         net (fo=29, routed)          1.030    16.138    vetrimodule/approxmd/linreg_plot/slope10_in[21]
    SLICE_X55Y87         LUT5 (Prop_lut5_I0_O)        0.329    16.467 r  vetrimodule/approxmd/linreg_plot/i___596_i_4/O
                         net (fo=1, routed)           0.000    16.467    vetrimodule/approxmd/linreg_plot/i___596_i_4_n_0
    SLICE_X55Y87         CARRY4 (Prop_carry4_S[1]_CO[3])
                                                      0.550    17.017 r  vetrimodule/approxmd/linreg_plot/slope1_inferred__0/i___596/CO[3]
                         net (fo=1, routed)           0.000    17.017    vetrimodule/approxmd/linreg_plot/slope1_inferred__0/i___596_n_0
    SLICE_X55Y88         CARRY4 (Prop_carry4_CI_CO[3])
                                                      0.114    17.131 r  vetrimodule/approxmd/linreg_plot/slope1_inferred__0/i___597/CO[3]
                         net (fo=1, routed)           0.000    17.131    vetrimodule/approxmd/linreg_plot/slope1_inferred__0/i___597_n_0
    SLICE_X55Y89         CARRY4 (Prop_carry4_CI_CO[3])
                                                      0.114    17.245 r  vetrimodule/approxmd/linreg_plot/slope1_inferred__0/i___598/CO[3]
                         net (fo=1, routed)           0.000    17.245    vetrimodule/approxmd/linreg_plot/slope1_inferred__0/i___598_n_0
    SLICE_X55Y90         CARRY4 (Prop_carry4_CI_CO[3])
                                                      0.114    17.359 r  vetrimodule/approxmd/linreg_plot/slope1_inferred__0/i___599/CO[3]
                         net (fo=1, routed)           0.000    17.359    vetrimodule/approxmd/linreg_plot/slope1_inferred__0/i___599_n_0
    SLICE_X55Y91         CARRY4 (Prop_carry4_CI_CO[3])
                                                      0.114    17.473 r  vetrimodule/approxmd/linreg_plot/slope1_inferred__0/i___600/CO[3]
                         net (fo=1, routed)           0.000    17.473    vetrimodule/approxmd/linreg_plot/slope1_inferred__0/i___600_n_0
    SLICE_X55Y92         CARRY4 (Prop_carry4_CI_CO[3])
                                                      0.114    17.587 r  vetrimodule/approxmd/linreg_plot/slope1_inferred__0/i___601/CO[3]
                         net (fo=1, routed)           0.000    17.587    vetrimodule/approxmd/linreg_plot/slope1_inferred__0/i___601_n_0
    SLICE_X55Y93         CARRY4 (Prop_carry4_CI_CO[1])
                                                      0.157    17.744 r  vetrimodule/approxmd/linreg_plot/slope1_inferred__0/i___602/CO[1]
                         net (fo=29, routed)          0.888    18.632    vetrimodule/approxmd/linreg_plot/slope10_in[20]
    SLICE_X54Y86         LUT5 (Prop_lut5_I0_O)        0.329    18.961 r  vetrimodule/approxmd/linreg_plot/i___603_i_4/O
                         net (fo=1, routed)           0.000    18.961    vetrimodule/approxmd/linreg_plot/i___603_i_4_n_0
    SLICE_X54Y86         CARRY4 (Prop_carry4_S[1]_CO[3])
                                                      0.533    19.494 r  vetrimodule/approxmd/linreg_plot/slope1_inferred__0/i___603/CO[3]
                         net (fo=1, routed)           0.000    19.494    vetrimodule/approxmd/linreg_plot/slope1_inferred__0/i___603_n_0
    SLICE_X54Y87         CARRY4 (Prop_carry4_CI_CO[3])
                                                      0.117    19.611 r  vetrimodule/approxmd/linreg_plot/slope1_inferred__0/i___604/CO[3]
                         net (fo=1, routed)           0.000    19.611    vetrimodule/approxmd/linreg_plot/slope1_inferred__0/i___604_n_0
    SLICE_X54Y88         CARRY4 (Prop_carry4_CI_CO[3])
                                                      0.117    19.728 r  vetrimodule/approxmd/linreg_plot/slope1_inferred__0/i___605/CO[3]
                         net (fo=1, routed)           0.000    19.728    vetrimodule/approxmd/linreg_plot/slope1_inferred__0/i___605_n_0
    SLICE_X54Y89         CARRY4 (Prop_carry4_CI_CO[3])
                                                      0.117    19.845 r  vetrimodule/approxmd/linreg_plot/slope1_inferred__0/i___606/CO[3]
                         net (fo=1, routed)           0.000    19.845    vetrimodule/approxmd/linreg_plot/slope1_inferred__0/i___606_n_0
    SLICE_X54Y90         CARRY4 (Prop_carry4_CI_CO[3])
                                                      0.117    19.962 r  vetrimodule/approxmd/linreg_plot/slope1_inferred__0/i___607/CO[3]
                         net (fo=1, routed)           0.000    19.962    vetrimodule/approxmd/linreg_plot/slope1_inferred__0/i___607_n_0
    SLICE_X54Y91         CARRY4 (Prop_carry4_CI_CO[3])
                                                      0.117    20.079 r  vetrimodule/approxmd/linreg_plot/slope1_inferred__0/i___608/CO[3]
                         net (fo=1, routed)           0.000    20.079    vetrimodule/approxmd/linreg_plot/slope1_inferred__0/i___608_n_0
    SLICE_X54Y92         CARRY4 (Prop_carry4_CI_CO[1])
                                                      0.157    20.236 r  vetrimodule/approxmd/linreg_plot/slope1_inferred__0/i___609/CO[1]
                         net (fo=29, routed)          0.666    20.902    vetrimodule/approxmd/linreg_plot/slope10_in[19]
    SLICE_X54Y93         LUT5 (Prop_lut5_I0_O)        0.332    21.234 r  vetrimodule/approxmd/linreg_plot/i___610_i_4/O
                         net (fo=1, routed)           0.000    21.234    vetrimodule/approxmd/linreg_plot/i___610_i_4_n_0
    SLICE_X54Y93         CARRY4 (Prop_carry4_S[1]_CO[3])
                                                      0.533    21.767 r  vetrimodule/approxmd/linreg_plot/slope1_inferred__0/i___610/CO[3]
                         net (fo=1, routed)           0.000    21.767    vetrimodule/approxmd/linreg_plot/slope1_inferred__0/i___610_n_0
    SLICE_X54Y94         CARRY4 (Prop_carry4_CI_CO[3])
                                                      0.117    21.884 r  vetrimodule/approxmd/linreg_plot/slope1_inferred__0/i___611/CO[3]
                         net (fo=1, routed)           0.000    21.884    vetrimodule/approxmd/linreg_plot/slope1_inferred__0/i___611_n_0
    SLICE_X54Y95         CARRY4 (Prop_carry4_CI_CO[3])
                                                      0.117    22.001 r  vetrimodule/approxmd/linreg_plot/slope1_inferred__0/i___612/CO[3]
                         net (fo=1, routed)           0.000    22.001    vetrimodule/approxmd/linreg_plot/slope1_inferred__0/i___612_n_0
    SLICE_X54Y96         CARRY4 (Prop_carry4_CI_CO[3])
                                                      0.117    22.118 r  vetrimodule/approxmd/linreg_plot/slope1_inferred__0/i___613/CO[3]
                         net (fo=1, routed)           0.000    22.118    vetrimodule/approxmd/linreg_plot/slope1_inferred__0/i___613_n_0
    SLICE_X54Y97         CARRY4 (Prop_carry4_CI_CO[3])
                                                      0.117    22.235 r  vetrimodule/approxmd/linreg_plot/slope1_inferred__0/i___614/CO[3]
                         net (fo=1, routed)           0.000    22.235    vetrimodule/approxmd/linreg_plot/slope1_inferred__0/i___614_n_0
    SLICE_X54Y98         CARRY4 (Prop_carry4_CI_CO[3])
                                                      0.117    22.352 r  vetrimodule/approxmd/linreg_plot/slope1_inferred__0/i___615/CO[3]
                         net (fo=1, routed)           0.000    22.352    vetrimodule/approxmd/linreg_plot/slope1_inferred__0/i___615_n_0
    SLICE_X54Y99         CARRY4 (Prop_carry4_CI_CO[1])
                                                      0.157    22.509 r  vetrimodule/approxmd/linreg_plot/slope1_inferred__0/i___616/CO[1]
                         net (fo=29, routed)          0.786    23.296    vetrimodule/approxmd/linreg_plot/slope10_in[18]
    SLICE_X56Y94         LUT5 (Prop_lut5_I0_O)        0.332    23.628 r  vetrimodule/approxmd/linreg_plot/i___617_i_4/O
                         net (fo=1, routed)           0.000    23.628    vetrimodule/approxmd/linreg_plot/i___617_i_4_n_0
    SLICE_X56Y94         CARRY4 (Prop_carry4_S[1]_CO[3])
                                                      0.533    24.161 r  vetrimodule/approxmd/linreg_plot/slope1_inferred__0/i___617/CO[3]
                         net (fo=1, routed)           0.000    24.161    vetrimodule/approxmd/linreg_plot/slope1_inferred__0/i___617_n_0
    SLICE_X56Y95         CARRY4 (Prop_carry4_CI_CO[3])
                                                      0.117    24.278 r  vetrimodule/approxmd/linreg_plot/slope1_inferred__0/i___618/CO[3]
                         net (fo=1, routed)           0.000    24.278    vetrimodule/approxmd/linreg_plot/slope1_inferred__0/i___618_n_0
    SLICE_X56Y96         CARRY4 (Prop_carry4_CI_CO[3])
                                                      0.117    24.395 r  vetrimodule/approxmd/linreg_plot/slope1_inferred__0/i___619/CO[3]
                         net (fo=1, routed)           0.000    24.395    vetrimodule/approxmd/linreg_plot/slope1_inferred__0/i___619_n_0
    SLICE_X56Y97         CARRY4 (Prop_carry4_CI_CO[3])
                                                      0.117    24.512 r  vetrimodule/approxmd/linreg_plot/slope1_inferred__0/i___620/CO[3]
                         net (fo=1, routed)           0.000    24.512    vetrimodule/approxmd/linreg_plot/slope1_inferred__0/i___620_n_0
    SLICE_X56Y98         CARRY4 (Prop_carry4_CI_CO[3])
                                                      0.117    24.629 r  vetrimodule/approxmd/linreg_plot/slope1_inferred__0/i___621/CO[3]
                         net (fo=1, routed)           0.000    24.629    vetrimodule/approxmd/linreg_plot/slope1_inferred__0/i___621_n_0
    SLICE_X56Y99         CARRY4 (Prop_carry4_CI_CO[3])
                                                      0.117    24.746 r  vetrimodule/approxmd/linreg_plot/slope1_inferred__0/i___622/CO[3]
                         net (fo=1, routed)           0.001    24.746    vetrimodule/approxmd/linreg_plot/slope1_inferred__0/i___622_n_0
    SLICE_X56Y100        CARRY4 (Prop_carry4_CI_CO[1])
                                                      0.157    24.903 r  vetrimodule/approxmd/linreg_plot/slope1_inferred__0/i___623/CO[1]
                         net (fo=29, routed)          0.864    25.767    vetrimodule/approxmd/linreg_plot/slope10_in[17]
    SLICE_X55Y95         LUT5 (Prop_lut5_I0_O)        0.332    26.099 r  vetrimodule/approxmd/linreg_plot/i___624_i_4/O
                         net (fo=1, routed)           0.000    26.099    vetrimodule/approxmd/linreg_plot/i___624_i_4_n_0
    SLICE_X55Y95         CARRY4 (Prop_carry4_S[1]_CO[3])
                                                      0.550    26.649 r  vetrimodule/approxmd/linreg_plot/slope1_inferred__0/i___624/CO[3]
                         net (fo=1, routed)           0.000    26.649    vetrimodule/approxmd/linreg_plot/slope1_inferred__0/i___624_n_0
    SLICE_X55Y96         CARRY4 (Prop_carry4_CI_CO[3])
                                                      0.114    26.763 r  vetrimodule/approxmd/linreg_plot/slope1_inferred__0/i___625/CO[3]
                         net (fo=1, routed)           0.000    26.763    vetrimodule/approxmd/linreg_plot/slope1_inferred__0/i___625_n_0
    SLICE_X55Y97         CARRY4 (Prop_carry4_CI_CO[3])
                                                      0.114    26.877 r  vetrimodule/approxmd/linreg_plot/slope1_inferred__0/i___626/CO[3]
                         net (fo=1, routed)           0.000    26.877    vetrimodule/approxmd/linreg_plot/slope1_inferred__0/i___626_n_0
    SLICE_X55Y98         CARRY4 (Prop_carry4_CI_CO[3])
                                                      0.114    26.991 r  vetrimodule/approxmd/linreg_plot/slope1_inferred__0/i___627/CO[3]
                         net (fo=1, routed)           0.000    26.991    vetrimodule/approxmd/linreg_plot/slope1_inferred__0/i___627_n_0
    SLICE_X55Y99         CARRY4 (Prop_carry4_CI_CO[3])
                                                      0.114    27.105 r  vetrimodule/approxmd/linreg_plot/slope1_inferred__0/i___628/CO[3]
                         net (fo=1, routed)           0.001    27.106    vetrimodule/approxmd/linreg_plot/slope1_inferred__0/i___628_n_0
    SLICE_X55Y100        CARRY4 (Prop_carry4_CI_CO[3])
                                                      0.114    27.220 r  vetrimodule/approxmd/linreg_plot/slope1_inferred__0/i___629/CO[3]
                         net (fo=1, routed)           0.000    27.220    vetrimodule/approxmd/linreg_plot/slope1_inferred__0/i___629_n_0
    SLICE_X55Y101        CARRY4 (Prop_carry4_CI_CO[1])
                                                      0.157    27.377 r  vetrimodule/approxmd/linreg_plot/slope1_inferred__0/i___630/CO[1]
                         net (fo=29, routed)          0.667    28.044    vetrimodule/approxmd/linreg_plot/slope10_in[16]
    SLICE_X54Y100        LUT5 (Prop_lut5_I0_O)        0.329    28.373 r  vetrimodule/approxmd/linreg_plot/i___631_i_4/O
                         net (fo=1, routed)           0.000    28.373    vetrimodule/approxmd/linreg_plot/i___631_i_4_n_0
    SLICE_X54Y100        CARRY4 (Prop_carry4_S[1]_CO[3])
                                                      0.533    28.906 r  vetrimodule/approxmd/linreg_plot/slope1_inferred__0/i___631/CO[3]
                         net (fo=1, routed)           0.000    28.906    vetrimodule/approxmd/linreg_plot/slope1_inferred__0/i___631_n_0
    SLICE_X54Y101        CARRY4 (Prop_carry4_CI_CO[3])
                                                      0.117    29.023 r  vetrimodule/approxmd/linreg_plot/slope1_inferred__0/i___632/CO[3]
                         net (fo=1, routed)           0.000    29.023    vetrimodule/approxmd/linreg_plot/slope1_inferred__0/i___632_n_0
    SLICE_X54Y102        CARRY4 (Prop_carry4_CI_CO[3])
                                                      0.117    29.140 r  vetrimodule/approxmd/linreg_plot/slope1_inferred__0/i___633/CO[3]
                         net (fo=1, routed)           0.000    29.140    vetrimodule/approxmd/linreg_plot/slope1_inferred__0/i___633_n_0
    SLICE_X54Y103        CARRY4 (Prop_carry4_CI_CO[3])
                                                      0.117    29.257 r  vetrimodule/approxmd/linreg_plot/slope1_inferred__0/i___634/CO[3]
                         net (fo=1, routed)           0.000    29.257    vetrimodule/approxmd/linreg_plot/slope1_inferred__0/i___634_n_0
    SLICE_X54Y104        CARRY4 (Prop_carry4_CI_CO[3])
                                                      0.117    29.374 r  vetrimodule/approxmd/linreg_plot/slope1_inferred__0/i___635/CO[3]
                         net (fo=1, routed)           0.000    29.374    vetrimodule/approxmd/linreg_plot/slope1_inferred__0/i___635_n_0
    SLICE_X54Y105        CARRY4 (Prop_carry4_CI_CO[3])
                                                      0.117    29.491 r  vetrimodule/approxmd/linreg_plot/slope1_inferred__0/i___636/CO[3]
                         net (fo=1, routed)           0.000    29.491    vetrimodule/approxmd/linreg_plot/slope1_inferred__0/i___636_n_0
    SLICE_X54Y106        CARRY4 (Prop_carry4_CI_CO[1])
                                                      0.157    29.648 r  vetrimodule/approxmd/linreg_plot/slope1_inferred__0/i___637/CO[1]
                         net (fo=29, routed)          1.088    30.736    vetrimodule/approxmd/linreg_plot/slope10_in[15]
    SLICE_X51Y97         LUT5 (Prop_lut5_I0_O)        0.332    31.068 r  vetrimodule/approxmd/linreg_plot/i___638_i_4/O
                         net (fo=1, routed)           0.000    31.068    vetrimodule/approxmd/linreg_plot/i___638_i_4_n_0
    SLICE_X51Y97         CARRY4 (Prop_carry4_S[1]_CO[3])
                                                      0.550    31.618 r  vetrimodule/approxmd/linreg_plot/slope1_inferred__0/i___638/CO[3]
                         net (fo=1, routed)           0.000    31.618    vetrimodule/approxmd/linreg_plot/slope1_inferred__0/i___638_n_0
    SLICE_X51Y98         CARRY4 (Prop_carry4_CI_CO[3])
                                                      0.114    31.732 r  vetrimodule/approxmd/linreg_plot/slope1_inferred__0/i___639/CO[3]
                         net (fo=1, routed)           0.000    31.732    vetrimodule/approxmd/linreg_plot/slope1_inferred__0/i___639_n_0
    SLICE_X51Y99         CARRY4 (Prop_carry4_CI_CO[3])
                                                      0.114    31.846 r  vetrimodule/approxmd/linreg_plot/slope1_inferred__0/i___640/CO[3]
                         net (fo=1, routed)           0.001    31.847    vetrimodule/approxmd/linreg_plot/slope1_inferred__0/i___640_n_0
    SLICE_X51Y100        CARRY4 (Prop_carry4_CI_CO[3])
                                                      0.114    31.961 r  vetrimodule/approxmd/linreg_plot/slope1_inferred__0/i___641/CO[3]
                         net (fo=1, routed)           0.000    31.961    vetrimodule/approxmd/linreg_plot/slope1_inferred__0/i___641_n_0
    SLICE_X51Y101        CARRY4 (Prop_carry4_CI_CO[3])
                                                      0.114    32.075 r  vetrimodule/approxmd/linreg_plot/slope1_inferred__0/i___642/CO[3]
                         net (fo=1, routed)           0.000    32.075    vetrimodule/approxmd/linreg_plot/slope1_inferred__0/i___642_n_0
    SLICE_X51Y102        CARRY4 (Prop_carry4_CI_CO[3])
                                                      0.114    32.189 r  vetrimodule/approxmd/linreg_plot/slope1_inferred__0/i___643/CO[3]
                         net (fo=1, routed)           0.000    32.189    vetrimodule/approxmd/linreg_plot/slope1_inferred__0/i___643_n_0
    SLICE_X51Y103        CARRY4 (Prop_carry4_CI_CO[1])
                                                      0.157    32.346 r  vetrimodule/approxmd/linreg_plot/slope1_inferred__0/i___644/CO[1]
                         net (fo=29, routed)          1.041    33.387    vetrimodule/approxmd/linreg_plot/slope10_in[14]
    SLICE_X52Y95         LUT5 (Prop_lut5_I0_O)        0.329    33.716 r  vetrimodule/approxmd/linreg_plot/i___645_i_4/O
                         net (fo=1, routed)           0.000    33.716    vetrimodule/approxmd/linreg_plot/i___645_i_4_n_0
    SLICE_X52Y95         CARRY4 (Prop_carry4_S[1]_CO[3])
                                                      0.533    34.249 r  vetrimodule/approxmd/linreg_plot/slope1_inferred__0/i___645/CO[3]
                         net (fo=1, routed)           0.000    34.249    vetrimodule/approxmd/linreg_plot/slope1_inferred__0/i___645_n_0
    SLICE_X52Y96         CARRY4 (Prop_carry4_CI_CO[3])
                                                      0.117    34.366 r  vetrimodule/approxmd/linreg_plot/slope1_inferred__0/i___646/CO[3]
                         net (fo=1, routed)           0.000    34.366    vetrimodule/approxmd/linreg_plot/slope1_inferred__0/i___646_n_0
    SLICE_X52Y97         CARRY4 (Prop_carry4_CI_CO[3])
                                                      0.117    34.483 r  vetrimodule/approxmd/linreg_plot/slope1_inferred__0/i___647/CO[3]
                         net (fo=1, routed)           0.000    34.483    vetrimodule/approxmd/linreg_plot/slope1_inferred__0/i___647_n_0
    SLICE_X52Y98         CARRY4 (Prop_carry4_CI_CO[3])
                                                      0.117    34.600 r  vetrimodule/approxmd/linreg_plot/slope1_inferred__0/i___648/CO[3]
                         net (fo=1, routed)           0.000    34.600    vetrimodule/approxmd/linreg_plot/slope1_inferred__0/i___648_n_0
    SLICE_X52Y99         CARRY4 (Prop_carry4_CI_CO[3])
                                                      0.117    34.717 r  vetrimodule/approxmd/linreg_plot/slope1_inferred__0/i___649/CO[3]
                         net (fo=1, routed)           0.001    34.718    vetrimodule/approxmd/linreg_plot/slope1_inferred__0/i___649_n_0
    SLICE_X52Y100        CARRY4 (Prop_carry4_CI_CO[3])
                                                      0.117    34.835 r  vetrimodule/approxmd/linreg_plot/slope1_inferred__0/i___650/CO[3]
                         net (fo=1, routed)           0.000    34.835    vetrimodule/approxmd/linreg_plot/slope1_inferred__0/i___650_n_0
    SLICE_X52Y101        CARRY4 (Prop_carry4_CI_CO[1])
                                                      0.157    34.992 r  vetrimodule/approxmd/linreg_plot/slope1_inferred__0/i___651/CO[1]
                         net (fo=29, routed)          0.819    35.811    vetrimodule/approxmd/linreg_plot/slope10_in[13]
    SLICE_X53Y97         LUT5 (Prop_lut5_I0_O)        0.332    36.143 r  vetrimodule/approxmd/linreg_plot/i___652_i_4/O
                         net (fo=1, routed)           0.000    36.143    vetrimodule/approxmd/linreg_plot/i___652_i_4_n_0
    SLICE_X53Y97         CARRY4 (Prop_carry4_S[1]_CO[3])
                                                      0.550    36.693 r  vetrimodule/approxmd/linreg_plot/slope1_inferred__0/i___652/CO[3]
                         net (fo=1, routed)           0.000    36.693    vetrimodule/approxmd/linreg_plot/slope1_inferred__0/i___652_n_0
    SLICE_X53Y98         CARRY4 (Prop_carry4_CI_CO[3])
                                                      0.114    36.807 r  vetrimodule/approxmd/linreg_plot/slope1_inferred__0/i___653/CO[3]
                         net (fo=1, routed)           0.000    36.807    vetrimodule/approxmd/linreg_plot/slope1_inferred__0/i___653_n_0
    SLICE_X53Y99         CARRY4 (Prop_carry4_CI_CO[3])
                                                      0.114    36.921 r  vetrimodule/approxmd/linreg_plot/slope1_inferred__0/i___654/CO[3]
                         net (fo=1, routed)           0.001    36.921    vetrimodule/approxmd/linreg_plot/slope1_inferred__0/i___654_n_0
    SLICE_X53Y100        CARRY4 (Prop_carry4_CI_CO[3])
                                                      0.114    37.035 r  vetrimodule/approxmd/linreg_plot/slope1_inferred__0/i___655/CO[3]
                         net (fo=1, routed)           0.000    37.035    vetrimodule/approxmd/linreg_plot/slope1_inferred__0/i___655_n_0
    SLICE_X53Y101        CARRY4 (Prop_carry4_CI_CO[3])
                                                      0.114    37.149 r  vetrimodule/approxmd/linreg_plot/slope1_inferred__0/i___656/CO[3]
                         net (fo=1, routed)           0.000    37.149    vetrimodule/approxmd/linreg_plot/slope1_inferred__0/i___656_n_0
    SLICE_X53Y102        CARRY4 (Prop_carry4_CI_CO[3])
                                                      0.114    37.263 r  vetrimodule/approxmd/linreg_plot/slope1_inferred__0/i___657/CO[3]
                         net (fo=1, routed)           0.000    37.263    vetrimodule/approxmd/linreg_plot/slope1_inferred__0/i___657_n_0
    SLICE_X53Y103        CARRY4 (Prop_carry4_CI_CO[1])
                                                      0.157    37.420 r  vetrimodule/approxmd/linreg_plot/slope1_inferred__0/i___658/CO[1]
                         net (fo=29, routed)          0.672    38.093    vetrimodule/approxmd/linreg_plot/slope10_in[12]
    SLICE_X48Y105        LUT5 (Prop_lut5_I0_O)        0.329    38.422 r  vetrimodule/approxmd/linreg_plot/i___660_i_3/O
                         net (fo=1, routed)           0.000    38.422    vetrimodule/approxmd/linreg_plot/i___660_i_3_n_0
    SLICE_X48Y105        CARRY4 (Prop_carry4_S[1]_CO[3])
                                                      0.550    38.972 r  vetrimodule/approxmd/linreg_plot/slope1_inferred__0/i___660/CO[3]
                         net (fo=1, routed)           0.000    38.972    vetrimodule/approxmd/linreg_plot/slope1_inferred__0/i___660_n_0
    SLICE_X48Y106        CARRY4 (Prop_carry4_CI_CO[3])
                                                      0.114    39.086 r  vetrimodule/approxmd/linreg_plot/slope1_inferred__0/i___661/CO[3]
                         net (fo=1, routed)           0.000    39.086    vetrimodule/approxmd/linreg_plot/slope1_inferred__0/i___661_n_0
    SLICE_X48Y107        CARRY4 (Prop_carry4_CI_CO[3])
                                                      0.114    39.200 r  vetrimodule/approxmd/linreg_plot/slope1_inferred__0/i___662/CO[3]
                         net (fo=1, routed)           0.000    39.200    vetrimodule/approxmd/linreg_plot/slope1_inferred__0/i___662_n_0
    SLICE_X48Y108        CARRY4 (Prop_carry4_CI_CO[3])
                                                      0.114    39.314 r  vetrimodule/approxmd/linreg_plot/slope1_inferred__0/i___663/CO[3]
                         net (fo=1, routed)           0.000    39.314    vetrimodule/approxmd/linreg_plot/slope1_inferred__0/i___663_n_0
    SLICE_X48Y109        CARRY4 (Prop_carry4_CI_CO[3])
                                                      0.114    39.428 r  vetrimodule/approxmd/linreg_plot/slope1_inferred__0/i___664/CO[3]
                         net (fo=1, routed)           0.000    39.428    vetrimodule/approxmd/linreg_plot/slope1_inferred__0/i___664_n_0
    SLICE_X48Y110        CARRY4 (Prop_carry4_CI_CO[1])
                                                      0.157    39.585 r  vetrimodule/approxmd/linreg_plot/slope1_inferred__0/i___665/CO[1]
                         net (fo=29, routed)          0.774    40.358    vetrimodule/approxmd/linreg_plot/slope10_in[11]
    SLICE_X51Y105        LUT3 (Prop_lut3_I0_O)        0.329    40.687 r  vetrimodule/approxmd/linreg_plot/i___666_i_3/O
                         net (fo=1, routed)           0.000    40.687    vetrimodule/approxmd/linreg_plot/i___666_i_3_n_0
    SLICE_X51Y105        CARRY4 (Prop_carry4_S[1]_CO[3])
                                                      0.550    41.237 r  vetrimodule/approxmd/linreg_plot/slope1_inferred__0/i___666/CO[3]
                         net (fo=1, routed)           0.000    41.237    vetrimodule/approxmd/linreg_plot/slope1_inferred__0/i___666_n_0
    SLICE_X51Y106        CARRY4 (Prop_carry4_CI_CO[3])
                                                      0.114    41.351 r  vetrimodule/approxmd/linreg_plot/slope1_inferred__0/i___667/CO[3]
                         net (fo=1, routed)           0.000    41.351    vetrimodule/approxmd/linreg_plot/slope1_inferred__0/i___667_n_0
    SLICE_X51Y107        CARRY4 (Prop_carry4_CI_CO[3])
                                                      0.114    41.465 r  vetrimodule/approxmd/linreg_plot/slope1_inferred__0/i___668/CO[3]
                         net (fo=1, routed)           0.000    41.465    vetrimodule/approxmd/linreg_plot/slope1_inferred__0/i___668_n_0
    SLICE_X51Y108        CARRY4 (Prop_carry4_CI_CO[3])
                                                      0.114    41.579 r  vetrimodule/approxmd/linreg_plot/slope1_inferred__0/i___669/CO[3]
                         net (fo=1, routed)           0.000    41.579    vetrimodule/approxmd/linreg_plot/slope1_inferred__0/i___669_n_0
    SLICE_X51Y109        CARRY4 (Prop_carry4_CI_CO[3])
                                                      0.114    41.693 r  vetrimodule/approxmd/linreg_plot/slope1_inferred__0/i___670/CO[3]
                         net (fo=1, routed)           0.000    41.693    vetrimodule/approxmd/linreg_plot/slope1_inferred__0/i___670_n_0
    SLICE_X51Y110        CARRY4 (Prop_carry4_CI_CO[3])
                                                      0.114    41.807 r  vetrimodule/approxmd/linreg_plot/slope1_inferred__0/i___671/CO[3]
                         net (fo=1, routed)           0.000    41.807    vetrimodule/approxmd/linreg_plot/slope1_inferred__0/i___671_n_0
    SLICE_X51Y111        CARRY4 (Prop_carry4_CI_CO[1])
                                                      0.157    41.964 r  vetrimodule/approxmd/linreg_plot/slope1_inferred__0/i___672/CO[1]
                         net (fo=30, routed)          0.888    42.853    vetrimodule/approxmd/linreg_plot/slope10_in[10]
    SLICE_X55Y106        LUT2 (Prop_lut2_I1_O)        0.329    43.182 r  vetrimodule/approxmd/linreg_plot/i___673_i_4/O
                         net (fo=1, routed)           0.000    43.182    vetrimodule/approxmd/linreg_plot/i___673_i_4_n_0
    SLICE_X55Y106        CARRY4 (Prop_carry4_S[1]_CO[3])
                                                      0.550    43.732 r  vetrimodule/approxmd/linreg_plot/slope1_inferred__0/i___673/CO[3]
                         net (fo=1, routed)           0.000    43.732    vetrimodule/approxmd/linreg_plot/slope1_inferred__0/i___673_n_0
    SLICE_X55Y107        CARRY4 (Prop_carry4_CI_CO[3])
                                                      0.114    43.846 r  vetrimodule/approxmd/linreg_plot/slope1_inferred__0/i___674/CO[3]
                         net (fo=1, routed)           0.000    43.846    vetrimodule/approxmd/linreg_plot/slope1_inferred__0/i___674_n_0
    SLICE_X55Y108        CARRY4 (Prop_carry4_CI_CO[3])
                                                      0.114    43.960 r  vetrimodule/approxmd/linreg_plot/slope1_inferred__0/i___675/CO[3]
                         net (fo=1, routed)           0.000    43.960    vetrimodule/approxmd/linreg_plot/slope1_inferred__0/i___675_n_0
    SLICE_X55Y109        CARRY4 (Prop_carry4_CI_CO[3])
                                                      0.114    44.074 r  vetrimodule/approxmd/linreg_plot/slope1_inferred__0/i___676/CO[3]
                         net (fo=1, routed)           0.000    44.074    vetrimodule/approxmd/linreg_plot/slope1_inferred__0/i___676_n_0
    SLICE_X55Y110        CARRY4 (Prop_carry4_CI_CO[3])
                                                      0.114    44.188 r  vetrimodule/approxmd/linreg_plot/slope1_inferred__0/i___677/CO[3]
                         net (fo=1, routed)           0.000    44.188    vetrimodule/approxmd/linreg_plot/slope1_inferred__0/i___677_n_0
    SLICE_X55Y111        CARRY4 (Prop_carry4_CI_CO[3])
                                                      0.114    44.302 r  vetrimodule/approxmd/linreg_plot/slope1_inferred__0/i___678/CO[3]
                         net (fo=1, routed)           0.000    44.302    vetrimodule/approxmd/linreg_plot/slope1_inferred__0/i___678_n_0
    SLICE_X55Y112        CARRY4 (Prop_carry4_CI_CO[1])
                                                      0.157    44.459 r  vetrimodule/approxmd/linreg_plot/slope1_inferred__0/i___679/CO[1]
                         net (fo=30, routed)          0.699    45.158    vetrimodule/approxmd/linreg_plot/slope10_in[9]
    SLICE_X54Y110        LUT2 (Prop_lut2_I1_O)        0.329    45.487 r  vetrimodule/approxmd/linreg_plot/i___680_i_4/O
                         net (fo=1, routed)           0.000    45.487    vetrimodule/approxmd/linreg_plot/i___680_i_4_n_0
    SLICE_X54Y110        CARRY4 (Prop_carry4_S[1]_CO[3])
                                                      0.533    46.020 r  vetrimodule/approxmd/linreg_plot/slope1_inferred__0/i___680/CO[3]
                         net (fo=1, routed)           0.000    46.020    vetrimodule/approxmd/linreg_plot/slope1_inferred__0/i___680_n_0
    SLICE_X54Y111        CARRY4 (Prop_carry4_CI_CO[3])
                                                      0.117    46.137 r  vetrimodule/approxmd/linreg_plot/slope1_inferred__0/i___681/CO[3]
                         net (fo=1, routed)           0.000    46.137    vetrimodule/approxmd/linreg_plot/slope1_inferred__0/i___681_n_0
    SLICE_X54Y112        CARRY4 (Prop_carry4_CI_CO[3])
                                                      0.117    46.254 r  vetrimodule/approxmd/linreg_plot/slope1_inferred__0/i___682/CO[3]
                         net (fo=1, routed)           0.000    46.254    vetrimodule/approxmd/linreg_plot/slope1_inferred__0/i___682_n_0
    SLICE_X54Y113        CARRY4 (Prop_carry4_CI_CO[3])
                                                      0.117    46.371 r  vetrimodule/approxmd/linreg_plot/slope1_inferred__0/i___683/CO[3]
                         net (fo=1, routed)           0.000    46.371    vetrimodule/approxmd/linreg_plot/slope1_inferred__0/i___683_n_0
    SLICE_X54Y114        CARRY4 (Prop_carry4_CI_CO[3])
                                                      0.117    46.488 r  vetrimodule/approxmd/linreg_plot/slope1_inferred__0/i___684/CO[3]
                         net (fo=1, routed)           0.000    46.488    vetrimodule/approxmd/linreg_plot/slope1_inferred__0/i___684_n_0
    SLICE_X54Y115        CARRY4 (Prop_carry4_CI_CO[3])
                                                      0.117    46.605 r  vetrimodule/approxmd/linreg_plot/slope1_inferred__0/i___685/CO[3]
                         net (fo=1, routed)           0.000    46.605    vetrimodule/approxmd/linreg_plot/slope1_inferred__0/i___685_n_0
    SLICE_X54Y116        CARRY4 (Prop_carry4_CI_CO[1])
                                                      0.157    46.762 r  vetrimodule/approxmd/linreg_plot/slope1_inferred__0/i___686/CO[1]
                         net (fo=30, routed)          1.067    47.829    vetrimodule/approxmd/linreg_plot/slope10_in[8]
    SLICE_X52Y109        CARRY4 (Prop_carry4_CYINIT_CO[3])
                                                      0.803    48.632 r  vetrimodule/approxmd/linreg_plot/slope1_inferred__0/i___687/CO[3]
                         net (fo=1, routed)           0.000    48.632    vetrimodule/approxmd/linreg_plot/slope1_inferred__0/i___687_n_0
    SLICE_X52Y110        CARRY4 (Prop_carry4_CI_CO[3])
                                                      0.117    48.749 r  vetrimodule/approxmd/linreg_plot/slope1_inferred__0/i___688/CO[3]
                         net (fo=1, routed)           0.000    48.749    vetrimodule/approxmd/linreg_plot/slope1_inferred__0/i___688_n_0
    SLICE_X52Y111        CARRY4 (Prop_carry4_CI_CO[3])
                                                      0.117    48.866 r  vetrimodule/approxmd/linreg_plot/slope1_inferred__0/i___689/CO[3]
                         net (fo=1, routed)           0.000    48.866    vetrimodule/approxmd/linreg_plot/slope1_inferred__0/i___689_n_0
    SLICE_X52Y112        CARRY4 (Prop_carry4_CI_CO[3])
                                                      0.117    48.983 r  vetrimodule/approxmd/linreg_plot/slope1_inferred__0/i___690/CO[3]
                         net (fo=1, routed)           0.000    48.983    vetrimodule/approxmd/linreg_plot/slope1_inferred__0/i___690_n_0
    SLICE_X52Y113        CARRY4 (Prop_carry4_CI_CO[3])
                                                      0.117    49.100 r  vetrimodule/approxmd/linreg_plot/slope1_inferred__0/i___691/CO[3]
                         net (fo=1, routed)           0.000    49.100    vetrimodule/approxmd/linreg_plot/slope1_inferred__0/i___691_n_0
    SLICE_X52Y114        CARRY4 (Prop_carry4_CI_CO[3])
                                                      0.117    49.217 r  vetrimodule/approxmd/linreg_plot/slope1_inferred__0/i___692/CO[3]
                         net (fo=1, routed)           0.000    49.217    vetrimodule/approxmd/linreg_plot/slope1_inferred__0/i___692_n_0
    SLICE_X52Y115        CARRY4 (Prop_carry4_CI_CO[1])
                                                      0.157    49.374 r  vetrimodule/approxmd/linreg_plot/slope1_inferred__0/i___693/CO[1]
                         net (fo=30, routed)          1.023    50.396    vetrimodule/approxmd/linreg_plot/slope10_in[7]
    SLICE_X53Y106        LUT2 (Prop_lut2_I1_O)        0.332    50.729 r  vetrimodule/approxmd/linreg_plot/i___694_i_4/O
                         net (fo=1, routed)           0.000    50.729    vetrimodule/approxmd/linreg_plot/i___694_i_4_n_0
    SLICE_X53Y106        CARRY4 (Prop_carry4_S[1]_CO[3])
                                                      0.550    51.278 r  vetrimodule/approxmd/linreg_plot/slope1_inferred__0/i___694/CO[3]
                         net (fo=1, routed)           0.000    51.278    vetrimodule/approxmd/linreg_plot/slope1_inferred__0/i___694_n_0
    SLICE_X53Y107        CARRY4 (Prop_carry4_CI_CO[3])
                                                      0.114    51.392 r  vetrimodule/approxmd/linreg_plot/slope1_inferred__0/i___695/CO[3]
                         net (fo=1, routed)           0.000    51.392    vetrimodule/approxmd/linreg_plot/slope1_inferred__0/i___695_n_0
    SLICE_X53Y108        CARRY4 (Prop_carry4_CI_CO[3])
                                                      0.114    51.506 r  vetrimodule/approxmd/linreg_plot/slope1_inferred__0/i___696/CO[3]
                         net (fo=1, routed)           0.000    51.506    vetrimodule/approxmd/linreg_plot/slope1_inferred__0/i___696_n_0
    SLICE_X53Y109        CARRY4 (Prop_carry4_CI_CO[3])
                                                      0.114    51.620 r  vetrimodule/approxmd/linreg_plot/slope1_inferred__0/i___697/CO[3]
                         net (fo=1, routed)           0.000    51.620    vetrimodule/approxmd/linreg_plot/slope1_inferred__0/i___697_n_0
    SLICE_X53Y110        CARRY4 (Prop_carry4_CI_CO[3])
                                                      0.114    51.734 r  vetrimodule/approxmd/linreg_plot/slope1_inferred__0/i___698/CO[3]
                         net (fo=1, routed)           0.000    51.734    vetrimodule/approxmd/linreg_plot/slope1_inferred__0/i___698_n_0
    SLICE_X53Y111        CARRY4 (Prop_carry4_CI_CO[3])
                                                      0.114    51.848 r  vetrimodule/approxmd/linreg_plot/slope1_inferred__0/i___699/CO[3]
                         net (fo=1, routed)           0.000    51.848    vetrimodule/approxmd/linreg_plot/slope1_inferred__0/i___699_n_0
    SLICE_X53Y112        CARRY4 (Prop_carry4_CI_CO[1])
                                                      0.157    52.005 r  vetrimodule/approxmd/linreg_plot/slope1_inferred__0/i___700/CO[1]
                         net (fo=30, routed)          0.679    52.684    vetrimodule/approxmd/linreg_plot/slope10_in[6]
    SLICE_X53Y114        LUT2 (Prop_lut2_I1_O)        0.329    53.013 r  vetrimodule/approxmd/linreg_plot/i___701_i_4/O
                         net (fo=1, routed)           0.000    53.013    vetrimodule/approxmd/linreg_plot/i___701_i_4_n_0
    SLICE_X53Y114        CARRY4 (Prop_carry4_S[1]_CO[3])
                                                      0.550    53.563 r  vetrimodule/approxmd/linreg_plot/slope1_inferred__0/i___701/CO[3]
                         net (fo=1, routed)           0.000    53.563    vetrimodule/approxmd/linreg_plot/slope1_inferred__0/i___701_n_0
    SLICE_X53Y115        CARRY4 (Prop_carry4_CI_CO[3])
                                                      0.114    53.677 r  vetrimodule/approxmd/linreg_plot/slope1_inferred__0/i___702/CO[3]
                         net (fo=1, routed)           0.000    53.677    vetrimodule/approxmd/linreg_plot/slope1_inferred__0/i___702_n_0
    SLICE_X53Y116        CARRY4 (Prop_carry4_CI_CO[3])
                                                      0.114    53.791 r  vetrimodule/approxmd/linreg_plot/slope1_inferred__0/i___703/CO[3]
                         net (fo=1, routed)           0.000    53.791    vetrimodule/approxmd/linreg_plot/slope1_inferred__0/i___703_n_0
    SLICE_X53Y117        CARRY4 (Prop_carry4_CI_CO[3])
                                                      0.114    53.905 r  vetrimodule/approxmd/linreg_plot/slope1_inferred__0/i___704/CO[3]
                         net (fo=1, routed)           0.000    53.905    vetrimodule/approxmd/linreg_plot/slope1_inferred__0/i___704_n_0
    SLICE_X53Y118        CARRY4 (Prop_carry4_CI_CO[3])
                                                      0.114    54.019 r  vetrimodule/approxmd/linreg_plot/slope1_inferred__0/i___705/CO[3]
                         net (fo=1, routed)           0.000    54.019    vetrimodule/approxmd/linreg_plot/slope1_inferred__0/i___705_n_0
    SLICE_X53Y119        CARRY4 (Prop_carry4_CI_CO[3])
                                                      0.114    54.133 r  vetrimodule/approxmd/linreg_plot/slope1_inferred__0/i___706/CO[3]
                         net (fo=1, routed)           0.000    54.133    vetrimodule/approxmd/linreg_plot/slope1_inferred__0/i___706_n_0
    SLICE_X53Y120        CARRY4 (Prop_carry4_CI_CO[1])
                                                      0.157    54.290 r  vetrimodule/approxmd/linreg_plot/slope1_inferred__0/i___707/CO[1]
                         net (fo=30, routed)          0.883    55.174    vetrimodule/approxmd/linreg_plot/slope10_in[5]
    SLICE_X52Y117        LUT2 (Prop_lut2_I1_O)        0.329    55.503 r  vetrimodule/approxmd/linreg_plot/i___708_i_4/O
                         net (fo=1, routed)           0.000    55.503    vetrimodule/approxmd/linreg_plot/i___708_i_4_n_0
    SLICE_X52Y117        CARRY4 (Prop_carry4_S[1]_CO[3])
                                                      0.533    56.036 r  vetrimodule/approxmd/linreg_plot/slope1_inferred__0/i___708/CO[3]
                         net (fo=1, routed)           0.000    56.036    vetrimodule/approxmd/linreg_plot/slope1_inferred__0/i___708_n_0
    SLICE_X52Y118        CARRY4 (Prop_carry4_CI_CO[3])
                                                      0.117    56.153 r  vetrimodule/approxmd/linreg_plot/slope1_inferred__0/i___709/CO[3]
                         net (fo=1, routed)           0.000    56.153    vetrimodule/approxmd/linreg_plot/slope1_inferred__0/i___709_n_0
    SLICE_X52Y119        CARRY4 (Prop_carry4_CI_CO[3])
                                                      0.117    56.270 r  vetrimodule/approxmd/linreg_plot/slope1_inferred__0/i___710/CO[3]
                         net (fo=1, routed)           0.000    56.270    vetrimodule/approxmd/linreg_plot/slope1_inferred__0/i___710_n_0
    SLICE_X52Y120        CARRY4 (Prop_carry4_CI_CO[3])
                                                      0.117    56.387 r  vetrimodule/approxmd/linreg_plot/slope1_inferred__0/i___711/CO[3]
                         net (fo=1, routed)           0.000    56.387    vetrimodule/approxmd/linreg_plot/slope1_inferred__0/i___711_n_0
    SLICE_X52Y121        CARRY4 (Prop_carry4_CI_CO[3])
                                                      0.117    56.504 r  vetrimodule/approxmd/linreg_plot/slope1_inferred__0/i___712/CO[3]
                         net (fo=1, routed)           0.000    56.504    vetrimodule/approxmd/linreg_plot/slope1_inferred__0/i___712_n_0
    SLICE_X52Y122        CARRY4 (Prop_carry4_CI_CO[3])
                                                      0.117    56.621 r  vetrimodule/approxmd/linreg_plot/slope1_inferred__0/i___713/CO[3]
                         net (fo=1, routed)           0.000    56.621    vetrimodule/approxmd/linreg_plot/slope1_inferred__0/i___713_n_0
    SLICE_X52Y123        CARRY4 (Prop_carry4_CI_CO[1])
                                                      0.157    56.778 r  vetrimodule/approxmd/linreg_plot/slope1_inferred__0/i___714/CO[1]
                         net (fo=30, routed)          0.940    57.718    vetrimodule/approxmd/linreg_plot/slope10_in[4]
    SLICE_X50Y118        LUT2 (Prop_lut2_I1_O)        0.332    58.050 r  vetrimodule/approxmd/linreg_plot/i___715_i_4/O
                         net (fo=1, routed)           0.000    58.050    vetrimodule/approxmd/linreg_plot/i___715_i_4_n_0
    SLICE_X50Y118        CARRY4 (Prop_carry4_S[1]_CO[3])
                                                      0.533    58.583 r  vetrimodule/approxmd/linreg_plot/slope1_inferred__0/i___715/CO[3]
                         net (fo=1, routed)           0.000    58.583    vetrimodule/approxmd/linreg_plot/slope1_inferred__0/i___715_n_0
    SLICE_X50Y119        CARRY4 (Prop_carry4_CI_CO[3])
                                                      0.117    58.700 r  vetrimodule/approxmd/linreg_plot/slope1_inferred__0/i___716/CO[3]
                         net (fo=1, routed)           0.000    58.700    vetrimodule/approxmd/linreg_plot/slope1_inferred__0/i___716_n_0
    SLICE_X50Y120        CARRY4 (Prop_carry4_CI_CO[3])
                                                      0.117    58.817 r  vetrimodule/approxmd/linreg_plot/slope1_inferred__0/i___717/CO[3]
                         net (fo=1, routed)           0.000    58.817    vetrimodule/approxmd/linreg_plot/slope1_inferred__0/i___717_n_0
    SLICE_X50Y121        CARRY4 (Prop_carry4_CI_CO[3])
                                                      0.117    58.934 r  vetrimodule/approxmd/linreg_plot/slope1_inferred__0/i___718/CO[3]
                         net (fo=1, routed)           0.000    58.934    vetrimodule/approxmd/linreg_plot/slope1_inferred__0/i___718_n_0
    SLICE_X50Y122        CARRY4 (Prop_carry4_CI_CO[3])
                                                      0.117    59.051 r  vetrimodule/approxmd/linreg_plot/slope1_inferred__0/i___719/CO[3]
                         net (fo=1, routed)           0.000    59.051    vetrimodule/approxmd/linreg_plot/slope1_inferred__0/i___719_n_0
    SLICE_X50Y123        CARRY4 (Prop_carry4_CI_CO[3])
                                                      0.117    59.168 r  vetrimodule/approxmd/linreg_plot/slope1_inferred__0/i___720/CO[3]
                         net (fo=1, routed)           0.000    59.168    vetrimodule/approxmd/linreg_plot/slope1_inferred__0/i___720_n_0
    SLICE_X50Y124        CARRY4 (Prop_carry4_CI_CO[1])
                                                      0.157    59.325 r  vetrimodule/approxmd/linreg_plot/slope1_inferred__0/i___721/CO[1]
                         net (fo=30, routed)          1.042    60.366    vetrimodule/approxmd/linreg_plot/slope10_in[3]
    SLICE_X56Y119        LUT2 (Prop_lut2_I1_O)        0.332    60.698 r  vetrimodule/approxmd/linreg_plot/i___722_i_4/O
                         net (fo=1, routed)           0.000    60.698    vetrimodule/approxmd/linreg_plot/i___722_i_4_n_0
    SLICE_X56Y119        CARRY4 (Prop_carry4_S[1]_CO[3])
                                                      0.533    61.231 r  vetrimodule/approxmd/linreg_plot/slope1_inferred__0/i___722/CO[3]
                         net (fo=1, routed)           0.000    61.231    vetrimodule/approxmd/linreg_plot/slope1_inferred__0/i___722_n_0
    SLICE_X56Y120        CARRY4 (Prop_carry4_CI_CO[3])
                                                      0.117    61.348 r  vetrimodule/approxmd/linreg_plot/slope1_inferred__0/i___723/CO[3]
                         net (fo=1, routed)           0.000    61.348    vetrimodule/approxmd/linreg_plot/slope1_inferred__0/i___723_n_0
    SLICE_X56Y121        CARRY4 (Prop_carry4_CI_CO[3])
                                                      0.117    61.465 r  vetrimodule/approxmd/linreg_plot/slope1_inferred__0/i___724/CO[3]
                         net (fo=1, routed)           0.000    61.465    vetrimodule/approxmd/linreg_plot/slope1_inferred__0/i___724_n_0
    SLICE_X56Y122        CARRY4 (Prop_carry4_CI_CO[3])
                                                      0.117    61.582 r  vetrimodule/approxmd/linreg_plot/slope1_inferred__0/i___725/CO[3]
                         net (fo=1, routed)           0.000    61.582    vetrimodule/approxmd/linreg_plot/slope1_inferred__0/i___725_n_0
    SLICE_X56Y123        CARRY4 (Prop_carry4_CI_CO[3])
                                                      0.117    61.699 r  vetrimodule/approxmd/linreg_plot/slope1_inferred__0/i___726/CO[3]
                         net (fo=1, routed)           0.000    61.699    vetrimodule/approxmd/linreg_plot/slope1_inferred__0/i___726_n_0
    SLICE_X56Y124        CARRY4 (Prop_carry4_CI_CO[3])
                                                      0.117    61.816 r  vetrimodule/approxmd/linreg_plot/slope1_inferred__0/i___727/CO[3]
                         net (fo=1, routed)           0.009    61.825    vetrimodule/approxmd/linreg_plot/slope1_inferred__0/i___727_n_0
    SLICE_X56Y125        CARRY4 (Prop_carry4_CI_CO[1])
                                                      0.157    61.982 r  vetrimodule/approxmd/linreg_plot/slope1_inferred__0/i___728/CO[1]
                         net (fo=30, routed)          0.945    62.928    vetrimodule/approxmd/linreg_plot/slope10_in[2]
    SLICE_X57Y118        LUT2 (Prop_lut2_I1_O)        0.332    63.260 r  vetrimodule/approxmd/linreg_plot/i___729_i_4/O
                         net (fo=1, routed)           0.000    63.260    vetrimodule/approxmd/linreg_plot/i___729_i_4_n_0
    SLICE_X57Y118        CARRY4 (Prop_carry4_S[1]_CO[3])
                                                      0.550    63.810 r  vetrimodule/approxmd/linreg_plot/slope1_inferred__0/i___729/CO[3]
                         net (fo=1, routed)           0.000    63.810    vetrimodule/approxmd/linreg_plot/slope1_inferred__0/i___729_n_0
    SLICE_X57Y119        CARRY4 (Prop_carry4_CI_CO[3])
                                                      0.114    63.924 r  vetrimodule/approxmd/linreg_plot/slope1_inferred__0/i___730/CO[3]
                         net (fo=1, routed)           0.000    63.924    vetrimodule/approxmd/linreg_plot/slope1_inferred__0/i___730_n_0
    SLICE_X57Y120        CARRY4 (Prop_carry4_CI_CO[3])
                                                      0.114    64.038 r  vetrimodule/approxmd/linreg_plot/slope1_inferred__0/i___731/CO[3]
                         net (fo=1, routed)           0.000    64.038    vetrimodule/approxmd/linreg_plot/slope1_inferred__0/i___731_n_0
    SLICE_X57Y121        CARRY4 (Prop_carry4_CI_CO[3])
                                                      0.114    64.152 r  vetrimodule/approxmd/linreg_plot/slope1_inferred__0/i___732/CO[3]
                         net (fo=1, routed)           0.000    64.152    vetrimodule/approxmd/linreg_plot/slope1_inferred__0/i___732_n_0
    SLICE_X57Y122        CARRY4 (Prop_carry4_CI_CO[3])
                                                      0.114    64.266 r  vetrimodule/approxmd/linreg_plot/slope1_inferred__0/i___733/CO[3]
                         net (fo=1, routed)           0.000    64.266    vetrimodule/approxmd/linreg_plot/slope1_inferred__0/i___733_n_0
    SLICE_X57Y123        CARRY4 (Prop_carry4_CI_CO[3])
                                                      0.114    64.380 r  vetrimodule/approxmd/linreg_plot/slope1_inferred__0/i___734/CO[3]
                         net (fo=1, routed)           0.000    64.380    vetrimodule/approxmd/linreg_plot/slope1_inferred__0/i___734_n_0
    SLICE_X57Y124        CARRY4 (Prop_carry4_CI_CO[1])
                                                      0.157    64.537 r  vetrimodule/approxmd/linreg_plot/slope1_inferred__0/i___735/CO[1]
                         net (fo=30, routed)          0.921    65.458    vetrimodule/approxmd/linreg_plot/slope10_in[1]
    SLICE_X55Y118        LUT2 (Prop_lut2_I1_O)        0.329    65.787 r  vetrimodule/approxmd/linreg_plot/i___736_i_5/O
                         net (fo=1, routed)           0.000    65.787    vetrimodule/approxmd/linreg_plot/i___736_i_5_n_0
    SLICE_X55Y118        CARRY4 (Prop_carry4_S[0]_CO[3])
                                                      0.532    66.319 r  vetrimodule/approxmd/linreg_plot/slope1_inferred__0/i___736/CO[3]
                         net (fo=1, routed)           0.000    66.319    vetrimodule/approxmd/linreg_plot/slope1_inferred__0/i___736_n_0
    SLICE_X55Y119        CARRY4 (Prop_carry4_CI_CO[3])
                                                      0.114    66.433 r  vetrimodule/approxmd/linreg_plot/slope1_inferred__0/i___737/CO[3]
                         net (fo=1, routed)           0.000    66.433    vetrimodule/approxmd/linreg_plot/slope1_inferred__0/i___737_n_0
    SLICE_X55Y120        CARRY4 (Prop_carry4_CI_CO[3])
                                                      0.114    66.547 r  vetrimodule/approxmd/linreg_plot/slope1_inferred__0/i___738/CO[3]
                         net (fo=1, routed)           0.000    66.547    vetrimodule/approxmd/linreg_plot/slope1_inferred__0/i___738_n_0
    SLICE_X55Y121        CARRY4 (Prop_carry4_CI_CO[3])
                                                      0.114    66.661 r  vetrimodule/approxmd/linreg_plot/slope1_inferred__0/i___739/CO[3]
                         net (fo=1, routed)           0.000    66.661    vetrimodule/approxmd/linreg_plot/slope1_inferred__0/i___739_n_0
    SLICE_X55Y122        CARRY4 (Prop_carry4_CI_CO[3])
                                                      0.114    66.775 r  vetrimodule/approxmd/linreg_plot/slope1_inferred__0/i___740/CO[3]
                         net (fo=1, routed)           0.000    66.775    vetrimodule/approxmd/linreg_plot/slope1_inferred__0/i___740_n_0
    SLICE_X55Y123        CARRY4 (Prop_carry4_CI_CO[3])
                                                      0.114    66.889 r  vetrimodule/approxmd/linreg_plot/slope1_inferred__0/i___741/CO[3]
                         net (fo=1, routed)           0.000    66.889    vetrimodule/approxmd/linreg_plot/slope1_inferred__0/i___741_n_0
    SLICE_X55Y124        CARRY4 (Prop_carry4_CI_CO[0])
                                                      0.271    67.160 f  vetrimodule/approxmd/linreg_plot/slope1_inferred__0/i___742/CO[0]
                         net (fo=2, routed)           0.369    67.529    vetrimodule/approxmd/linreg_plot/slope10_in[0]
    SLICE_X57Y125        LUT1 (Prop_lut1_I0_O)        0.373    67.902 r  vetrimodule/approxmd/linreg_plot/slope[4]_i_3/O
                         net (fo=1, routed)           0.384    68.286    vetrimodule/approxmd/linreg_plot/slope[4]_i_3_n_0
    SLICE_X54Y124        CARRY4 (Prop_carry4_CYINIT_CO[3])
                                                      0.595    68.881 r  vetrimodule/approxmd/linreg_plot/slope_reg[4]_i_2/CO[3]
                         net (fo=1, routed)           0.009    68.890    vetrimodule/approxmd/linreg_plot/slope_reg[4]_i_2_n_0
    SLICE_X54Y125        CARRY4 (Prop_carry4_CI_CO[3])
                                                      0.117    69.007 r  vetrimodule/approxmd/linreg_plot/slope_reg[8]_i_2/CO[3]
                         net (fo=1, routed)           0.000    69.007    vetrimodule/approxmd/linreg_plot/slope_reg[8]_i_2_n_0
    SLICE_X54Y126        CARRY4 (Prop_carry4_CI_O[0])
                                                      0.219    69.226 r  vetrimodule/approxmd/linreg_plot/slope_reg[12]_i_2/O[0]
                         net (fo=1, routed)           0.617    69.843    vetrimodule/approxmd/linreg_plot/slope1[9]
    SLICE_X56Y130        LUT5 (Prop_lut5_I4_O)        0.295    70.138 r  vetrimodule/approxmd/linreg_plot/slope[9]_i_1/O
                         net (fo=1, routed)           0.000    70.138    vetrimodule/approxmd/linreg_plot/slope[9]
    SLICE_X56Y130        FDCE                                         r  vetrimodule/approxmd/linreg_plot/slope_reg[9]/D
  -------------------------------------------------------------------    -------------------

                         (clock sys_clk_pin rise edge)
                                                     10.000    10.000 r  
    W5                                                0.000    10.000 r  CLOCK (IN)
                         net (fo=0)                   0.000    10.000    CLOCK
    W5                   IBUF (Prop_ibuf_I_O)         1.388    11.388 r  CLOCK_IBUF_inst/O
                         net (fo=1, routed)           1.862    13.250    CLOCK_IBUF
    BUFGCTRL_X0Y0        BUFG (Prop_bufg_I_O)         0.091    13.341 r  CLOCK_IBUF_BUFG_inst/O
                         net (fo=4568, routed)        1.602    14.943    vetrimodule/approxmd/linreg_plot/CLOCK_IBUF_BUFG
    SLICE_X56Y130        FDCE                                         r  vetrimodule/approxmd/linreg_plot/slope_reg[9]/C
                         clock pessimism              0.187    15.130    
                         clock uncertainty           -0.035    15.095    
    SLICE_X56Y130        FDCE (Setup_fdce_C_D)        0.077    15.172    vetrimodule/approxmd/linreg_plot/slope_reg[9]
  -------------------------------------------------------------------
                         required time                         15.172    
                         arrival time                         -70.138    
  -------------------------------------------------------------------
                         slack                                -54.967    

Slack (VIOLATED) :        -54.956ns  (required time - arrival time)
  Source:                 vetrimodule/approxmd/linreg_plot/temp2_reg[0]/C
                            (rising edge-triggered cell FDCE clocked by sys_clk_pin  {rise@0.000ns fall@5.000ns period=10.000ns})
  Destination:            vetrimodule/approxmd/linreg_plot/slope_reg[12]/D
                            (rising edge-triggered cell FDCE clocked by sys_clk_pin  {rise@0.000ns fall@5.000ns period=10.000ns})
  Path Group:             sys_clk_pin
  Path Type:              Setup (Max at Slow Process Corner)
  Requirement:            10.000ns  (sys_clk_pin rise@10.000ns - sys_clk_pin rise@0.000ns)
  Data Path Delay:        64.987ns  (logic 41.700ns (64.167%)  route 23.287ns (35.833%))
  Logic Levels:           197  (CARRY4=171 LUT1=2 LUT2=10 LUT3=1 LUT4=1 LUT5=12)
  Clock Path Skew:        -0.013ns (DCD - SCD + CPR)
    Destination Clock Delay (DCD):    4.943ns = ( 14.943 - 10.000 ) 
    Source Clock Delay      (SCD):    5.143ns
    Clock Pessimism Removal (CPR):    0.187ns
  Clock Uncertainty:      0.035ns  ((TSJ^2 + TIJ^2)^1/2 + DJ) / 2 + PE
    Total System Jitter     (TSJ):    0.071ns
    Total Input Jitter      (TIJ):    0.000ns
    Discrete Jitter          (DJ):    0.000ns
    Phase Error              (PE):    0.000ns

    Location             Delay type                Incr(ns)  Path(ns)    Netlist Resource(s)
  -------------------------------------------------------------------    -------------------
                         (clock sys_clk_pin rise edge)
                                                      0.000     0.000 r  
    W5                                                0.000     0.000 r  CLOCK (IN)
                         net (fo=0)                   0.000     0.000    CLOCK
    W5                   IBUF (Prop_ibuf_I_O)         1.458     1.458 r  CLOCK_IBUF_inst/O
                         net (fo=1, routed)           1.967     3.425    CLOCK_IBUF
    BUFGCTRL_X0Y0        BUFG (Prop_bufg_I_O)         0.096     3.521 r  CLOCK_IBUF_BUFG_inst/O
                         net (fo=4568, routed)        1.622     5.143    vetrimodule/approxmd/linreg_plot/CLOCK_IBUF_BUFG
    SLICE_X58Y88         FDCE                                         r  vetrimodule/approxmd/linreg_plot/temp2_reg[0]/C
  -------------------------------------------------------------------    -------------------
    SLICE_X58Y88         FDCE (Prop_fdce_C_Q)         0.456     5.599 f  vetrimodule/approxmd/linreg_plot/temp2_reg[0]/Q
                         net (fo=36, routed)          0.301     5.900    vetrimodule/approxmd/linreg_plot/temp2[0]
    SLICE_X59Y88         LUT1 (Prop_lut1_I0_O)        0.124     6.024 r  vetrimodule/approxmd/linreg_plot/slope20_carry_i_1/O
                         net (fo=1, routed)           0.336     6.360    vetrimodule/approxmd/linreg_plot/slope20_carry_i_1_n_0
    SLICE_X58Y87         CARRY4 (Prop_carry4_CYINIT_CO[3])
                                                      0.580     6.940 r  vetrimodule/approxmd/linreg_plot/slope20_carry/CO[3]
                         net (fo=1, routed)           0.000     6.940    vetrimodule/approxmd/linreg_plot/slope20_carry_n_0
    SLICE_X58Y88         CARRY4 (Prop_carry4_CI_CO[3])
                                                      0.114     7.054 r  vetrimodule/approxmd/linreg_plot/slope20_carry__0/CO[3]
                         net (fo=1, routed)           0.000     7.054    vetrimodule/approxmd/linreg_plot/slope20_carry__0_n_0
    SLICE_X58Y89         CARRY4 (Prop_carry4_CI_CO[3])
                                                      0.114     7.168 r  vetrimodule/approxmd/linreg_plot/slope20_carry__1/CO[3]
                         net (fo=1, routed)           0.000     7.168    vetrimodule/approxmd/linreg_plot/slope20_carry__1_n_0
    SLICE_X58Y90         CARRY4 (Prop_carry4_CI_CO[0])
                                                      0.271     7.439 r  vetrimodule/approxmd/linreg_plot/i___578_i_9/CO[0]
                         net (fo=275, routed)         0.976     8.415    vetrimodule/approxmd/linreg_plot/i___578_i_9_n_3
    SLICE_X58Y94         LUT2 (Prop_lut2_I0_O)        0.373     8.788 r  vetrimodule/approxmd/linreg_plot/i___578_i_7/O
                         net (fo=1, routed)           0.000     8.788    vetrimodule/approxmd/linreg_plot/i___578_i_7_n_0
    SLICE_X58Y94         CARRY4 (Prop_carry4_S[1]_CO[3])
                                                      0.550     9.338 r  vetrimodule/approxmd/linreg_plot/slope1_inferred__0/i___578/CO[3]
                         net (fo=1, routed)           0.000     9.338    vetrimodule/approxmd/linreg_plot/slope1_inferred__0/i___578_n_0
    SLICE_X58Y95         CARRY4 (Prop_carry4_CI_CO[3])
                                                      0.114     9.452 r  vetrimodule/approxmd/linreg_plot/slope1_inferred__0/i___579/CO[3]
                         net (fo=1, routed)           0.000     9.452    vetrimodule/approxmd/linreg_plot/slope1_inferred__0/i___579_n_0
    SLICE_X58Y96         CARRY4 (Prop_carry4_CI_CO[3])
                                                      0.114     9.566 r  vetrimodule/approxmd/linreg_plot/slope1_inferred__0/i___580/CO[3]
                         net (fo=1, routed)           0.000     9.566    vetrimodule/approxmd/linreg_plot/slope1_inferred__0/i___580_n_0
    SLICE_X58Y97         CARRY4 (Prop_carry4_CI_CO[0])
                                                      0.271     9.837 r  vetrimodule/approxmd/linreg_plot/slope1_inferred__0/i___581/CO[0]
                         net (fo=27, routed)          0.923    10.760    vetrimodule/approxmd/linreg_plot/slope1_inferred__0/i___581_n_3
    SLICE_X59Y90         LUT4 (Prop_lut4_I0_O)        0.373    11.133 r  vetrimodule/approxmd/linreg_plot/i___582_i_4/O
                         net (fo=1, routed)           0.000    11.133    vetrimodule/approxmd/linreg_plot/i___582_i_4_n_0
    SLICE_X59Y90         CARRY4 (Prop_carry4_S[1]_CO[3])
                                                      0.550    11.683 r  vetrimodule/approxmd/linreg_plot/slope1_inferred__0/i___582/CO[3]
                         net (fo=1, routed)           0.000    11.683    vetrimodule/approxmd/linreg_plot/slope1_inferred__0/i___582_n_0
    SLICE_X59Y91         CARRY4 (Prop_carry4_CI_CO[3])
                                                      0.114    11.797 r  vetrimodule/approxmd/linreg_plot/slope1_inferred__0/i___583/CO[3]
                         net (fo=1, routed)           0.000    11.797    vetrimodule/approxmd/linreg_plot/slope1_inferred__0/i___583_n_0
    SLICE_X59Y92         CARRY4 (Prop_carry4_CI_CO[3])
                                                      0.114    11.911 r  vetrimodule/approxmd/linreg_plot/slope1_inferred__0/i___584/CO[3]
                         net (fo=1, routed)           0.000    11.911    vetrimodule/approxmd/linreg_plot/slope1_inferred__0/i___584_n_0
    SLICE_X59Y93         CARRY4 (Prop_carry4_CI_CO[3])
                                                      0.114    12.025 r  vetrimodule/approxmd/linreg_plot/slope1_inferred__0/i___585/CO[3]
                         net (fo=1, routed)           0.000    12.025    vetrimodule/approxmd/linreg_plot/slope1_inferred__0/i___585_n_0
    SLICE_X59Y94         CARRY4 (Prop_carry4_CI_CO[3])
                                                      0.114    12.139 r  vetrimodule/approxmd/linreg_plot/slope1_inferred__0/i___586/CO[3]
                         net (fo=1, routed)           0.000    12.139    vetrimodule/approxmd/linreg_plot/slope1_inferred__0/i___586_n_0
    SLICE_X59Y95         CARRY4 (Prop_carry4_CI_CO[3])
                                                      0.114    12.253 r  vetrimodule/approxmd/linreg_plot/slope1_inferred__0/i___587/CO[3]
                         net (fo=1, routed)           0.000    12.253    vetrimodule/approxmd/linreg_plot/slope1_inferred__0/i___587_n_0
    SLICE_X59Y96         CARRY4 (Prop_carry4_CI_CO[1])
                                                      0.157    12.410 r  vetrimodule/approxmd/linreg_plot/slope1_inferred__0/i___588/CO[1]
                         net (fo=27, routed)          1.093    13.502    vetrimodule/approxmd/linreg_plot/slope1_inferred__0/i___588_n_2
    SLICE_X57Y89         LUT5 (Prop_lut5_I0_O)        0.329    13.831 r  vetrimodule/approxmd/linreg_plot/i___589_i_4/O
                         net (fo=1, routed)           0.000    13.831    vetrimodule/approxmd/linreg_plot/i___589_i_4_n_0
    SLICE_X57Y89         CARRY4 (Prop_carry4_S[1]_CO[3])
                                                      0.550    14.381 r  vetrimodule/approxmd/linreg_plot/slope1_inferred__0/i___589/CO[3]
                         net (fo=1, routed)           0.000    14.381    vetrimodule/approxmd/linreg_plot/slope1_inferred__0/i___589_n_0
    SLICE_X57Y90         CARRY4 (Prop_carry4_CI_CO[3])
                                                      0.114    14.495 r  vetrimodule/approxmd/linreg_plot/slope1_inferred__0/i___590/CO[3]
                         net (fo=1, routed)           0.000    14.495    vetrimodule/approxmd/linreg_plot/slope1_inferred__0/i___590_n_0
    SLICE_X57Y91         CARRY4 (Prop_carry4_CI_CO[3])
                                                      0.114    14.609 r  vetrimodule/approxmd/linreg_plot/slope1_inferred__0/i___591/CO[3]
                         net (fo=1, routed)           0.000    14.609    vetrimodule/approxmd/linreg_plot/slope1_inferred__0/i___591_n_0
    SLICE_X57Y92         CARRY4 (Prop_carry4_CI_CO[3])
                                                      0.114    14.723 r  vetrimodule/approxmd/linreg_plot/slope1_inferred__0/i___592/CO[3]
                         net (fo=1, routed)           0.000    14.723    vetrimodule/approxmd/linreg_plot/slope1_inferred__0/i___592_n_0
    SLICE_X57Y93         CARRY4 (Prop_carry4_CI_CO[3])
                                                      0.114    14.837 r  vetrimodule/approxmd/linreg_plot/slope1_inferred__0/i___593/CO[3]
                         net (fo=1, routed)           0.000    14.837    vetrimodule/approxmd/linreg_plot/slope1_inferred__0/i___593_n_0
    SLICE_X57Y94         CARRY4 (Prop_carry4_CI_CO[3])
                                                      0.114    14.951 r  vetrimodule/approxmd/linreg_plot/slope1_inferred__0/i___594/CO[3]
                         net (fo=1, routed)           0.000    14.951    vetrimodule/approxmd/linreg_plot/slope1_inferred__0/i___594_n_0
    SLICE_X57Y95         CARRY4 (Prop_carry4_CI_CO[1])
                                                      0.157    15.108 r  vetrimodule/approxmd/linreg_plot/slope1_inferred__0/i___595/CO[1]
                         net (fo=29, routed)          1.030    16.138    vetrimodule/approxmd/linreg_plot/slope10_in[21]
    SLICE_X55Y87         LUT5 (Prop_lut5_I0_O)        0.329    16.467 r  vetrimodule/approxmd/linreg_plot/i___596_i_4/O
                         net (fo=1, routed)           0.000    16.467    vetrimodule/approxmd/linreg_plot/i___596_i_4_n_0
    SLICE_X55Y87         CARRY4 (Prop_carry4_S[1]_CO[3])
                                                      0.550    17.017 r  vetrimodule/approxmd/linreg_plot/slope1_inferred__0/i___596/CO[3]
                         net (fo=1, routed)           0.000    17.017    vetrimodule/approxmd/linreg_plot/slope1_inferred__0/i___596_n_0
    SLICE_X55Y88         CARRY4 (Prop_carry4_CI_CO[3])
                                                      0.114    17.131 r  vetrimodule/approxmd/linreg_plot/slope1_inferred__0/i___597/CO[3]
                         net (fo=1, routed)           0.000    17.131    vetrimodule/approxmd/linreg_plot/slope1_inferred__0/i___597_n_0
    SLICE_X55Y89         CARRY4 (Prop_carry4_CI_CO[3])
                                                      0.114    17.245 r  vetrimodule/approxmd/linreg_plot/slope1_inferred__0/i___598/CO[3]
                         net (fo=1, routed)           0.000    17.245    vetrimodule/approxmd/linreg_plot/slope1_inferred__0/i___598_n_0
    SLICE_X55Y90         CARRY4 (Prop_carry4_CI_CO[3])
                                                      0.114    17.359 r  vetrimodule/approxmd/linreg_plot/slope1_inferred__0/i___599/CO[3]
                         net (fo=1, routed)           0.000    17.359    vetrimodule/approxmd/linreg_plot/slope1_inferred__0/i___599_n_0
    SLICE_X55Y91         CARRY4 (Prop_carry4_CI_CO[3])
                                                      0.114    17.473 r  vetrimodule/approxmd/linreg_plot/slope1_inferred__0/i___600/CO[3]
                         net (fo=1, routed)           0.000    17.473    vetrimodule/approxmd/linreg_plot/slope1_inferred__0/i___600_n_0
    SLICE_X55Y92         CARRY4 (Prop_carry4_CI_CO[3])
                                                      0.114    17.587 r  vetrimodule/approxmd/linreg_plot/slope1_inferred__0/i___601/CO[3]
                         net (fo=1, routed)           0.000    17.587    vetrimodule/approxmd/linreg_plot/slope1_inferred__0/i___601_n_0
    SLICE_X55Y93         CARRY4 (Prop_carry4_CI_CO[1])
                                                      0.157    17.744 r  vetrimodule/approxmd/linreg_plot/slope1_inferred__0/i___602/CO[1]
                         net (fo=29, routed)          0.888    18.632    vetrimodule/approxmd/linreg_plot/slope10_in[20]
    SLICE_X54Y86         LUT5 (Prop_lut5_I0_O)        0.329    18.961 r  vetrimodule/approxmd/linreg_plot/i___603_i_4/O
                         net (fo=1, routed)           0.000    18.961    vetrimodule/approxmd/linreg_plot/i___603_i_4_n_0
    SLICE_X54Y86         CARRY4 (Prop_carry4_S[1]_CO[3])
                                                      0.533    19.494 r  vetrimodule/approxmd/linreg_plot/slope1_inferred__0/i___603/CO[3]
                         net (fo=1, routed)           0.000    19.494    vetrimodule/approxmd/linreg_plot/slope1_inferred__0/i___603_n_0
    SLICE_X54Y87         CARRY4 (Prop_carry4_CI_CO[3])
                                                      0.117    19.611 r  vetrimodule/approxmd/linreg_plot/slope1_inferred__0/i___604/CO[3]
                         net (fo=1, routed)           0.000    19.611    vetrimodule/approxmd/linreg_plot/slope1_inferred__0/i___604_n_0
    SLICE_X54Y88         CARRY4 (Prop_carry4_CI_CO[3])
                                                      0.117    19.728 r  vetrimodule/approxmd/linreg_plot/slope1_inferred__0/i___605/CO[3]
                         net (fo=1, routed)           0.000    19.728    vetrimodule/approxmd/linreg_plot/slope1_inferred__0/i___605_n_0
    SLICE_X54Y89         CARRY4 (Prop_carry4_CI_CO[3])
                                                      0.117    19.845 r  vetrimodule/approxmd/linreg_plot/slope1_inferred__0/i___606/CO[3]
                         net (fo=1, routed)           0.000    19.845    vetrimodule/approxmd/linreg_plot/slope1_inferred__0/i___606_n_0
    SLICE_X54Y90         CARRY4 (Prop_carry4_CI_CO[3])
                                                      0.117    19.962 r  vetrimodule/approxmd/linreg_plot/slope1_inferred__0/i___607/CO[3]
                         net (fo=1, routed)           0.000    19.962    vetrimodule/approxmd/linreg_plot/slope1_inferred__0/i___607_n_0
    SLICE_X54Y91         CARRY4 (Prop_carry4_CI_CO[3])
                                                      0.117    20.079 r  vetrimodule/approxmd/linreg_plot/slope1_inferred__0/i___608/CO[3]
                         net (fo=1, routed)           0.000    20.079    vetrimodule/approxmd/linreg_plot/slope1_inferred__0/i___608_n_0
    SLICE_X54Y92         CARRY4 (Prop_carry4_CI_CO[1])
                                                      0.157    20.236 r  vetrimodule/approxmd/linreg_plot/slope1_inferred__0/i___609/CO[1]
                         net (fo=29, routed)          0.666    20.902    vetrimodule/approxmd/linreg_plot/slope10_in[19]
    SLICE_X54Y93         LUT5 (Prop_lut5_I0_O)        0.332    21.234 r  vetrimodule/approxmd/linreg_plot/i___610_i_4/O
                         net (fo=1, routed)           0.000    21.234    vetrimodule/approxmd/linreg_plot/i___610_i_4_n_0
    SLICE_X54Y93         CARRY4 (Prop_carry4_S[1]_CO[3])
                                                      0.533    21.767 r  vetrimodule/approxmd/linreg_plot/slope1_inferred__0/i___610/CO[3]
                         net (fo=1, routed)           0.000    21.767    vetrimodule/approxmd/linreg_plot/slope1_inferred__0/i___610_n_0
    SLICE_X54Y94         CARRY4 (Prop_carry4_CI_CO[3])
                                                      0.117    21.884 r  vetrimodule/approxmd/linreg_plot/slope1_inferred__0/i___611/CO[3]
                         net (fo=1, routed)           0.000    21.884    vetrimodule/approxmd/linreg_plot/slope1_inferred__0/i___611_n_0
    SLICE_X54Y95         CARRY4 (Prop_carry4_CI_CO[3])
                                                      0.117    22.001 r  vetrimodule/approxmd/linreg_plot/slope1_inferred__0/i___612/CO[3]
                         net (fo=1, routed)           0.000    22.001    vetrimodule/approxmd/linreg_plot/slope1_inferred__0/i___612_n_0
    SLICE_X54Y96         CARRY4 (Prop_carry4_CI_CO[3])
                                                      0.117    22.118 r  vetrimodule/approxmd/linreg_plot/slope1_inferred__0/i___613/CO[3]
                         net (fo=1, routed)           0.000    22.118    vetrimodule/approxmd/linreg_plot/slope1_inferred__0/i___613_n_0
    SLICE_X54Y97         CARRY4 (Prop_carry4_CI_CO[3])
                                                      0.117    22.235 r  vetrimodule/approxmd/linreg_plot/slope1_inferred__0/i___614/CO[3]
                         net (fo=1, routed)           0.000    22.235    vetrimodule/approxmd/linreg_plot/slope1_inferred__0/i___614_n_0
    SLICE_X54Y98         CARRY4 (Prop_carry4_CI_CO[3])
                                                      0.117    22.352 r  vetrimodule/approxmd/linreg_plot/slope1_inferred__0/i___615/CO[3]
                         net (fo=1, routed)           0.000    22.352    vetrimodule/approxmd/linreg_plot/slope1_inferred__0/i___615_n_0
    SLICE_X54Y99         CARRY4 (Prop_carry4_CI_CO[1])
                                                      0.157    22.509 r  vetrimodule/approxmd/linreg_plot/slope1_inferred__0/i___616/CO[1]
                         net (fo=29, routed)          0.786    23.296    vetrimodule/approxmd/linreg_plot/slope10_in[18]
    SLICE_X56Y94         LUT5 (Prop_lut5_I0_O)        0.332    23.628 r  vetrimodule/approxmd/linreg_plot/i___617_i_4/O
                         net (fo=1, routed)           0.000    23.628    vetrimodule/approxmd/linreg_plot/i___617_i_4_n_0
    SLICE_X56Y94         CARRY4 (Prop_carry4_S[1]_CO[3])
                                                      0.533    24.161 r  vetrimodule/approxmd/linreg_plot/slope1_inferred__0/i___617/CO[3]
                         net (fo=1, routed)           0.000    24.161    vetrimodule/approxmd/linreg_plot/slope1_inferred__0/i___617_n_0
    SLICE_X56Y95         CARRY4 (Prop_carry4_CI_CO[3])
                                                      0.117    24.278 r  vetrimodule/approxmd/linreg_plot/slope1_inferred__0/i___618/CO[3]
                         net (fo=1, routed)           0.000    24.278    vetrimodule/approxmd/linreg_plot/slope1_inferred__0/i___618_n_0
    SLICE_X56Y96         CARRY4 (Prop_carry4_CI_CO[3])
                                                      0.117    24.395 r  vetrimodule/approxmd/linreg_plot/slope1_inferred__0/i___619/CO[3]
                         net (fo=1, routed)           0.000    24.395    vetrimodule/approxmd/linreg_plot/slope1_inferred__0/i___619_n_0
    SLICE_X56Y97         CARRY4 (Prop_carry4_CI_CO[3])
                                                      0.117    24.512 r  vetrimodule/approxmd/linreg_plot/slope1_inferred__0/i___620/CO[3]
                         net (fo=1, routed)           0.000    24.512    vetrimodule/approxmd/linreg_plot/slope1_inferred__0/i___620_n_0
    SLICE_X56Y98         CARRY4 (Prop_carry4_CI_CO[3])
                                                      0.117    24.629 r  vetrimodule/approxmd/linreg_plot/slope1_inferred__0/i___621/CO[3]
                         net (fo=1, routed)           0.000    24.629    vetrimodule/approxmd/linreg_plot/slope1_inferred__0/i___621_n_0
    SLICE_X56Y99         CARRY4 (Prop_carry4_CI_CO[3])
                                                      0.117    24.746 r  vetrimodule/approxmd/linreg_plot/slope1_inferred__0/i___622/CO[3]
                         net (fo=1, routed)           0.001    24.746    vetrimodule/approxmd/linreg_plot/slope1_inferred__0/i___622_n_0
    SLICE_X56Y100        CARRY4 (Prop_carry4_CI_CO[1])
                                                      0.157    24.903 r  vetrimodule/approxmd/linreg_plot/slope1_inferred__0/i___623/CO[1]
                         net (fo=29, routed)          0.864    25.767    vetrimodule/approxmd/linreg_plot/slope10_in[17]
    SLICE_X55Y95         LUT5 (Prop_lut5_I0_O)        0.332    26.099 r  vetrimodule/approxmd/linreg_plot/i___624_i_4/O
                         net (fo=1, routed)           0.000    26.099    vetrimodule/approxmd/linreg_plot/i___624_i_4_n_0
    SLICE_X55Y95         CARRY4 (Prop_carry4_S[1]_CO[3])
                                                      0.550    26.649 r  vetrimodule/approxmd/linreg_plot/slope1_inferred__0/i___624/CO[3]
                         net (fo=1, routed)           0.000    26.649    vetrimodule/approxmd/linreg_plot/slope1_inferred__0/i___624_n_0
    SLICE_X55Y96         CARRY4 (Prop_carry4_CI_CO[3])
                                                      0.114    26.763 r  vetrimodule/approxmd/linreg_plot/slope1_inferred__0/i___625/CO[3]
                         net (fo=1, routed)           0.000    26.763    vetrimodule/approxmd/linreg_plot/slope1_inferred__0/i___625_n_0
    SLICE_X55Y97         CARRY4 (Prop_carry4_CI_CO[3])
                                                      0.114    26.877 r  vetrimodule/approxmd/linreg_plot/slope1_inferred__0/i___626/CO[3]
                         net (fo=1, routed)           0.000    26.877    vetrimodule/approxmd/linreg_plot/slope1_inferred__0/i___626_n_0
    SLICE_X55Y98         CARRY4 (Prop_carry4_CI_CO[3])
                                                      0.114    26.991 r  vetrimodule/approxmd/linreg_plot/slope1_inferred__0/i___627/CO[3]
                         net (fo=1, routed)           0.000    26.991    vetrimodule/approxmd/linreg_plot/slope1_inferred__0/i___627_n_0
    SLICE_X55Y99         CARRY4 (Prop_carry4_CI_CO[3])
                                                      0.114    27.105 r  vetrimodule/approxmd/linreg_plot/slope1_inferred__0/i___628/CO[3]
                         net (fo=1, routed)           0.001    27.106    vetrimodule/approxmd/linreg_plot/slope1_inferred__0/i___628_n_0
    SLICE_X55Y100        CARRY4 (Prop_carry4_CI_CO[3])
                                                      0.114    27.220 r  vetrimodule/approxmd/linreg_plot/slope1_inferred__0/i___629/CO[3]
                         net (fo=1, routed)           0.000    27.220    vetrimodule/approxmd/linreg_plot/slope1_inferred__0/i___629_n_0
    SLICE_X55Y101        CARRY4 (Prop_carry4_CI_CO[1])
                                                      0.157    27.377 r  vetrimodule/approxmd/linreg_plot/slope1_inferred__0/i___630/CO[1]
                         net (fo=29, routed)          0.667    28.044    vetrimodule/approxmd/linreg_plot/slope10_in[16]
    SLICE_X54Y100        LUT5 (Prop_lut5_I0_O)        0.329    28.373 r  vetrimodule/approxmd/linreg_plot/i___631_i_4/O
                         net (fo=1, routed)           0.000    28.373    vetrimodule/approxmd/linreg_plot/i___631_i_4_n_0
    SLICE_X54Y100        CARRY4 (Prop_carry4_S[1]_CO[3])
                                                      0.533    28.906 r  vetrimodule/approxmd/linreg_plot/slope1_inferred__0/i___631/CO[3]
                         net (fo=1, routed)           0.000    28.906    vetrimodule/approxmd/linreg_plot/slope1_inferred__0/i___631_n_0
    SLICE_X54Y101        CARRY4 (Prop_carry4_CI_CO[3])
                                                      0.117    29.023 r  vetrimodule/approxmd/linreg_plot/slope1_inferred__0/i___632/CO[3]
                         net (fo=1, routed)           0.000    29.023    vetrimodule/approxmd/linreg_plot/slope1_inferred__0/i___632_n_0
    SLICE_X54Y102        CARRY4 (Prop_carry4_CI_CO[3])
                                                      0.117    29.140 r  vetrimodule/approxmd/linreg_plot/slope1_inferred__0/i___633/CO[3]
                         net (fo=1, routed)           0.000    29.140    vetrimodule/approxmd/linreg_plot/slope1_inferred__0/i___633_n_0
    SLICE_X54Y103        CARRY4 (Prop_carry4_CI_CO[3])
                                                      0.117    29.257 r  vetrimodule/approxmd/linreg_plot/slope1_inferred__0/i___634/CO[3]
                         net (fo=1, routed)           0.000    29.257    vetrimodule/approxmd/linreg_plot/slope1_inferred__0/i___634_n_0
    SLICE_X54Y104        CARRY4 (Prop_carry4_CI_CO[3])
                                                      0.117    29.374 r  vetrimodule/approxmd/linreg_plot/slope1_inferred__0/i___635/CO[3]
                         net (fo=1, routed)           0.000    29.374    vetrimodule/approxmd/linreg_plot/slope1_inferred__0/i___635_n_0
    SLICE_X54Y105        CARRY4 (Prop_carry4_CI_CO[3])
                                                      0.117    29.491 r  vetrimodule/approxmd/linreg_plot/slope1_inferred__0/i___636/CO[3]
                         net (fo=1, routed)           0.000    29.491    vetrimodule/approxmd/linreg_plot/slope1_inferred__0/i___636_n_0
    SLICE_X54Y106        CARRY4 (Prop_carry4_CI_CO[1])
                                                      0.157    29.648 r  vetrimodule/approxmd/linreg_plot/slope1_inferred__0/i___637/CO[1]
                         net (fo=29, routed)          1.088    30.736    vetrimodule/approxmd/linreg_plot/slope10_in[15]
    SLICE_X51Y97         LUT5 (Prop_lut5_I0_O)        0.332    31.068 r  vetrimodule/approxmd/linreg_plot/i___638_i_4/O
                         net (fo=1, routed)           0.000    31.068    vetrimodule/approxmd/linreg_plot/i___638_i_4_n_0
    SLICE_X51Y97         CARRY4 (Prop_carry4_S[1]_CO[3])
                                                      0.550    31.618 r  vetrimodule/approxmd/linreg_plot/slope1_inferred__0/i___638/CO[3]
                         net (fo=1, routed)           0.000    31.618    vetrimodule/approxmd/linreg_plot/slope1_inferred__0/i___638_n_0
    SLICE_X51Y98         CARRY4 (Prop_carry4_CI_CO[3])
                                                      0.114    31.732 r  vetrimodule/approxmd/linreg_plot/slope1_inferred__0/i___639/CO[3]
                         net (fo=1, routed)           0.000    31.732    vetrimodule/approxmd/linreg_plot/slope1_inferred__0/i___639_n_0
    SLICE_X51Y99         CARRY4 (Prop_carry4_CI_CO[3])
                                                      0.114    31.846 r  vetrimodule/approxmd/linreg_plot/slope1_inferred__0/i___640/CO[3]
                         net (fo=1, routed)           0.001    31.847    vetrimodule/approxmd/linreg_plot/slope1_inferred__0/i___640_n_0
    SLICE_X51Y100        CARRY4 (Prop_carry4_CI_CO[3])
                                                      0.114    31.961 r  vetrimodule/approxmd/linreg_plot/slope1_inferred__0/i___641/CO[3]
                         net (fo=1, routed)           0.000    31.961    vetrimodule/approxmd/linreg_plot/slope1_inferred__0/i___641_n_0
    SLICE_X51Y101        CARRY4 (Prop_carry4_CI_CO[3])
                                                      0.114    32.075 r  vetrimodule/approxmd/linreg_plot/slope1_inferred__0/i___642/CO[3]
                         net (fo=1, routed)           0.000    32.075    vetrimodule/approxmd/linreg_plot/slope1_inferred__0/i___642_n_0
    SLICE_X51Y102        CARRY4 (Prop_carry4_CI_CO[3])
                                                      0.114    32.189 r  vetrimodule/approxmd/linreg_plot/slope1_inferred__0/i___643/CO[3]
                         net (fo=1, routed)           0.000    32.189    vetrimodule/approxmd/linreg_plot/slope1_inferred__0/i___643_n_0
    SLICE_X51Y103        CARRY4 (Prop_carry4_CI_CO[1])
                                                      0.157    32.346 r  vetrimodule/approxmd/linreg_plot/slope1_inferred__0/i___644/CO[1]
                         net (fo=29, routed)          1.041    33.387    vetrimodule/approxmd/linreg_plot/slope10_in[14]
    SLICE_X52Y95         LUT5 (Prop_lut5_I0_O)        0.329    33.716 r  vetrimodule/approxmd/linreg_plot/i___645_i_4/O
                         net (fo=1, routed)           0.000    33.716    vetrimodule/approxmd/linreg_plot/i___645_i_4_n_0
    SLICE_X52Y95         CARRY4 (Prop_carry4_S[1]_CO[3])
                                                      0.533    34.249 r  vetrimodule/approxmd/linreg_plot/slope1_inferred__0/i___645/CO[3]
                         net (fo=1, routed)           0.000    34.249    vetrimodule/approxmd/linreg_plot/slope1_inferred__0/i___645_n_0
    SLICE_X52Y96         CARRY4 (Prop_carry4_CI_CO[3])
                                                      0.117    34.366 r  vetrimodule/approxmd/linreg_plot/slope1_inferred__0/i___646/CO[3]
                         net (fo=1, routed)           0.000    34.366    vetrimodule/approxmd/linreg_plot/slope1_inferred__0/i___646_n_0
    SLICE_X52Y97         CARRY4 (Prop_carry4_CI_CO[3])
                                                      0.117    34.483 r  vetrimodule/approxmd/linreg_plot/slope1_inferred__0/i___647/CO[3]
                         net (fo=1, routed)           0.000    34.483    vetrimodule/approxmd/linreg_plot/slope1_inferred__0/i___647_n_0
    SLICE_X52Y98         CARRY4 (Prop_carry4_CI_CO[3])
                                                      0.117    34.600 r  vetrimodule/approxmd/linreg_plot/slope1_inferred__0/i___648/CO[3]
                         net (fo=1, routed)           0.000    34.600    vetrimodule/approxmd/linreg_plot/slope1_inferred__0/i___648_n_0
    SLICE_X52Y99         CARRY4 (Prop_carry4_CI_CO[3])
                                                      0.117    34.717 r  vetrimodule/approxmd/linreg_plot/slope1_inferred__0/i___649/CO[3]
                         net (fo=1, routed)           0.001    34.718    vetrimodule/approxmd/linreg_plot/slope1_inferred__0/i___649_n_0
    SLICE_X52Y100        CARRY4 (Prop_carry4_CI_CO[3])
                                                      0.117    34.835 r  vetrimodule/approxmd/linreg_plot/slope1_inferred__0/i___650/CO[3]
                         net (fo=1, routed)           0.000    34.835    vetrimodule/approxmd/linreg_plot/slope1_inferred__0/i___650_n_0
    SLICE_X52Y101        CARRY4 (Prop_carry4_CI_CO[1])
                                                      0.157    34.992 r  vetrimodule/approxmd/linreg_plot/slope1_inferred__0/i___651/CO[1]
                         net (fo=29, routed)          0.819    35.811    vetrimodule/approxmd/linreg_plot/slope10_in[13]
    SLICE_X53Y97         LUT5 (Prop_lut5_I0_O)        0.332    36.143 r  vetrimodule/approxmd/linreg_plot/i___652_i_4/O
                         net (fo=1, routed)           0.000    36.143    vetrimodule/approxmd/linreg_plot/i___652_i_4_n_0
    SLICE_X53Y97         CARRY4 (Prop_carry4_S[1]_CO[3])
                                                      0.550    36.693 r  vetrimodule/approxmd/linreg_plot/slope1_inferred__0/i___652/CO[3]
                         net (fo=1, routed)           0.000    36.693    vetrimodule/approxmd/linreg_plot/slope1_inferred__0/i___652_n_0
    SLICE_X53Y98         CARRY4 (Prop_carry4_CI_CO[3])
                                                      0.114    36.807 r  vetrimodule/approxmd/linreg_plot/slope1_inferred__0/i___653/CO[3]
                         net (fo=1, routed)           0.000    36.807    vetrimodule/approxmd/linreg_plot/slope1_inferred__0/i___653_n_0
    SLICE_X53Y99         CARRY4 (Prop_carry4_CI_CO[3])
                                                      0.114    36.921 r  vetrimodule/approxmd/linreg_plot/slope1_inferred__0/i___654/CO[3]
                         net (fo=1, routed)           0.001    36.921    vetrimodule/approxmd/linreg_plot/slope1_inferred__0/i___654_n_0
    SLICE_X53Y100        CARRY4 (Prop_carry4_CI_CO[3])
                                                      0.114    37.035 r  vetrimodule/approxmd/linreg_plot/slope1_inferred__0/i___655/CO[3]
                         net (fo=1, routed)           0.000    37.035    vetrimodule/approxmd/linreg_plot/slope1_inferred__0/i___655_n_0
    SLICE_X53Y101        CARRY4 (Prop_carry4_CI_CO[3])
                                                      0.114    37.149 r  vetrimodule/approxmd/linreg_plot/slope1_inferred__0/i___656/CO[3]
                         net (fo=1, routed)           0.000    37.149    vetrimodule/approxmd/linreg_plot/slope1_inferred__0/i___656_n_0
    SLICE_X53Y102        CARRY4 (Prop_carry4_CI_CO[3])
                                                      0.114    37.263 r  vetrimodule/approxmd/linreg_plot/slope1_inferred__0/i___657/CO[3]
                         net (fo=1, routed)           0.000    37.263    vetrimodule/approxmd/linreg_plot/slope1_inferred__0/i___657_n_0
    SLICE_X53Y103        CARRY4 (Prop_carry4_CI_CO[1])
                                                      0.157    37.420 r  vetrimodule/approxmd/linreg_plot/slope1_inferred__0/i___658/CO[1]
                         net (fo=29, routed)          0.672    38.093    vetrimodule/approxmd/linreg_plot/slope10_in[12]
    SLICE_X48Y105        LUT5 (Prop_lut5_I0_O)        0.329    38.422 r  vetrimodule/approxmd/linreg_plot/i___660_i_3/O
                         net (fo=1, routed)           0.000    38.422    vetrimodule/approxmd/linreg_plot/i___660_i_3_n_0
    SLICE_X48Y105        CARRY4 (Prop_carry4_S[1]_CO[3])
                                                      0.550    38.972 r  vetrimodule/approxmd/linreg_plot/slope1_inferred__0/i___660/CO[3]
                         net (fo=1, routed)           0.000    38.972    vetrimodule/approxmd/linreg_plot/slope1_inferred__0/i___660_n_0
    SLICE_X48Y106        CARRY4 (Prop_carry4_CI_CO[3])
                                                      0.114    39.086 r  vetrimodule/approxmd/linreg_plot/slope1_inferred__0/i___661/CO[3]
                         net (fo=1, routed)           0.000    39.086    vetrimodule/approxmd/linreg_plot/slope1_inferred__0/i___661_n_0
    SLICE_X48Y107        CARRY4 (Prop_carry4_CI_CO[3])
                                                      0.114    39.200 r  vetrimodule/approxmd/linreg_plot/slope1_inferred__0/i___662/CO[3]
                         net (fo=1, routed)           0.000    39.200    vetrimodule/approxmd/linreg_plot/slope1_inferred__0/i___662_n_0
    SLICE_X48Y108        CARRY4 (Prop_carry4_CI_CO[3])
                                                      0.114    39.314 r  vetrimodule/approxmd/linreg_plot/slope1_inferred__0/i___663/CO[3]
                         net (fo=1, routed)           0.000    39.314    vetrimodule/approxmd/linreg_plot/slope1_inferred__0/i___663_n_0
    SLICE_X48Y109        CARRY4 (Prop_carry4_CI_CO[3])
                                                      0.114    39.428 r  vetrimodule/approxmd/linreg_plot/slope1_inferred__0/i___664/CO[3]
                         net (fo=1, routed)           0.000    39.428    vetrimodule/approxmd/linreg_plot/slope1_inferred__0/i___664_n_0
    SLICE_X48Y110        CARRY4 (Prop_carry4_CI_CO[1])
                                                      0.157    39.585 r  vetrimodule/approxmd/linreg_plot/slope1_inferred__0/i___665/CO[1]
                         net (fo=29, routed)          0.774    40.358    vetrimodule/approxmd/linreg_plot/slope10_in[11]
    SLICE_X51Y105        LUT3 (Prop_lut3_I0_O)        0.329    40.687 r  vetrimodule/approxmd/linreg_plot/i___666_i_3/O
                         net (fo=1, routed)           0.000    40.687    vetrimodule/approxmd/linreg_plot/i___666_i_3_n_0
    SLICE_X51Y105        CARRY4 (Prop_carry4_S[1]_CO[3])
                                                      0.550    41.237 r  vetrimodule/approxmd/linreg_plot/slope1_inferred__0/i___666/CO[3]
                         net (fo=1, routed)           0.000    41.237    vetrimodule/approxmd/linreg_plot/slope1_inferred__0/i___666_n_0
    SLICE_X51Y106        CARRY4 (Prop_carry4_CI_CO[3])
                                                      0.114    41.351 r  vetrimodule/approxmd/linreg_plot/slope1_inferred__0/i___667/CO[3]
                         net (fo=1, routed)           0.000    41.351    vetrimodule/approxmd/linreg_plot/slope1_inferred__0/i___667_n_0
    SLICE_X51Y107        CARRY4 (Prop_carry4_CI_CO[3])
                                                      0.114    41.465 r  vetrimodule/approxmd/linreg_plot/slope1_inferred__0/i___668/CO[3]
                         net (fo=1, routed)           0.000    41.465    vetrimodule/approxmd/linreg_plot/slope1_inferred__0/i___668_n_0
    SLICE_X51Y108        CARRY4 (Prop_carry4_CI_CO[3])
                                                      0.114    41.579 r  vetrimodule/approxmd/linreg_plot/slope1_inferred__0/i___669/CO[3]
                         net (fo=1, routed)           0.000    41.579    vetrimodule/approxmd/linreg_plot/slope1_inferred__0/i___669_n_0
    SLICE_X51Y109        CARRY4 (Prop_carry4_CI_CO[3])
                                                      0.114    41.693 r  vetrimodule/approxmd/linreg_plot/slope1_inferred__0/i___670/CO[3]
                         net (fo=1, routed)           0.000    41.693    vetrimodule/approxmd/linreg_plot/slope1_inferred__0/i___670_n_0
    SLICE_X51Y110        CARRY4 (Prop_carry4_CI_CO[3])
                                                      0.114    41.807 r  vetrimodule/approxmd/linreg_plot/slope1_inferred__0/i___671/CO[3]
                         net (fo=1, routed)           0.000    41.807    vetrimodule/approxmd/linreg_plot/slope1_inferred__0/i___671_n_0
    SLICE_X51Y111        CARRY4 (Prop_carry4_CI_CO[1])
                                                      0.157    41.964 r  vetrimodule/approxmd/linreg_plot/slope1_inferred__0/i___672/CO[1]
                         net (fo=30, routed)          0.888    42.853    vetrimodule/approxmd/linreg_plot/slope10_in[10]
    SLICE_X55Y106        LUT2 (Prop_lut2_I1_O)        0.329    43.182 r  vetrimodule/approxmd/linreg_plot/i___673_i_4/O
                         net (fo=1, routed)           0.000    43.182    vetrimodule/approxmd/linreg_plot/i___673_i_4_n_0
    SLICE_X55Y106        CARRY4 (Prop_carry4_S[1]_CO[3])
                                                      0.550    43.732 r  vetrimodule/approxmd/linreg_plot/slope1_inferred__0/i___673/CO[3]
                         net (fo=1, routed)           0.000    43.732    vetrimodule/approxmd/linreg_plot/slope1_inferred__0/i___673_n_0
    SLICE_X55Y107        CARRY4 (Prop_carry4_CI_CO[3])
                                                      0.114    43.846 r  vetrimodule/approxmd/linreg_plot/slope1_inferred__0/i___674/CO[3]
                         net (fo=1, routed)           0.000    43.846    vetrimodule/approxmd/linreg_plot/slope1_inferred__0/i___674_n_0
    SLICE_X55Y108        CARRY4 (Prop_carry4_CI_CO[3])
                                                      0.114    43.960 r  vetrimodule/approxmd/linreg_plot/slope1_inferred__0/i___675/CO[3]
                         net (fo=1, routed)           0.000    43.960    vetrimodule/approxmd/linreg_plot/slope1_inferred__0/i___675_n_0
    SLICE_X55Y109        CARRY4 (Prop_carry4_CI_CO[3])
                                                      0.114    44.074 r  vetrimodule/approxmd/linreg_plot/slope1_inferred__0/i___676/CO[3]
                         net (fo=1, routed)           0.000    44.074    vetrimodule/approxmd/linreg_plot/slope1_inferred__0/i___676_n_0
    SLICE_X55Y110        CARRY4 (Prop_carry4_CI_CO[3])
                                                      0.114    44.188 r  vetrimodule/approxmd/linreg_plot/slope1_inferred__0/i___677/CO[3]
                         net (fo=1, routed)           0.000    44.188    vetrimodule/approxmd/linreg_plot/slope1_inferred__0/i___677_n_0
    SLICE_X55Y111        CARRY4 (Prop_carry4_CI_CO[3])
                                                      0.114    44.302 r  vetrimodule/approxmd/linreg_plot/slope1_inferred__0/i___678/CO[3]
                         net (fo=1, routed)           0.000    44.302    vetrimodule/approxmd/linreg_plot/slope1_inferred__0/i___678_n_0
    SLICE_X55Y112        CARRY4 (Prop_carry4_CI_CO[1])
                                                      0.157    44.459 r  vetrimodule/approxmd/linreg_plot/slope1_inferred__0/i___679/CO[1]
                         net (fo=30, routed)          0.699    45.158    vetrimodule/approxmd/linreg_plot/slope10_in[9]
    SLICE_X54Y110        LUT2 (Prop_lut2_I1_O)        0.329    45.487 r  vetrimodule/approxmd/linreg_plot/i___680_i_4/O
                         net (fo=1, routed)           0.000    45.487    vetrimodule/approxmd/linreg_plot/i___680_i_4_n_0
    SLICE_X54Y110        CARRY4 (Prop_carry4_S[1]_CO[3])
                                                      0.533    46.020 r  vetrimodule/approxmd/linreg_plot/slope1_inferred__0/i___680/CO[3]
                         net (fo=1, routed)           0.000    46.020    vetrimodule/approxmd/linreg_plot/slope1_inferred__0/i___680_n_0
    SLICE_X54Y111        CARRY4 (Prop_carry4_CI_CO[3])
                                                      0.117    46.137 r  vetrimodule/approxmd/linreg_plot/slope1_inferred__0/i___681/CO[3]
                         net (fo=1, routed)           0.000    46.137    vetrimodule/approxmd/linreg_plot/slope1_inferred__0/i___681_n_0
    SLICE_X54Y112        CARRY4 (Prop_carry4_CI_CO[3])
                                                      0.117    46.254 r  vetrimodule/approxmd/linreg_plot/slope1_inferred__0/i___682/CO[3]
                         net (fo=1, routed)           0.000    46.254    vetrimodule/approxmd/linreg_plot/slope1_inferred__0/i___682_n_0
    SLICE_X54Y113        CARRY4 (Prop_carry4_CI_CO[3])
                                                      0.117    46.371 r  vetrimodule/approxmd/linreg_plot/slope1_inferred__0/i___683/CO[3]
                         net (fo=1, routed)           0.000    46.371    vetrimodule/approxmd/linreg_plot/slope1_inferred__0/i___683_n_0
    SLICE_X54Y114        CARRY4 (Prop_carry4_CI_CO[3])
                                                      0.117    46.488 r  vetrimodule/approxmd/linreg_plot/slope1_inferred__0/i___684/CO[3]
                         net (fo=1, routed)           0.000    46.488    vetrimodule/approxmd/linreg_plot/slope1_inferred__0/i___684_n_0
    SLICE_X54Y115        CARRY4 (Prop_carry4_CI_CO[3])
                                                      0.117    46.605 r  vetrimodule/approxmd/linreg_plot/slope1_inferred__0/i___685/CO[3]
                         net (fo=1, routed)           0.000    46.605    vetrimodule/approxmd/linreg_plot/slope1_inferred__0/i___685_n_0
    SLICE_X54Y116        CARRY4 (Prop_carry4_CI_CO[1])
                                                      0.157    46.762 r  vetrimodule/approxmd/linreg_plot/slope1_inferred__0/i___686/CO[1]
                         net (fo=30, routed)          1.067    47.829    vetrimodule/approxmd/linreg_plot/slope10_in[8]
    SLICE_X52Y109        CARRY4 (Prop_carry4_CYINIT_CO[3])
                                                      0.803    48.632 r  vetrimodule/approxmd/linreg_plot/slope1_inferred__0/i___687/CO[3]
                         net (fo=1, routed)           0.000    48.632    vetrimodule/approxmd/linreg_plot/slope1_inferred__0/i___687_n_0
    SLICE_X52Y110        CARRY4 (Prop_carry4_CI_CO[3])
                                                      0.117    48.749 r  vetrimodule/approxmd/linreg_plot/slope1_inferred__0/i___688/CO[3]
                         net (fo=1, routed)           0.000    48.749    vetrimodule/approxmd/linreg_plot/slope1_inferred__0/i___688_n_0
    SLICE_X52Y111        CARRY4 (Prop_carry4_CI_CO[3])
                                                      0.117    48.866 r  vetrimodule/approxmd/linreg_plot/slope1_inferred__0/i___689/CO[3]
                         net (fo=1, routed)           0.000    48.866    vetrimodule/approxmd/linreg_plot/slope1_inferred__0/i___689_n_0
    SLICE_X52Y112        CARRY4 (Prop_carry4_CI_CO[3])
                                                      0.117    48.983 r  vetrimodule/approxmd/linreg_plot/slope1_inferred__0/i___690/CO[3]
                         net (fo=1, routed)           0.000    48.983    vetrimodule/approxmd/linreg_plot/slope1_inferred__0/i___690_n_0
    SLICE_X52Y113        CARRY4 (Prop_carry4_CI_CO[3])
                                                      0.117    49.100 r  vetrimodule/approxmd/linreg_plot/slope1_inferred__0/i___691/CO[3]
                         net (fo=1, routed)           0.000    49.100    vetrimodule/approxmd/linreg_plot/slope1_inferred__0/i___691_n_0
    SLICE_X52Y114        CARRY4 (Prop_carry4_CI_CO[3])
                                                      0.117    49.217 r  vetrimodule/approxmd/linreg_plot/slope1_inferred__0/i___692/CO[3]
                         net (fo=1, routed)           0.000    49.217    vetrimodule/approxmd/linreg_plot/slope1_inferred__0/i___692_n_0
    SLICE_X52Y115        CARRY4 (Prop_carry4_CI_CO[1])
                                                      0.157    49.374 r  vetrimodule/approxmd/linreg_plot/slope1_inferred__0/i___693/CO[1]
                         net (fo=30, routed)          1.023    50.396    vetrimodule/approxmd/linreg_plot/slope10_in[7]
    SLICE_X53Y106        LUT2 (Prop_lut2_I1_O)        0.332    50.729 r  vetrimodule/approxmd/linreg_plot/i___694_i_4/O
                         net (fo=1, routed)           0.000    50.729    vetrimodule/approxmd/linreg_plot/i___694_i_4_n_0
    SLICE_X53Y106        CARRY4 (Prop_carry4_S[1]_CO[3])
                                                      0.550    51.278 r  vetrimodule/approxmd/linreg_plot/slope1_inferred__0/i___694/CO[3]
                         net (fo=1, routed)           0.000    51.278    vetrimodule/approxmd/linreg_plot/slope1_inferred__0/i___694_n_0
    SLICE_X53Y107        CARRY4 (Prop_carry4_CI_CO[3])
                                                      0.114    51.392 r  vetrimodule/approxmd/linreg_plot/slope1_inferred__0/i___695/CO[3]
                         net (fo=1, routed)           0.000    51.392    vetrimodule/approxmd/linreg_plot/slope1_inferred__0/i___695_n_0
    SLICE_X53Y108        CARRY4 (Prop_carry4_CI_CO[3])
                                                      0.114    51.506 r  vetrimodule/approxmd/linreg_plot/slope1_inferred__0/i___696/CO[3]
                         net (fo=1, routed)           0.000    51.506    vetrimodule/approxmd/linreg_plot/slope1_inferred__0/i___696_n_0
    SLICE_X53Y109        CARRY4 (Prop_carry4_CI_CO[3])
                                                      0.114    51.620 r  vetrimodule/approxmd/linreg_plot/slope1_inferred__0/i___697/CO[3]
                         net (fo=1, routed)           0.000    51.620    vetrimodule/approxmd/linreg_plot/slope1_inferred__0/i___697_n_0
    SLICE_X53Y110        CARRY4 (Prop_carry4_CI_CO[3])
                                                      0.114    51.734 r  vetrimodule/approxmd/linreg_plot/slope1_inferred__0/i___698/CO[3]
                         net (fo=1, routed)           0.000    51.734    vetrimodule/approxmd/linreg_plot/slope1_inferred__0/i___698_n_0
    SLICE_X53Y111        CARRY4 (Prop_carry4_CI_CO[3])
                                                      0.114    51.848 r  vetrimodule/approxmd/linreg_plot/slope1_inferred__0/i___699/CO[3]
                         net (fo=1, routed)           0.000    51.848    vetrimodule/approxmd/linreg_plot/slope1_inferred__0/i___699_n_0
    SLICE_X53Y112        CARRY4 (Prop_carry4_CI_CO[1])
                                                      0.157    52.005 r  vetrimodule/approxmd/linreg_plot/slope1_inferred__0/i___700/CO[1]
                         net (fo=30, routed)          0.679    52.684    vetrimodule/approxmd/linreg_plot/slope10_in[6]
    SLICE_X53Y114        LUT2 (Prop_lut2_I1_O)        0.329    53.013 r  vetrimodule/approxmd/linreg_plot/i___701_i_4/O
                         net (fo=1, routed)           0.000    53.013    vetrimodule/approxmd/linreg_plot/i___701_i_4_n_0
    SLICE_X53Y114        CARRY4 (Prop_carry4_S[1]_CO[3])
                                                      0.550    53.563 r  vetrimodule/approxmd/linreg_plot/slope1_inferred__0/i___701/CO[3]
                         net (fo=1, routed)           0.000    53.563    vetrimodule/approxmd/linreg_plot/slope1_inferred__0/i___701_n_0
    SLICE_X53Y115        CARRY4 (Prop_carry4_CI_CO[3])
                                                      0.114    53.677 r  vetrimodule/approxmd/linreg_plot/slope1_inferred__0/i___702/CO[3]
                         net (fo=1, routed)           0.000    53.677    vetrimodule/approxmd/linreg_plot/slope1_inferred__0/i___702_n_0
    SLICE_X53Y116        CARRY4 (Prop_carry4_CI_CO[3])
                                                      0.114    53.791 r  vetrimodule/approxmd/linreg_plot/slope1_inferred__0/i___703/CO[3]
                         net (fo=1, routed)           0.000    53.791    vetrimodule/approxmd/linreg_plot/slope1_inferred__0/i___703_n_0
    SLICE_X53Y117        CARRY4 (Prop_carry4_CI_CO[3])
                                                      0.114    53.905 r  vetrimodule/approxmd/linreg_plot/slope1_inferred__0/i___704/CO[3]
                         net (fo=1, routed)           0.000    53.905    vetrimodule/approxmd/linreg_plot/slope1_inferred__0/i___704_n_0
    SLICE_X53Y118        CARRY4 (Prop_carry4_CI_CO[3])
                                                      0.114    54.019 r  vetrimodule/approxmd/linreg_plot/slope1_inferred__0/i___705/CO[3]
                         net (fo=1, routed)           0.000    54.019    vetrimodule/approxmd/linreg_plot/slope1_inferred__0/i___705_n_0
    SLICE_X53Y119        CARRY4 (Prop_carry4_CI_CO[3])
                                                      0.114    54.133 r  vetrimodule/approxmd/linreg_plot/slope1_inferred__0/i___706/CO[3]
                         net (fo=1, routed)           0.000    54.133    vetrimodule/approxmd/linreg_plot/slope1_inferred__0/i___706_n_0
    SLICE_X53Y120        CARRY4 (Prop_carry4_CI_CO[1])
                                                      0.157    54.290 r  vetrimodule/approxmd/linreg_plot/slope1_inferred__0/i___707/CO[1]
                         net (fo=30, routed)          0.883    55.174    vetrimodule/approxmd/linreg_plot/slope10_in[5]
    SLICE_X52Y117        LUT2 (Prop_lut2_I1_O)        0.329    55.503 r  vetrimodule/approxmd/linreg_plot/i___708_i_4/O
                         net (fo=1, routed)           0.000    55.503    vetrimodule/approxmd/linreg_plot/i___708_i_4_n_0
    SLICE_X52Y117        CARRY4 (Prop_carry4_S[1]_CO[3])
                                                      0.533    56.036 r  vetrimodule/approxmd/linreg_plot/slope1_inferred__0/i___708/CO[3]
                         net (fo=1, routed)           0.000    56.036    vetrimodule/approxmd/linreg_plot/slope1_inferred__0/i___708_n_0
    SLICE_X52Y118        CARRY4 (Prop_carry4_CI_CO[3])
                                                      0.117    56.153 r  vetrimodule/approxmd/linreg_plot/slope1_inferred__0/i___709/CO[3]
                         net (fo=1, routed)           0.000    56.153    vetrimodule/approxmd/linreg_plot/slope1_inferred__0/i___709_n_0
    SLICE_X52Y119        CARRY4 (Prop_carry4_CI_CO[3])
                                                      0.117    56.270 r  vetrimodule/approxmd/linreg_plot/slope1_inferred__0/i___710/CO[3]
                         net (fo=1, routed)           0.000    56.270    vetrimodule/approxmd/linreg_plot/slope1_inferred__0/i___710_n_0
    SLICE_X52Y120        CARRY4 (Prop_carry4_CI_CO[3])
                                                      0.117    56.387 r  vetrimodule/approxmd/linreg_plot/slope1_inferred__0/i___711/CO[3]
                         net (fo=1, routed)           0.000    56.387    vetrimodule/approxmd/linreg_plot/slope1_inferred__0/i___711_n_0
    SLICE_X52Y121        CARRY4 (Prop_carry4_CI_CO[3])
                                                      0.117    56.504 r  vetrimodule/approxmd/linreg_plot/slope1_inferred__0/i___712/CO[3]
                         net (fo=1, routed)           0.000    56.504    vetrimodule/approxmd/linreg_plot/slope1_inferred__0/i___712_n_0
    SLICE_X52Y122        CARRY4 (Prop_carry4_CI_CO[3])
                                                      0.117    56.621 r  vetrimodule/approxmd/linreg_plot/slope1_inferred__0/i___713/CO[3]
                         net (fo=1, routed)           0.000    56.621    vetrimodule/approxmd/linreg_plot/slope1_inferred__0/i___713_n_0
    SLICE_X52Y123        CARRY4 (Prop_carry4_CI_CO[1])
                                                      0.157    56.778 r  vetrimodule/approxmd/linreg_plot/slope1_inferred__0/i___714/CO[1]
                         net (fo=30, routed)          0.940    57.718    vetrimodule/approxmd/linreg_plot/slope10_in[4]
    SLICE_X50Y118        LUT2 (Prop_lut2_I1_O)        0.332    58.050 r  vetrimodule/approxmd/linreg_plot/i___715_i_4/O
                         net (fo=1, routed)           0.000    58.050    vetrimodule/approxmd/linreg_plot/i___715_i_4_n_0
    SLICE_X50Y118        CARRY4 (Prop_carry4_S[1]_CO[3])
                                                      0.533    58.583 r  vetrimodule/approxmd/linreg_plot/slope1_inferred__0/i___715/CO[3]
                         net (fo=1, routed)           0.000    58.583    vetrimodule/approxmd/linreg_plot/slope1_inferred__0/i___715_n_0
    SLICE_X50Y119        CARRY4 (Prop_carry4_CI_CO[3])
                                                      0.117    58.700 r  vetrimodule/approxmd/linreg_plot/slope1_inferred__0/i___716/CO[3]
                         net (fo=1, routed)           0.000    58.700    vetrimodule/approxmd/linreg_plot/slope1_inferred__0/i___716_n_0
    SLICE_X50Y120        CARRY4 (Prop_carry4_CI_CO[3])
                                                      0.117    58.817 r  vetrimodule/approxmd/linreg_plot/slope1_inferred__0/i___717/CO[3]
                         net (fo=1, routed)           0.000    58.817    vetrimodule/approxmd/linreg_plot/slope1_inferred__0/i___717_n_0
    SLICE_X50Y121        CARRY4 (Prop_carry4_CI_CO[3])
                                                      0.117    58.934 r  vetrimodule/approxmd/linreg_plot/slope1_inferred__0/i___718/CO[3]
                         net (fo=1, routed)           0.000    58.934    vetrimodule/approxmd/linreg_plot/slope1_inferred__0/i___718_n_0
    SLICE_X50Y122        CARRY4 (Prop_carry4_CI_CO[3])
                                                      0.117    59.051 r  vetrimodule/approxmd/linreg_plot/slope1_inferred__0/i___719/CO[3]
                         net (fo=1, routed)           0.000    59.051    vetrimodule/approxmd/linreg_plot/slope1_inferred__0/i___719_n_0
    SLICE_X50Y123        CARRY4 (Prop_carry4_CI_CO[3])
                                                      0.117    59.168 r  vetrimodule/approxmd/linreg_plot/slope1_inferred__0/i___720/CO[3]
                         net (fo=1, routed)           0.000    59.168    vetrimodule/approxmd/linreg_plot/slope1_inferred__0/i___720_n_0
    SLICE_X50Y124        CARRY4 (Prop_carry4_CI_CO[1])
                                                      0.157    59.325 r  vetrimodule/approxmd/linreg_plot/slope1_inferred__0/i___721/CO[1]
                         net (fo=30, routed)          1.042    60.366    vetrimodule/approxmd/linreg_plot/slope10_in[3]
    SLICE_X56Y119        LUT2 (Prop_lut2_I1_O)        0.332    60.698 r  vetrimodule/approxmd/linreg_plot/i___722_i_4/O
                         net (fo=1, routed)           0.000    60.698    vetrimodule/approxmd/linreg_plot/i___722_i_4_n_0
    SLICE_X56Y119        CARRY4 (Prop_carry4_S[1]_CO[3])
                                                      0.533    61.231 r  vetrimodule/approxmd/linreg_plot/slope1_inferred__0/i___722/CO[3]
                         net (fo=1, routed)           0.000    61.231    vetrimodule/approxmd/linreg_plot/slope1_inferred__0/i___722_n_0
    SLICE_X56Y120        CARRY4 (Prop_carry4_CI_CO[3])
                                                      0.117    61.348 r  vetrimodule/approxmd/linreg_plot/slope1_inferred__0/i___723/CO[3]
                         net (fo=1, routed)           0.000    61.348    vetrimodule/approxmd/linreg_plot/slope1_inferred__0/i___723_n_0
    SLICE_X56Y121        CARRY4 (Prop_carry4_CI_CO[3])
                                                      0.117    61.465 r  vetrimodule/approxmd/linreg_plot/slope1_inferred__0/i___724/CO[3]
                         net (fo=1, routed)           0.000    61.465    vetrimodule/approxmd/linreg_plot/slope1_inferred__0/i___724_n_0
    SLICE_X56Y122        CARRY4 (Prop_carry4_CI_CO[3])
                                                      0.117    61.582 r  vetrimodule/approxmd/linreg_plot/slope1_inferred__0/i___725/CO[3]
                         net (fo=1, routed)           0.000    61.582    vetrimodule/approxmd/linreg_plot/slope1_inferred__0/i___725_n_0
    SLICE_X56Y123        CARRY4 (Prop_carry4_CI_CO[3])
                                                      0.117    61.699 r  vetrimodule/approxmd/linreg_plot/slope1_inferred__0/i___726/CO[3]
                         net (fo=1, routed)           0.000    61.699    vetrimodule/approxmd/linreg_plot/slope1_inferred__0/i___726_n_0
    SLICE_X56Y124        CARRY4 (Prop_carry4_CI_CO[3])
                                                      0.117    61.816 r  vetrimodule/approxmd/linreg_plot/slope1_inferred__0/i___727/CO[3]
                         net (fo=1, routed)           0.009    61.825    vetrimodule/approxmd/linreg_plot/slope1_inferred__0/i___727_n_0
    SLICE_X56Y125        CARRY4 (Prop_carry4_CI_CO[1])
                                                      0.157    61.982 r  vetrimodule/approxmd/linreg_plot/slope1_inferred__0/i___728/CO[1]
                         net (fo=30, routed)          0.945    62.928    vetrimodule/approxmd/linreg_plot/slope10_in[2]
    SLICE_X57Y118        LUT2 (Prop_lut2_I1_O)        0.332    63.260 r  vetrimodule/approxmd/linreg_plot/i___729_i_4/O
                         net (fo=1, routed)           0.000    63.260    vetrimodule/approxmd/linreg_plot/i___729_i_4_n_0
    SLICE_X57Y118        CARRY4 (Prop_carry4_S[1]_CO[3])
                                                      0.550    63.810 r  vetrimodule/approxmd/linreg_plot/slope1_inferred__0/i___729/CO[3]
                         net (fo=1, routed)           0.000    63.810    vetrimodule/approxmd/linreg_plot/slope1_inferred__0/i___729_n_0
    SLICE_X57Y119        CARRY4 (Prop_carry4_CI_CO[3])
                                                      0.114    63.924 r  vetrimodule/approxmd/linreg_plot/slope1_inferred__0/i___730/CO[3]
                         net (fo=1, routed)           0.000    63.924    vetrimodule/approxmd/linreg_plot/slope1_inferred__0/i___730_n_0
    SLICE_X57Y120        CARRY4 (Prop_carry4_CI_CO[3])
                                                      0.114    64.038 r  vetrimodule/approxmd/linreg_plot/slope1_inferred__0/i___731/CO[3]
                         net (fo=1, routed)           0.000    64.038    vetrimodule/approxmd/linreg_plot/slope1_inferred__0/i___731_n_0
    SLICE_X57Y121        CARRY4 (Prop_carry4_CI_CO[3])
                                                      0.114    64.152 r  vetrimodule/approxmd/linreg_plot/slope1_inferred__0/i___732/CO[3]
                         net (fo=1, routed)           0.000    64.152    vetrimodule/approxmd/linreg_plot/slope1_inferred__0/i___732_n_0
    SLICE_X57Y122        CARRY4 (Prop_carry4_CI_CO[3])
                                                      0.114    64.266 r  vetrimodule/approxmd/linreg_plot/slope1_inferred__0/i___733/CO[3]
                         net (fo=1, routed)           0.000    64.266    vetrimodule/approxmd/linreg_plot/slope1_inferred__0/i___733_n_0
    SLICE_X57Y123        CARRY4 (Prop_carry4_CI_CO[3])
                                                      0.114    64.380 r  vetrimodule/approxmd/linreg_plot/slope1_inferred__0/i___734/CO[3]
                         net (fo=1, routed)           0.000    64.380    vetrimodule/approxmd/linreg_plot/slope1_inferred__0/i___734_n_0
    SLICE_X57Y124        CARRY4 (Prop_carry4_CI_CO[1])
                                                      0.157    64.537 r  vetrimodule/approxmd/linreg_plot/slope1_inferred__0/i___735/CO[1]
                         net (fo=30, routed)          0.921    65.458    vetrimodule/approxmd/linreg_plot/slope10_in[1]
    SLICE_X55Y118        LUT2 (Prop_lut2_I1_O)        0.329    65.787 r  vetrimodule/approxmd/linreg_plot/i___736_i_5/O
                         net (fo=1, routed)           0.000    65.787    vetrimodule/approxmd/linreg_plot/i___736_i_5_n_0
    SLICE_X55Y118        CARRY4 (Prop_carry4_S[0]_CO[3])
                                                      0.532    66.319 r  vetrimodule/approxmd/linreg_plot/slope1_inferred__0/i___736/CO[3]
                         net (fo=1, routed)           0.000    66.319    vetrimodule/approxmd/linreg_plot/slope1_inferred__0/i___736_n_0
    SLICE_X55Y119        CARRY4 (Prop_carry4_CI_CO[3])
                                                      0.114    66.433 r  vetrimodule/approxmd/linreg_plot/slope1_inferred__0/i___737/CO[3]
                         net (fo=1, routed)           0.000    66.433    vetrimodule/approxmd/linreg_plot/slope1_inferred__0/i___737_n_0
    SLICE_X55Y120        CARRY4 (Prop_carry4_CI_CO[3])
                                                      0.114    66.547 r  vetrimodule/approxmd/linreg_plot/slope1_inferred__0/i___738/CO[3]
                         net (fo=1, routed)           0.000    66.547    vetrimodule/approxmd/linreg_plot/slope1_inferred__0/i___738_n_0
    SLICE_X55Y121        CARRY4 (Prop_carry4_CI_CO[3])
                                                      0.114    66.661 r  vetrimodule/approxmd/linreg_plot/slope1_inferred__0/i___739/CO[3]
                         net (fo=1, routed)           0.000    66.661    vetrimodule/approxmd/linreg_plot/slope1_inferred__0/i___739_n_0
    SLICE_X55Y122        CARRY4 (Prop_carry4_CI_CO[3])
                                                      0.114    66.775 r  vetrimodule/approxmd/linreg_plot/slope1_inferred__0/i___740/CO[3]
                         net (fo=1, routed)           0.000    66.775    vetrimodule/approxmd/linreg_plot/slope1_inferred__0/i___740_n_0
    SLICE_X55Y123        CARRY4 (Prop_carry4_CI_CO[3])
                                                      0.114    66.889 r  vetrimodule/approxmd/linreg_plot/slope1_inferred__0/i___741/CO[3]
                         net (fo=1, routed)           0.000    66.889    vetrimodule/approxmd/linreg_plot/slope1_inferred__0/i___741_n_0
    SLICE_X55Y124        CARRY4 (Prop_carry4_CI_CO[0])
                                                      0.271    67.160 f  vetrimodule/approxmd/linreg_plot/slope1_inferred__0/i___742/CO[0]
                         net (fo=2, routed)           0.369    67.529    vetrimodule/approxmd/linreg_plot/slope10_in[0]
    SLICE_X57Y125        LUT1 (Prop_lut1_I0_O)        0.373    67.902 r  vetrimodule/approxmd/linreg_plot/slope[4]_i_3/O
                         net (fo=1, routed)           0.384    68.286    vetrimodule/approxmd/linreg_plot/slope[4]_i_3_n_0
    SLICE_X54Y124        CARRY4 (Prop_carry4_CYINIT_CO[3])
                                                      0.595    68.881 r  vetrimodule/approxmd/linreg_plot/slope_reg[4]_i_2/CO[3]
                         net (fo=1, routed)           0.009    68.890    vetrimodule/approxmd/linreg_plot/slope_reg[4]_i_2_n_0
    SLICE_X54Y125        CARRY4 (Prop_carry4_CI_CO[3])
                                                      0.117    69.007 r  vetrimodule/approxmd/linreg_plot/slope_reg[8]_i_2/CO[3]
                         net (fo=1, routed)           0.000    69.007    vetrimodule/approxmd/linreg_plot/slope_reg[8]_i_2_n_0
    SLICE_X54Y126        CARRY4 (Prop_carry4_CI_O[3])
                                                      0.315    69.322 r  vetrimodule/approxmd/linreg_plot/slope_reg[12]_i_2/O[3]
                         net (fo=1, routed)           0.500    69.823    vetrimodule/approxmd/linreg_plot/slope1[12]
    SLICE_X56Y130        LUT5 (Prop_lut5_I4_O)        0.307    70.130 r  vetrimodule/approxmd/linreg_plot/slope[12]_i_1/O
                         net (fo=1, routed)           0.000    70.130    vetrimodule/approxmd/linreg_plot/slope[12]
    SLICE_X56Y130        FDCE                                         r  vetrimodule/approxmd/linreg_plot/slope_reg[12]/D
  -------------------------------------------------------------------    -------------------

                         (clock sys_clk_pin rise edge)
                                                     10.000    10.000 r  
    W5                                                0.000    10.000 r  CLOCK (IN)
                         net (fo=0)                   0.000    10.000    CLOCK
    W5                   IBUF (Prop_ibuf_I_O)         1.388    11.388 r  CLOCK_IBUF_inst/O
                         net (fo=1, routed)           1.862    13.250    CLOCK_IBUF
    BUFGCTRL_X0Y0        BUFG (Prop_bufg_I_O)         0.091    13.341 r  CLOCK_IBUF_BUFG_inst/O
                         net (fo=4568, routed)        1.602    14.943    vetrimodule/approxmd/linreg_plot/CLOCK_IBUF_BUFG
    SLICE_X56Y130        FDCE                                         r  vetrimodule/approxmd/linreg_plot/slope_reg[12]/C
                         clock pessimism              0.187    15.130    
                         clock uncertainty           -0.035    15.095    
    SLICE_X56Y130        FDCE (Setup_fdce_C_D)        0.079    15.174    vetrimodule/approxmd/linreg_plot/slope_reg[12]
  -------------------------------------------------------------------
                         required time                         15.174    
                         arrival time                         -70.130    
  -------------------------------------------------------------------
                         slack                                -54.956    

Slack (VIOLATED) :        -54.950ns  (required time - arrival time)
  Source:                 vetrimodule/approxmd/linreg_plot/temp2_reg[0]/C
                            (rising edge-triggered cell FDCE clocked by sys_clk_pin  {rise@0.000ns fall@5.000ns period=10.000ns})
  Destination:            vetrimodule/approxmd/linreg_plot/slope_reg[15]/D
                            (rising edge-triggered cell FDCE clocked by sys_clk_pin  {rise@0.000ns fall@5.000ns period=10.000ns})
  Path Group:             sys_clk_pin
  Path Type:              Setup (Max at Slow Process Corner)
  Requirement:            10.000ns  (sys_clk_pin rise@10.000ns - sys_clk_pin rise@0.000ns)
  Data Path Delay:        64.932ns  (logic 41.735ns (64.275%)  route 23.197ns (35.725%))
  Logic Levels:           198  (CARRY4=172 LUT1=2 LUT2=10 LUT3=1 LUT4=1 LUT5=12)
  Clock Path Skew:        -0.014ns (DCD - SCD + CPR)
    Destination Clock Delay (DCD):    4.942ns = ( 14.942 - 10.000 ) 
    Source Clock Delay      (SCD):    5.143ns
    Clock Pessimism Removal (CPR):    0.187ns
  Clock Uncertainty:      0.035ns  ((TSJ^2 + TIJ^2)^1/2 + DJ) / 2 + PE
    Total System Jitter     (TSJ):    0.071ns
    Total Input Jitter      (TIJ):    0.000ns
    Discrete Jitter          (DJ):    0.000ns
    Phase Error              (PE):    0.000ns

    Location             Delay type                Incr(ns)  Path(ns)    Netlist Resource(s)
  -------------------------------------------------------------------    -------------------
                         (clock sys_clk_pin rise edge)
                                                      0.000     0.000 r  
    W5                                                0.000     0.000 r  CLOCK (IN)
                         net (fo=0)                   0.000     0.000    CLOCK
    W5                   IBUF (Prop_ibuf_I_O)         1.458     1.458 r  CLOCK_IBUF_inst/O
                         net (fo=1, routed)           1.967     3.425    CLOCK_IBUF
    BUFGCTRL_X0Y0        BUFG (Prop_bufg_I_O)         0.096     3.521 r  CLOCK_IBUF_BUFG_inst/O
                         net (fo=4568, routed)        1.622     5.143    vetrimodule/approxmd/linreg_plot/CLOCK_IBUF_BUFG
    SLICE_X58Y88         FDCE                                         r  vetrimodule/approxmd/linreg_plot/temp2_reg[0]/C
  -------------------------------------------------------------------    -------------------
    SLICE_X58Y88         FDCE (Prop_fdce_C_Q)         0.456     5.599 f  vetrimodule/approxmd/linreg_plot/temp2_reg[0]/Q
                         net (fo=36, routed)          0.301     5.900    vetrimodule/approxmd/linreg_plot/temp2[0]
    SLICE_X59Y88         LUT1 (Prop_lut1_I0_O)        0.124     6.024 r  vetrimodule/approxmd/linreg_plot/slope20_carry_i_1/O
                         net (fo=1, routed)           0.336     6.360    vetrimodule/approxmd/linreg_plot/slope20_carry_i_1_n_0
    SLICE_X58Y87         CARRY4 (Prop_carry4_CYINIT_CO[3])
                                                      0.580     6.940 r  vetrimodule/approxmd/linreg_plot/slope20_carry/CO[3]
                         net (fo=1, routed)           0.000     6.940    vetrimodule/approxmd/linreg_plot/slope20_carry_n_0
    SLICE_X58Y88         CARRY4 (Prop_carry4_CI_CO[3])
                                                      0.114     7.054 r  vetrimodule/approxmd/linreg_plot/slope20_carry__0/CO[3]
                         net (fo=1, routed)           0.000     7.054    vetrimodule/approxmd/linreg_plot/slope20_carry__0_n_0
    SLICE_X58Y89         CARRY4 (Prop_carry4_CI_CO[3])
                                                      0.114     7.168 r  vetrimodule/approxmd/linreg_plot/slope20_carry__1/CO[3]
                         net (fo=1, routed)           0.000     7.168    vetrimodule/approxmd/linreg_plot/slope20_carry__1_n_0
    SLICE_X58Y90         CARRY4 (Prop_carry4_CI_CO[0])
                                                      0.271     7.439 r  vetrimodule/approxmd/linreg_plot/i___578_i_9/CO[0]
                         net (fo=275, routed)         0.976     8.415    vetrimodule/approxmd/linreg_plot/i___578_i_9_n_3
    SLICE_X58Y94         LUT2 (Prop_lut2_I0_O)        0.373     8.788 r  vetrimodule/approxmd/linreg_plot/i___578_i_7/O
                         net (fo=1, routed)           0.000     8.788    vetrimodule/approxmd/linreg_plot/i___578_i_7_n_0
    SLICE_X58Y94         CARRY4 (Prop_carry4_S[1]_CO[3])
                                                      0.550     9.338 r  vetrimodule/approxmd/linreg_plot/slope1_inferred__0/i___578/CO[3]
                         net (fo=1, routed)           0.000     9.338    vetrimodule/approxmd/linreg_plot/slope1_inferred__0/i___578_n_0
    SLICE_X58Y95         CARRY4 (Prop_carry4_CI_CO[3])
                                                      0.114     9.452 r  vetrimodule/approxmd/linreg_plot/slope1_inferred__0/i___579/CO[3]
                         net (fo=1, routed)           0.000     9.452    vetrimodule/approxmd/linreg_plot/slope1_inferred__0/i___579_n_0
    SLICE_X58Y96         CARRY4 (Prop_carry4_CI_CO[3])
                                                      0.114     9.566 r  vetrimodule/approxmd/linreg_plot/slope1_inferred__0/i___580/CO[3]
                         net (fo=1, routed)           0.000     9.566    vetrimodule/approxmd/linreg_plot/slope1_inferred__0/i___580_n_0
    SLICE_X58Y97         CARRY4 (Prop_carry4_CI_CO[0])
                                                      0.271     9.837 r  vetrimodule/approxmd/linreg_plot/slope1_inferred__0/i___581/CO[0]
                         net (fo=27, routed)          0.923    10.760    vetrimodule/approxmd/linreg_plot/slope1_inferred__0/i___581_n_3
    SLICE_X59Y90         LUT4 (Prop_lut4_I0_O)        0.373    11.133 r  vetrimodule/approxmd/linreg_plot/i___582_i_4/O
                         net (fo=1, routed)           0.000    11.133    vetrimodule/approxmd/linreg_plot/i___582_i_4_n_0
    SLICE_X59Y90         CARRY4 (Prop_carry4_S[1]_CO[3])
                                                      0.550    11.683 r  vetrimodule/approxmd/linreg_plot/slope1_inferred__0/i___582/CO[3]
                         net (fo=1, routed)           0.000    11.683    vetrimodule/approxmd/linreg_plot/slope1_inferred__0/i___582_n_0
    SLICE_X59Y91         CARRY4 (Prop_carry4_CI_CO[3])
                                                      0.114    11.797 r  vetrimodule/approxmd/linreg_plot/slope1_inferred__0/i___583/CO[3]
                         net (fo=1, routed)           0.000    11.797    vetrimodule/approxmd/linreg_plot/slope1_inferred__0/i___583_n_0
    SLICE_X59Y92         CARRY4 (Prop_carry4_CI_CO[3])
                                                      0.114    11.911 r  vetrimodule/approxmd/linreg_plot/slope1_inferred__0/i___584/CO[3]
                         net (fo=1, routed)           0.000    11.911    vetrimodule/approxmd/linreg_plot/slope1_inferred__0/i___584_n_0
    SLICE_X59Y93         CARRY4 (Prop_carry4_CI_CO[3])
                                                      0.114    12.025 r  vetrimodule/approxmd/linreg_plot/slope1_inferred__0/i___585/CO[3]
                         net (fo=1, routed)           0.000    12.025    vetrimodule/approxmd/linreg_plot/slope1_inferred__0/i___585_n_0
    SLICE_X59Y94         CARRY4 (Prop_carry4_CI_CO[3])
                                                      0.114    12.139 r  vetrimodule/approxmd/linreg_plot/slope1_inferred__0/i___586/CO[3]
                         net (fo=1, routed)           0.000    12.139    vetrimodule/approxmd/linreg_plot/slope1_inferred__0/i___586_n_0
    SLICE_X59Y95         CARRY4 (Prop_carry4_CI_CO[3])
                                                      0.114    12.253 r  vetrimodule/approxmd/linreg_plot/slope1_inferred__0/i___587/CO[3]
                         net (fo=1, routed)           0.000    12.253    vetrimodule/approxmd/linreg_plot/slope1_inferred__0/i___587_n_0
    SLICE_X59Y96         CARRY4 (Prop_carry4_CI_CO[1])
                                                      0.157    12.410 r  vetrimodule/approxmd/linreg_plot/slope1_inferred__0/i___588/CO[1]
                         net (fo=27, routed)          1.093    13.502    vetrimodule/approxmd/linreg_plot/slope1_inferred__0/i___588_n_2
    SLICE_X57Y89         LUT5 (Prop_lut5_I0_O)        0.329    13.831 r  vetrimodule/approxmd/linreg_plot/i___589_i_4/O
                         net (fo=1, routed)           0.000    13.831    vetrimodule/approxmd/linreg_plot/i___589_i_4_n_0
    SLICE_X57Y89         CARRY4 (Prop_carry4_S[1]_CO[3])
                                                      0.550    14.381 r  vetrimodule/approxmd/linreg_plot/slope1_inferred__0/i___589/CO[3]
                         net (fo=1, routed)           0.000    14.381    vetrimodule/approxmd/linreg_plot/slope1_inferred__0/i___589_n_0
    SLICE_X57Y90         CARRY4 (Prop_carry4_CI_CO[3])
                                                      0.114    14.495 r  vetrimodule/approxmd/linreg_plot/slope1_inferred__0/i___590/CO[3]
                         net (fo=1, routed)           0.000    14.495    vetrimodule/approxmd/linreg_plot/slope1_inferred__0/i___590_n_0
    SLICE_X57Y91         CARRY4 (Prop_carry4_CI_CO[3])
                                                      0.114    14.609 r  vetrimodule/approxmd/linreg_plot/slope1_inferred__0/i___591/CO[3]
                         net (fo=1, routed)           0.000    14.609    vetrimodule/approxmd/linreg_plot/slope1_inferred__0/i___591_n_0
    SLICE_X57Y92         CARRY4 (Prop_carry4_CI_CO[3])
                                                      0.114    14.723 r  vetrimodule/approxmd/linreg_plot/slope1_inferred__0/i___592/CO[3]
                         net (fo=1, routed)           0.000    14.723    vetrimodule/approxmd/linreg_plot/slope1_inferred__0/i___592_n_0
    SLICE_X57Y93         CARRY4 (Prop_carry4_CI_CO[3])
                                                      0.114    14.837 r  vetrimodule/approxmd/linreg_plot/slope1_inferred__0/i___593/CO[3]
                         net (fo=1, routed)           0.000    14.837    vetrimodule/approxmd/linreg_plot/slope1_inferred__0/i___593_n_0
    SLICE_X57Y94         CARRY4 (Prop_carry4_CI_CO[3])
                                                      0.114    14.951 r  vetrimodule/approxmd/linreg_plot/slope1_inferred__0/i___594/CO[3]
                         net (fo=1, routed)           0.000    14.951    vetrimodule/approxmd/linreg_plot/slope1_inferred__0/i___594_n_0
    SLICE_X57Y95         CARRY4 (Prop_carry4_CI_CO[1])
                                                      0.157    15.108 r  vetrimodule/approxmd/linreg_plot/slope1_inferred__0/i___595/CO[1]
                         net (fo=29, routed)          1.030    16.138    vetrimodule/approxmd/linreg_plot/slope10_in[21]
    SLICE_X55Y87         LUT5 (Prop_lut5_I0_O)        0.329    16.467 r  vetrimodule/approxmd/linreg_plot/i___596_i_4/O
                         net (fo=1, routed)           0.000    16.467    vetrimodule/approxmd/linreg_plot/i___596_i_4_n_0
    SLICE_X55Y87         CARRY4 (Prop_carry4_S[1]_CO[3])
                                                      0.550    17.017 r  vetrimodule/approxmd/linreg_plot/slope1_inferred__0/i___596/CO[3]
                         net (fo=1, routed)           0.000    17.017    vetrimodule/approxmd/linreg_plot/slope1_inferred__0/i___596_n_0
    SLICE_X55Y88         CARRY4 (Prop_carry4_CI_CO[3])
                                                      0.114    17.131 r  vetrimodule/approxmd/linreg_plot/slope1_inferred__0/i___597/CO[3]
                         net (fo=1, routed)           0.000    17.131    vetrimodule/approxmd/linreg_plot/slope1_inferred__0/i___597_n_0
    SLICE_X55Y89         CARRY4 (Prop_carry4_CI_CO[3])
                                                      0.114    17.245 r  vetrimodule/approxmd/linreg_plot/slope1_inferred__0/i___598/CO[3]
                         net (fo=1, routed)           0.000    17.245    vetrimodule/approxmd/linreg_plot/slope1_inferred__0/i___598_n_0
    SLICE_X55Y90         CARRY4 (Prop_carry4_CI_CO[3])
                                                      0.114    17.359 r  vetrimodule/approxmd/linreg_plot/slope1_inferred__0/i___599/CO[3]
                         net (fo=1, routed)           0.000    17.359    vetrimodule/approxmd/linreg_plot/slope1_inferred__0/i___599_n_0
    SLICE_X55Y91         CARRY4 (Prop_carry4_CI_CO[3])
                                                      0.114    17.473 r  vetrimodule/approxmd/linreg_plot/slope1_inferred__0/i___600/CO[3]
                         net (fo=1, routed)           0.000    17.473    vetrimodule/approxmd/linreg_plot/slope1_inferred__0/i___600_n_0
    SLICE_X55Y92         CARRY4 (Prop_carry4_CI_CO[3])
                                                      0.114    17.587 r  vetrimodule/approxmd/linreg_plot/slope1_inferred__0/i___601/CO[3]
                         net (fo=1, routed)           0.000    17.587    vetrimodule/approxmd/linreg_plot/slope1_inferred__0/i___601_n_0
    SLICE_X55Y93         CARRY4 (Prop_carry4_CI_CO[1])
                                                      0.157    17.744 r  vetrimodule/approxmd/linreg_plot/slope1_inferred__0/i___602/CO[1]
                         net (fo=29, routed)          0.888    18.632    vetrimodule/approxmd/linreg_plot/slope10_in[20]
    SLICE_X54Y86         LUT5 (Prop_lut5_I0_O)        0.329    18.961 r  vetrimodule/approxmd/linreg_plot/i___603_i_4/O
                         net (fo=1, routed)           0.000    18.961    vetrimodule/approxmd/linreg_plot/i___603_i_4_n_0
    SLICE_X54Y86         CARRY4 (Prop_carry4_S[1]_CO[3])
                                                      0.533    19.494 r  vetrimodule/approxmd/linreg_plot/slope1_inferred__0/i___603/CO[3]
                         net (fo=1, routed)           0.000    19.494    vetrimodule/approxmd/linreg_plot/slope1_inferred__0/i___603_n_0
    SLICE_X54Y87         CARRY4 (Prop_carry4_CI_CO[3])
                                                      0.117    19.611 r  vetrimodule/approxmd/linreg_plot/slope1_inferred__0/i___604/CO[3]
                         net (fo=1, routed)           0.000    19.611    vetrimodule/approxmd/linreg_plot/slope1_inferred__0/i___604_n_0
    SLICE_X54Y88         CARRY4 (Prop_carry4_CI_CO[3])
                                                      0.117    19.728 r  vetrimodule/approxmd/linreg_plot/slope1_inferred__0/i___605/CO[3]
                         net (fo=1, routed)           0.000    19.728    vetrimodule/approxmd/linreg_plot/slope1_inferred__0/i___605_n_0
    SLICE_X54Y89         CARRY4 (Prop_carry4_CI_CO[3])
                                                      0.117    19.845 r  vetrimodule/approxmd/linreg_plot/slope1_inferred__0/i___606/CO[3]
                         net (fo=1, routed)           0.000    19.845    vetrimodule/approxmd/linreg_plot/slope1_inferred__0/i___606_n_0
    SLICE_X54Y90         CARRY4 (Prop_carry4_CI_CO[3])
                                                      0.117    19.962 r  vetrimodule/approxmd/linreg_plot/slope1_inferred__0/i___607/CO[3]
                         net (fo=1, routed)           0.000    19.962    vetrimodule/approxmd/linreg_plot/slope1_inferred__0/i___607_n_0
    SLICE_X54Y91         CARRY4 (Prop_carry4_CI_CO[3])
                                                      0.117    20.079 r  vetrimodule/approxmd/linreg_plot/slope1_inferred__0/i___608/CO[3]
                         net (fo=1, routed)           0.000    20.079    vetrimodule/approxmd/linreg_plot/slope1_inferred__0/i___608_n_0
    SLICE_X54Y92         CARRY4 (Prop_carry4_CI_CO[1])
                                                      0.157    20.236 r  vetrimodule/approxmd/linreg_plot/slope1_inferred__0/i___609/CO[1]
                         net (fo=29, routed)          0.666    20.902    vetrimodule/approxmd/linreg_plot/slope10_in[19]
    SLICE_X54Y93         LUT5 (Prop_lut5_I0_O)        0.332    21.234 r  vetrimodule/approxmd/linreg_plot/i___610_i_4/O
                         net (fo=1, routed)           0.000    21.234    vetrimodule/approxmd/linreg_plot/i___610_i_4_n_0
    SLICE_X54Y93         CARRY4 (Prop_carry4_S[1]_CO[3])
                                                      0.533    21.767 r  vetrimodule/approxmd/linreg_plot/slope1_inferred__0/i___610/CO[3]
                         net (fo=1, routed)           0.000    21.767    vetrimodule/approxmd/linreg_plot/slope1_inferred__0/i___610_n_0
    SLICE_X54Y94         CARRY4 (Prop_carry4_CI_CO[3])
                                                      0.117    21.884 r  vetrimodule/approxmd/linreg_plot/slope1_inferred__0/i___611/CO[3]
                         net (fo=1, routed)           0.000    21.884    vetrimodule/approxmd/linreg_plot/slope1_inferred__0/i___611_n_0
    SLICE_X54Y95         CARRY4 (Prop_carry4_CI_CO[3])
                                                      0.117    22.001 r  vetrimodule/approxmd/linreg_plot/slope1_inferred__0/i___612/CO[3]
                         net (fo=1, routed)           0.000    22.001    vetrimodule/approxmd/linreg_plot/slope1_inferred__0/i___612_n_0
    SLICE_X54Y96         CARRY4 (Prop_carry4_CI_CO[3])
                                                      0.117    22.118 r  vetrimodule/approxmd/linreg_plot/slope1_inferred__0/i___613/CO[3]
                         net (fo=1, routed)           0.000    22.118    vetrimodule/approxmd/linreg_plot/slope1_inferred__0/i___613_n_0
    SLICE_X54Y97         CARRY4 (Prop_carry4_CI_CO[3])
                                                      0.117    22.235 r  vetrimodule/approxmd/linreg_plot/slope1_inferred__0/i___614/CO[3]
                         net (fo=1, routed)           0.000    22.235    vetrimodule/approxmd/linreg_plot/slope1_inferred__0/i___614_n_0
    SLICE_X54Y98         CARRY4 (Prop_carry4_CI_CO[3])
                                                      0.117    22.352 r  vetrimodule/approxmd/linreg_plot/slope1_inferred__0/i___615/CO[3]
                         net (fo=1, routed)           0.000    22.352    vetrimodule/approxmd/linreg_plot/slope1_inferred__0/i___615_n_0
    SLICE_X54Y99         CARRY4 (Prop_carry4_CI_CO[1])
                                                      0.157    22.509 r  vetrimodule/approxmd/linreg_plot/slope1_inferred__0/i___616/CO[1]
                         net (fo=29, routed)          0.786    23.296    vetrimodule/approxmd/linreg_plot/slope10_in[18]
    SLICE_X56Y94         LUT5 (Prop_lut5_I0_O)        0.332    23.628 r  vetrimodule/approxmd/linreg_plot/i___617_i_4/O
                         net (fo=1, routed)           0.000    23.628    vetrimodule/approxmd/linreg_plot/i___617_i_4_n_0
    SLICE_X56Y94         CARRY4 (Prop_carry4_S[1]_CO[3])
                                                      0.533    24.161 r  vetrimodule/approxmd/linreg_plot/slope1_inferred__0/i___617/CO[3]
                         net (fo=1, routed)           0.000    24.161    vetrimodule/approxmd/linreg_plot/slope1_inferred__0/i___617_n_0
    SLICE_X56Y95         CARRY4 (Prop_carry4_CI_CO[3])
                                                      0.117    24.278 r  vetrimodule/approxmd/linreg_plot/slope1_inferred__0/i___618/CO[3]
                         net (fo=1, routed)           0.000    24.278    vetrimodule/approxmd/linreg_plot/slope1_inferred__0/i___618_n_0
    SLICE_X56Y96         CARRY4 (Prop_carry4_CI_CO[3])
                                                      0.117    24.395 r  vetrimodule/approxmd/linreg_plot/slope1_inferred__0/i___619/CO[3]
                         net (fo=1, routed)           0.000    24.395    vetrimodule/approxmd/linreg_plot/slope1_inferred__0/i___619_n_0
    SLICE_X56Y97         CARRY4 (Prop_carry4_CI_CO[3])
                                                      0.117    24.512 r  vetrimodule/approxmd/linreg_plot/slope1_inferred__0/i___620/CO[3]
                         net (fo=1, routed)           0.000    24.512    vetrimodule/approxmd/linreg_plot/slope1_inferred__0/i___620_n_0
    SLICE_X56Y98         CARRY4 (Prop_carry4_CI_CO[3])
                                                      0.117    24.629 r  vetrimodule/approxmd/linreg_plot/slope1_inferred__0/i___621/CO[3]
                         net (fo=1, routed)           0.000    24.629    vetrimodule/approxmd/linreg_plot/slope1_inferred__0/i___621_n_0
    SLICE_X56Y99         CARRY4 (Prop_carry4_CI_CO[3])
                                                      0.117    24.746 r  vetrimodule/approxmd/linreg_plot/slope1_inferred__0/i___622/CO[3]
                         net (fo=1, routed)           0.001    24.746    vetrimodule/approxmd/linreg_plot/slope1_inferred__0/i___622_n_0
    SLICE_X56Y100        CARRY4 (Prop_carry4_CI_CO[1])
                                                      0.157    24.903 r  vetrimodule/approxmd/linreg_plot/slope1_inferred__0/i___623/CO[1]
                         net (fo=29, routed)          0.864    25.767    vetrimodule/approxmd/linreg_plot/slope10_in[17]
    SLICE_X55Y95         LUT5 (Prop_lut5_I0_O)        0.332    26.099 r  vetrimodule/approxmd/linreg_plot/i___624_i_4/O
                         net (fo=1, routed)           0.000    26.099    vetrimodule/approxmd/linreg_plot/i___624_i_4_n_0
    SLICE_X55Y95         CARRY4 (Prop_carry4_S[1]_CO[3])
                                                      0.550    26.649 r  vetrimodule/approxmd/linreg_plot/slope1_inferred__0/i___624/CO[3]
                         net (fo=1, routed)           0.000    26.649    vetrimodule/approxmd/linreg_plot/slope1_inferred__0/i___624_n_0
    SLICE_X55Y96         CARRY4 (Prop_carry4_CI_CO[3])
                                                      0.114    26.763 r  vetrimodule/approxmd/linreg_plot/slope1_inferred__0/i___625/CO[3]
                         net (fo=1, routed)           0.000    26.763    vetrimodule/approxmd/linreg_plot/slope1_inferred__0/i___625_n_0
    SLICE_X55Y97         CARRY4 (Prop_carry4_CI_CO[3])
                                                      0.114    26.877 r  vetrimodule/approxmd/linreg_plot/slope1_inferred__0/i___626/CO[3]
                         net (fo=1, routed)           0.000    26.877    vetrimodule/approxmd/linreg_plot/slope1_inferred__0/i___626_n_0
    SLICE_X55Y98         CARRY4 (Prop_carry4_CI_CO[3])
                                                      0.114    26.991 r  vetrimodule/approxmd/linreg_plot/slope1_inferred__0/i___627/CO[3]
                         net (fo=1, routed)           0.000    26.991    vetrimodule/approxmd/linreg_plot/slope1_inferred__0/i___627_n_0
    SLICE_X55Y99         CARRY4 (Prop_carry4_CI_CO[3])
                                                      0.114    27.105 r  vetrimodule/approxmd/linreg_plot/slope1_inferred__0/i___628/CO[3]
                         net (fo=1, routed)           0.001    27.106    vetrimodule/approxmd/linreg_plot/slope1_inferred__0/i___628_n_0
    SLICE_X55Y100        CARRY4 (Prop_carry4_CI_CO[3])
                                                      0.114    27.220 r  vetrimodule/approxmd/linreg_plot/slope1_inferred__0/i___629/CO[3]
                         net (fo=1, routed)           0.000    27.220    vetrimodule/approxmd/linreg_plot/slope1_inferred__0/i___629_n_0
    SLICE_X55Y101        CARRY4 (Prop_carry4_CI_CO[1])
                                                      0.157    27.377 r  vetrimodule/approxmd/linreg_plot/slope1_inferred__0/i___630/CO[1]
                         net (fo=29, routed)          0.667    28.044    vetrimodule/approxmd/linreg_plot/slope10_in[16]
    SLICE_X54Y100        LUT5 (Prop_lut5_I0_O)        0.329    28.373 r  vetrimodule/approxmd/linreg_plot/i___631_i_4/O
                         net (fo=1, routed)           0.000    28.373    vetrimodule/approxmd/linreg_plot/i___631_i_4_n_0
    SLICE_X54Y100        CARRY4 (Prop_carry4_S[1]_CO[3])
                                                      0.533    28.906 r  vetrimodule/approxmd/linreg_plot/slope1_inferred__0/i___631/CO[3]
                         net (fo=1, routed)           0.000    28.906    vetrimodule/approxmd/linreg_plot/slope1_inferred__0/i___631_n_0
    SLICE_X54Y101        CARRY4 (Prop_carry4_CI_CO[3])
                                                      0.117    29.023 r  vetrimodule/approxmd/linreg_plot/slope1_inferred__0/i___632/CO[3]
                         net (fo=1, routed)           0.000    29.023    vetrimodule/approxmd/linreg_plot/slope1_inferred__0/i___632_n_0
    SLICE_X54Y102        CARRY4 (Prop_carry4_CI_CO[3])
                                                      0.117    29.140 r  vetrimodule/approxmd/linreg_plot/slope1_inferred__0/i___633/CO[3]
                         net (fo=1, routed)           0.000    29.140    vetrimodule/approxmd/linreg_plot/slope1_inferred__0/i___633_n_0
    SLICE_X54Y103        CARRY4 (Prop_carry4_CI_CO[3])
                                                      0.117    29.257 r  vetrimodule/approxmd/linreg_plot/slope1_inferred__0/i___634/CO[3]
                         net (fo=1, routed)           0.000    29.257    vetrimodule/approxmd/linreg_plot/slope1_inferred__0/i___634_n_0
    SLICE_X54Y104        CARRY4 (Prop_carry4_CI_CO[3])
                                                      0.117    29.374 r  vetrimodule/approxmd/linreg_plot/slope1_inferred__0/i___635/CO[3]
                         net (fo=1, routed)           0.000    29.374    vetrimodule/approxmd/linreg_plot/slope1_inferred__0/i___635_n_0
    SLICE_X54Y105        CARRY4 (Prop_carry4_CI_CO[3])
                                                      0.117    29.491 r  vetrimodule/approxmd/linreg_plot/slope1_inferred__0/i___636/CO[3]
                         net (fo=1, routed)           0.000    29.491    vetrimodule/approxmd/linreg_plot/slope1_inferred__0/i___636_n_0
    SLICE_X54Y106        CARRY4 (Prop_carry4_CI_CO[1])
                                                      0.157    29.648 r  vetrimodule/approxmd/linreg_plot/slope1_inferred__0/i___637/CO[1]
                         net (fo=29, routed)          1.088    30.736    vetrimodule/approxmd/linreg_plot/slope10_in[15]
    SLICE_X51Y97         LUT5 (Prop_lut5_I0_O)        0.332    31.068 r  vetrimodule/approxmd/linreg_plot/i___638_i_4/O
                         net (fo=1, routed)           0.000    31.068    vetrimodule/approxmd/linreg_plot/i___638_i_4_n_0
    SLICE_X51Y97         CARRY4 (Prop_carry4_S[1]_CO[3])
                                                      0.550    31.618 r  vetrimodule/approxmd/linreg_plot/slope1_inferred__0/i___638/CO[3]
                         net (fo=1, routed)           0.000    31.618    vetrimodule/approxmd/linreg_plot/slope1_inferred__0/i___638_n_0
    SLICE_X51Y98         CARRY4 (Prop_carry4_CI_CO[3])
                                                      0.114    31.732 r  vetrimodule/approxmd/linreg_plot/slope1_inferred__0/i___639/CO[3]
                         net (fo=1, routed)           0.000    31.732    vetrimodule/approxmd/linreg_plot/slope1_inferred__0/i___639_n_0
    SLICE_X51Y99         CARRY4 (Prop_carry4_CI_CO[3])
                                                      0.114    31.846 r  vetrimodule/approxmd/linreg_plot/slope1_inferred__0/i___640/CO[3]
                         net (fo=1, routed)           0.001    31.847    vetrimodule/approxmd/linreg_plot/slope1_inferred__0/i___640_n_0
    SLICE_X51Y100        CARRY4 (Prop_carry4_CI_CO[3])
                                                      0.114    31.961 r  vetrimodule/approxmd/linreg_plot/slope1_inferred__0/i___641/CO[3]
                         net (fo=1, routed)           0.000    31.961    vetrimodule/approxmd/linreg_plot/slope1_inferred__0/i___641_n_0
    SLICE_X51Y101        CARRY4 (Prop_carry4_CI_CO[3])
                                                      0.114    32.075 r  vetrimodule/approxmd/linreg_plot/slope1_inferred__0/i___642/CO[3]
                         net (fo=1, routed)           0.000    32.075    vetrimodule/approxmd/linreg_plot/slope1_inferred__0/i___642_n_0
    SLICE_X51Y102        CARRY4 (Prop_carry4_CI_CO[3])
                                                      0.114    32.189 r  vetrimodule/approxmd/linreg_plot/slope1_inferred__0/i___643/CO[3]
                         net (fo=1, routed)           0.000    32.189    vetrimodule/approxmd/linreg_plot/slope1_inferred__0/i___643_n_0
    SLICE_X51Y103        CARRY4 (Prop_carry4_CI_CO[1])
                                                      0.157    32.346 r  vetrimodule/approxmd/linreg_plot/slope1_inferred__0/i___644/CO[1]
                         net (fo=29, routed)          1.041    33.387    vetrimodule/approxmd/linreg_plot/slope10_in[14]
    SLICE_X52Y95         LUT5 (Prop_lut5_I0_O)        0.329    33.716 r  vetrimodule/approxmd/linreg_plot/i___645_i_4/O
                         net (fo=1, routed)           0.000    33.716    vetrimodule/approxmd/linreg_plot/i___645_i_4_n_0
    SLICE_X52Y95         CARRY4 (Prop_carry4_S[1]_CO[3])
                                                      0.533    34.249 r  vetrimodule/approxmd/linreg_plot/slope1_inferred__0/i___645/CO[3]
                         net (fo=1, routed)           0.000    34.249    vetrimodule/approxmd/linreg_plot/slope1_inferred__0/i___645_n_0
    SLICE_X52Y96         CARRY4 (Prop_carry4_CI_CO[3])
                                                      0.117    34.366 r  vetrimodule/approxmd/linreg_plot/slope1_inferred__0/i___646/CO[3]
                         net (fo=1, routed)           0.000    34.366    vetrimodule/approxmd/linreg_plot/slope1_inferred__0/i___646_n_0
    SLICE_X52Y97         CARRY4 (Prop_carry4_CI_CO[3])
                                                      0.117    34.483 r  vetrimodule/approxmd/linreg_plot/slope1_inferred__0/i___647/CO[3]
                         net (fo=1, routed)           0.000    34.483    vetrimodule/approxmd/linreg_plot/slope1_inferred__0/i___647_n_0
    SLICE_X52Y98         CARRY4 (Prop_carry4_CI_CO[3])
                                                      0.117    34.600 r  vetrimodule/approxmd/linreg_plot/slope1_inferred__0/i___648/CO[3]
                         net (fo=1, routed)           0.000    34.600    vetrimodule/approxmd/linreg_plot/slope1_inferred__0/i___648_n_0
    SLICE_X52Y99         CARRY4 (Prop_carry4_CI_CO[3])
                                                      0.117    34.717 r  vetrimodule/approxmd/linreg_plot/slope1_inferred__0/i___649/CO[3]
                         net (fo=1, routed)           0.001    34.718    vetrimodule/approxmd/linreg_plot/slope1_inferred__0/i___649_n_0
    SLICE_X52Y100        CARRY4 (Prop_carry4_CI_CO[3])
                                                      0.117    34.835 r  vetrimodule/approxmd/linreg_plot/slope1_inferred__0/i___650/CO[3]
                         net (fo=1, routed)           0.000    34.835    vetrimodule/approxmd/linreg_plot/slope1_inferred__0/i___650_n_0
    SLICE_X52Y101        CARRY4 (Prop_carry4_CI_CO[1])
                                                      0.157    34.992 r  vetrimodule/approxmd/linreg_plot/slope1_inferred__0/i___651/CO[1]
                         net (fo=29, routed)          0.819    35.811    vetrimodule/approxmd/linreg_plot/slope10_in[13]
    SLICE_X53Y97         LUT5 (Prop_lut5_I0_O)        0.332    36.143 r  vetrimodule/approxmd/linreg_plot/i___652_i_4/O
                         net (fo=1, routed)           0.000    36.143    vetrimodule/approxmd/linreg_plot/i___652_i_4_n_0
    SLICE_X53Y97         CARRY4 (Prop_carry4_S[1]_CO[3])
                                                      0.550    36.693 r  vetrimodule/approxmd/linreg_plot/slope1_inferred__0/i___652/CO[3]
                         net (fo=1, routed)           0.000    36.693    vetrimodule/approxmd/linreg_plot/slope1_inferred__0/i___652_n_0
    SLICE_X53Y98         CARRY4 (Prop_carry4_CI_CO[3])
                                                      0.114    36.807 r  vetrimodule/approxmd/linreg_plot/slope1_inferred__0/i___653/CO[3]
                         net (fo=1, routed)           0.000    36.807    vetrimodule/approxmd/linreg_plot/slope1_inferred__0/i___653_n_0
    SLICE_X53Y99         CARRY4 (Prop_carry4_CI_CO[3])
                                                      0.114    36.921 r  vetrimodule/approxmd/linreg_plot/slope1_inferred__0/i___654/CO[3]
                         net (fo=1, routed)           0.001    36.921    vetrimodule/approxmd/linreg_plot/slope1_inferred__0/i___654_n_0
    SLICE_X53Y100        CARRY4 (Prop_carry4_CI_CO[3])
                                                      0.114    37.035 r  vetrimodule/approxmd/linreg_plot/slope1_inferred__0/i___655/CO[3]
                         net (fo=1, routed)           0.000    37.035    vetrimodule/approxmd/linreg_plot/slope1_inferred__0/i___655_n_0
    SLICE_X53Y101        CARRY4 (Prop_carry4_CI_CO[3])
                                                      0.114    37.149 r  vetrimodule/approxmd/linreg_plot/slope1_inferred__0/i___656/CO[3]
                         net (fo=1, routed)           0.000    37.149    vetrimodule/approxmd/linreg_plot/slope1_inferred__0/i___656_n_0
    SLICE_X53Y102        CARRY4 (Prop_carry4_CI_CO[3])
                                                      0.114    37.263 r  vetrimodule/approxmd/linreg_plot/slope1_inferred__0/i___657/CO[3]
                         net (fo=1, routed)           0.000    37.263    vetrimodule/approxmd/linreg_plot/slope1_inferred__0/i___657_n_0
    SLICE_X53Y103        CARRY4 (Prop_carry4_CI_CO[1])
                                                      0.157    37.420 r  vetrimodule/approxmd/linreg_plot/slope1_inferred__0/i___658/CO[1]
                         net (fo=29, routed)          0.672    38.093    vetrimodule/approxmd/linreg_plot/slope10_in[12]
    SLICE_X48Y105        LUT5 (Prop_lut5_I0_O)        0.329    38.422 r  vetrimodule/approxmd/linreg_plot/i___660_i_3/O
                         net (fo=1, routed)           0.000    38.422    vetrimodule/approxmd/linreg_plot/i___660_i_3_n_0
    SLICE_X48Y105        CARRY4 (Prop_carry4_S[1]_CO[3])
                                                      0.550    38.972 r  vetrimodule/approxmd/linreg_plot/slope1_inferred__0/i___660/CO[3]
                         net (fo=1, routed)           0.000    38.972    vetrimodule/approxmd/linreg_plot/slope1_inferred__0/i___660_n_0
    SLICE_X48Y106        CARRY4 (Prop_carry4_CI_CO[3])
                                                      0.114    39.086 r  vetrimodule/approxmd/linreg_plot/slope1_inferred__0/i___661/CO[3]
                         net (fo=1, routed)           0.000    39.086    vetrimodule/approxmd/linreg_plot/slope1_inferred__0/i___661_n_0
    SLICE_X48Y107        CARRY4 (Prop_carry4_CI_CO[3])
                                                      0.114    39.200 r  vetrimodule/approxmd/linreg_plot/slope1_inferred__0/i___662/CO[3]
                         net (fo=1, routed)           0.000    39.200    vetrimodule/approxmd/linreg_plot/slope1_inferred__0/i___662_n_0
    SLICE_X48Y108        CARRY4 (Prop_carry4_CI_CO[3])
                                                      0.114    39.314 r  vetrimodule/approxmd/linreg_plot/slope1_inferred__0/i___663/CO[3]
                         net (fo=1, routed)           0.000    39.314    vetrimodule/approxmd/linreg_plot/slope1_inferred__0/i___663_n_0
    SLICE_X48Y109        CARRY4 (Prop_carry4_CI_CO[3])
                                                      0.114    39.428 r  vetrimodule/approxmd/linreg_plot/slope1_inferred__0/i___664/CO[3]
                         net (fo=1, routed)           0.000    39.428    vetrimodule/approxmd/linreg_plot/slope1_inferred__0/i___664_n_0
    SLICE_X48Y110        CARRY4 (Prop_carry4_CI_CO[1])
                                                      0.157    39.585 r  vetrimodule/approxmd/linreg_plot/slope1_inferred__0/i___665/CO[1]
                         net (fo=29, routed)          0.774    40.358    vetrimodule/approxmd/linreg_plot/slope10_in[11]
    SLICE_X51Y105        LUT3 (Prop_lut3_I0_O)        0.329    40.687 r  vetrimodule/approxmd/linreg_plot/i___666_i_3/O
                         net (fo=1, routed)           0.000    40.687    vetrimodule/approxmd/linreg_plot/i___666_i_3_n_0
    SLICE_X51Y105        CARRY4 (Prop_carry4_S[1]_CO[3])
                                                      0.550    41.237 r  vetrimodule/approxmd/linreg_plot/slope1_inferred__0/i___666/CO[3]
                         net (fo=1, routed)           0.000    41.237    vetrimodule/approxmd/linreg_plot/slope1_inferred__0/i___666_n_0
    SLICE_X51Y106        CARRY4 (Prop_carry4_CI_CO[3])
                                                      0.114    41.351 r  vetrimodule/approxmd/linreg_plot/slope1_inferred__0/i___667/CO[3]
                         net (fo=1, routed)           0.000    41.351    vetrimodule/approxmd/linreg_plot/slope1_inferred__0/i___667_n_0
    SLICE_X51Y107        CARRY4 (Prop_carry4_CI_CO[3])
                                                      0.114    41.465 r  vetrimodule/approxmd/linreg_plot/slope1_inferred__0/i___668/CO[3]
                         net (fo=1, routed)           0.000    41.465    vetrimodule/approxmd/linreg_plot/slope1_inferred__0/i___668_n_0
    SLICE_X51Y108        CARRY4 (Prop_carry4_CI_CO[3])
                                                      0.114    41.579 r  vetrimodule/approxmd/linreg_plot/slope1_inferred__0/i___669/CO[3]
                         net (fo=1, routed)           0.000    41.579    vetrimodule/approxmd/linreg_plot/slope1_inferred__0/i___669_n_0
    SLICE_X51Y109        CARRY4 (Prop_carry4_CI_CO[3])
                                                      0.114    41.693 r  vetrimodule/approxmd/linreg_plot/slope1_inferred__0/i___670/CO[3]
                         net (fo=1, routed)           0.000    41.693    vetrimodule/approxmd/linreg_plot/slope1_inferred__0/i___670_n_0
    SLICE_X51Y110        CARRY4 (Prop_carry4_CI_CO[3])
                                                      0.114    41.807 r  vetrimodule/approxmd/linreg_plot/slope1_inferred__0/i___671/CO[3]
                         net (fo=1, routed)           0.000    41.807    vetrimodule/approxmd/linreg_plot/slope1_inferred__0/i___671_n_0
    SLICE_X51Y111        CARRY4 (Prop_carry4_CI_CO[1])
                                                      0.157    41.964 r  vetrimodule/approxmd/linreg_plot/slope1_inferred__0/i___672/CO[1]
                         net (fo=30, routed)          0.888    42.853    vetrimodule/approxmd/linreg_plot/slope10_in[10]
    SLICE_X55Y106        LUT2 (Prop_lut2_I1_O)        0.329    43.182 r  vetrimodule/approxmd/linreg_plot/i___673_i_4/O
                         net (fo=1, routed)           0.000    43.182    vetrimodule/approxmd/linreg_plot/i___673_i_4_n_0
    SLICE_X55Y106        CARRY4 (Prop_carry4_S[1]_CO[3])
                                                      0.550    43.732 r  vetrimodule/approxmd/linreg_plot/slope1_inferred__0/i___673/CO[3]
                         net (fo=1, routed)           0.000    43.732    vetrimodule/approxmd/linreg_plot/slope1_inferred__0/i___673_n_0
    SLICE_X55Y107        CARRY4 (Prop_carry4_CI_CO[3])
                                                      0.114    43.846 r  vetrimodule/approxmd/linreg_plot/slope1_inferred__0/i___674/CO[3]
                         net (fo=1, routed)           0.000    43.846    vetrimodule/approxmd/linreg_plot/slope1_inferred__0/i___674_n_0
    SLICE_X55Y108        CARRY4 (Prop_carry4_CI_CO[3])
                                                      0.114    43.960 r  vetrimodule/approxmd/linreg_plot/slope1_inferred__0/i___675/CO[3]
                         net (fo=1, routed)           0.000    43.960    vetrimodule/approxmd/linreg_plot/slope1_inferred__0/i___675_n_0
    SLICE_X55Y109        CARRY4 (Prop_carry4_CI_CO[3])
                                                      0.114    44.074 r  vetrimodule/approxmd/linreg_plot/slope1_inferred__0/i___676/CO[3]
                         net (fo=1, routed)           0.000    44.074    vetrimodule/approxmd/linreg_plot/slope1_inferred__0/i___676_n_0
    SLICE_X55Y110        CARRY4 (Prop_carry4_CI_CO[3])
                                                      0.114    44.188 r  vetrimodule/approxmd/linreg_plot/slope1_inferred__0/i___677/CO[3]
                         net (fo=1, routed)           0.000    44.188    vetrimodule/approxmd/linreg_plot/slope1_inferred__0/i___677_n_0
    SLICE_X55Y111        CARRY4 (Prop_carry4_CI_CO[3])
                                                      0.114    44.302 r  vetrimodule/approxmd/linreg_plot/slope1_inferred__0/i___678/CO[3]
                         net (fo=1, routed)           0.000    44.302    vetrimodule/approxmd/linreg_plot/slope1_inferred__0/i___678_n_0
    SLICE_X55Y112        CARRY4 (Prop_carry4_CI_CO[1])
                                                      0.157    44.459 r  vetrimodule/approxmd/linreg_plot/slope1_inferred__0/i___679/CO[1]
                         net (fo=30, routed)          0.699    45.158    vetrimodule/approxmd/linreg_plot/slope10_in[9]
    SLICE_X54Y110        LUT2 (Prop_lut2_I1_O)        0.329    45.487 r  vetrimodule/approxmd/linreg_plot/i___680_i_4/O
                         net (fo=1, routed)           0.000    45.487    vetrimodule/approxmd/linreg_plot/i___680_i_4_n_0
    SLICE_X54Y110        CARRY4 (Prop_carry4_S[1]_CO[3])
                                                      0.533    46.020 r  vetrimodule/approxmd/linreg_plot/slope1_inferred__0/i___680/CO[3]
                         net (fo=1, routed)           0.000    46.020    vetrimodule/approxmd/linreg_plot/slope1_inferred__0/i___680_n_0
    SLICE_X54Y111        CARRY4 (Prop_carry4_CI_CO[3])
                                                      0.117    46.137 r  vetrimodule/approxmd/linreg_plot/slope1_inferred__0/i___681/CO[3]
                         net (fo=1, routed)           0.000    46.137    vetrimodule/approxmd/linreg_plot/slope1_inferred__0/i___681_n_0
    SLICE_X54Y112        CARRY4 (Prop_carry4_CI_CO[3])
                                                      0.117    46.254 r  vetrimodule/approxmd/linreg_plot/slope1_inferred__0/i___682/CO[3]
                         net (fo=1, routed)           0.000    46.254    vetrimodule/approxmd/linreg_plot/slope1_inferred__0/i___682_n_0
    SLICE_X54Y113        CARRY4 (Prop_carry4_CI_CO[3])
                                                      0.117    46.371 r  vetrimodule/approxmd/linreg_plot/slope1_inferred__0/i___683/CO[3]
                         net (fo=1, routed)           0.000    46.371    vetrimodule/approxmd/linreg_plot/slope1_inferred__0/i___683_n_0
    SLICE_X54Y114        CARRY4 (Prop_carry4_CI_CO[3])
                                                      0.117    46.488 r  vetrimodule/approxmd/linreg_plot/slope1_inferred__0/i___684/CO[3]
                         net (fo=1, routed)           0.000    46.488    vetrimodule/approxmd/linreg_plot/slope1_inferred__0/i___684_n_0
    SLICE_X54Y115        CARRY4 (Prop_carry4_CI_CO[3])
                                                      0.117    46.605 r  vetrimodule/approxmd/linreg_plot/slope1_inferred__0/i___685/CO[3]
                         net (fo=1, routed)           0.000    46.605    vetrimodule/approxmd/linreg_plot/slope1_inferred__0/i___685_n_0
    SLICE_X54Y116        CARRY4 (Prop_carry4_CI_CO[1])
                                                      0.157    46.762 r  vetrimodule/approxmd/linreg_plot/slope1_inferred__0/i___686/CO[1]
                         net (fo=30, routed)          1.067    47.829    vetrimodule/approxmd/linreg_plot/slope10_in[8]
    SLICE_X52Y109        CARRY4 (Prop_carry4_CYINIT_CO[3])
                                                      0.803    48.632 r  vetrimodule/approxmd/linreg_plot/slope1_inferred__0/i___687/CO[3]
                         net (fo=1, routed)           0.000    48.632    vetrimodule/approxmd/linreg_plot/slope1_inferred__0/i___687_n_0
    SLICE_X52Y110        CARRY4 (Prop_carry4_CI_CO[3])
                                                      0.117    48.749 r  vetrimodule/approxmd/linreg_plot/slope1_inferred__0/i___688/CO[3]
                         net (fo=1, routed)           0.000    48.749    vetrimodule/approxmd/linreg_plot/slope1_inferred__0/i___688_n_0
    SLICE_X52Y111        CARRY4 (Prop_carry4_CI_CO[3])
                                                      0.117    48.866 r  vetrimodule/approxmd/linreg_plot/slope1_inferred__0/i___689/CO[3]
                         net (fo=1, routed)           0.000    48.866    vetrimodule/approxmd/linreg_plot/slope1_inferred__0/i___689_n_0
    SLICE_X52Y112        CARRY4 (Prop_carry4_CI_CO[3])
                                                      0.117    48.983 r  vetrimodule/approxmd/linreg_plot/slope1_inferred__0/i___690/CO[3]
                         net (fo=1, routed)           0.000    48.983    vetrimodule/approxmd/linreg_plot/slope1_inferred__0/i___690_n_0
    SLICE_X52Y113        CARRY4 (Prop_carry4_CI_CO[3])
                                                      0.117    49.100 r  vetrimodule/approxmd/linreg_plot/slope1_inferred__0/i___691/CO[3]
                         net (fo=1, routed)           0.000    49.100    vetrimodule/approxmd/linreg_plot/slope1_inferred__0/i___691_n_0
    SLICE_X52Y114        CARRY4 (Prop_carry4_CI_CO[3])
                                                      0.117    49.217 r  vetrimodule/approxmd/linreg_plot/slope1_inferred__0/i___692/CO[3]
                         net (fo=1, routed)           0.000    49.217    vetrimodule/approxmd/linreg_plot/slope1_inferred__0/i___692_n_0
    SLICE_X52Y115        CARRY4 (Prop_carry4_CI_CO[1])
                                                      0.157    49.374 r  vetrimodule/approxmd/linreg_plot/slope1_inferred__0/i___693/CO[1]
                         net (fo=30, routed)          1.023    50.396    vetrimodule/approxmd/linreg_plot/slope10_in[7]
    SLICE_X53Y106        LUT2 (Prop_lut2_I1_O)        0.332    50.729 r  vetrimodule/approxmd/linreg_plot/i___694_i_4/O
                         net (fo=1, routed)           0.000    50.729    vetrimodule/approxmd/linreg_plot/i___694_i_4_n_0
    SLICE_X53Y106        CARRY4 (Prop_carry4_S[1]_CO[3])
                                                      0.550    51.278 r  vetrimodule/approxmd/linreg_plot/slope1_inferred__0/i___694/CO[3]
                         net (fo=1, routed)           0.000    51.278    vetrimodule/approxmd/linreg_plot/slope1_inferred__0/i___694_n_0
    SLICE_X53Y107        CARRY4 (Prop_carry4_CI_CO[3])
                                                      0.114    51.392 r  vetrimodule/approxmd/linreg_plot/slope1_inferred__0/i___695/CO[3]
                         net (fo=1, routed)           0.000    51.392    vetrimodule/approxmd/linreg_plot/slope1_inferred__0/i___695_n_0
    SLICE_X53Y108        CARRY4 (Prop_carry4_CI_CO[3])
                                                      0.114    51.506 r  vetrimodule/approxmd/linreg_plot/slope1_inferred__0/i___696/CO[3]
                         net (fo=1, routed)           0.000    51.506    vetrimodule/approxmd/linreg_plot/slope1_inferred__0/i___696_n_0
    SLICE_X53Y109        CARRY4 (Prop_carry4_CI_CO[3])
                                                      0.114    51.620 r  vetrimodule/approxmd/linreg_plot/slope1_inferred__0/i___697/CO[3]
                         net (fo=1, routed)           0.000    51.620    vetrimodule/approxmd/linreg_plot/slope1_inferred__0/i___697_n_0
    SLICE_X53Y110        CARRY4 (Prop_carry4_CI_CO[3])
                                                      0.114    51.734 r  vetrimodule/approxmd/linreg_plot/slope1_inferred__0/i___698/CO[3]
                         net (fo=1, routed)           0.000    51.734    vetrimodule/approxmd/linreg_plot/slope1_inferred__0/i___698_n_0
    SLICE_X53Y111        CARRY4 (Prop_carry4_CI_CO[3])
                                                      0.114    51.848 r  vetrimodule/approxmd/linreg_plot/slope1_inferred__0/i___699/CO[3]
                         net (fo=1, routed)           0.000    51.848    vetrimodule/approxmd/linreg_plot/slope1_inferred__0/i___699_n_0
    SLICE_X53Y112        CARRY4 (Prop_carry4_CI_CO[1])
                                                      0.157    52.005 r  vetrimodule/approxmd/linreg_plot/slope1_inferred__0/i___700/CO[1]
                         net (fo=30, routed)          0.679    52.684    vetrimodule/approxmd/linreg_plot/slope10_in[6]
    SLICE_X53Y114        LUT2 (Prop_lut2_I1_O)        0.329    53.013 r  vetrimodule/approxmd/linreg_plot/i___701_i_4/O
                         net (fo=1, routed)           0.000    53.013    vetrimodule/approxmd/linreg_plot/i___701_i_4_n_0
    SLICE_X53Y114        CARRY4 (Prop_carry4_S[1]_CO[3])
                                                      0.550    53.563 r  vetrimodule/approxmd/linreg_plot/slope1_inferred__0/i___701/CO[3]
                         net (fo=1, routed)           0.000    53.563    vetrimodule/approxmd/linreg_plot/slope1_inferred__0/i___701_n_0
    SLICE_X53Y115        CARRY4 (Prop_carry4_CI_CO[3])
                                                      0.114    53.677 r  vetrimodule/approxmd/linreg_plot/slope1_inferred__0/i___702/CO[3]
                         net (fo=1, routed)           0.000    53.677    vetrimodule/approxmd/linreg_plot/slope1_inferred__0/i___702_n_0
    SLICE_X53Y116        CARRY4 (Prop_carry4_CI_CO[3])
                                                      0.114    53.791 r  vetrimodule/approxmd/linreg_plot/slope1_inferred__0/i___703/CO[3]
                         net (fo=1, routed)           0.000    53.791    vetrimodule/approxmd/linreg_plot/slope1_inferred__0/i___703_n_0
    SLICE_X53Y117        CARRY4 (Prop_carry4_CI_CO[3])
                                                      0.114    53.905 r  vetrimodule/approxmd/linreg_plot/slope1_inferred__0/i___704/CO[3]
                         net (fo=1, routed)           0.000    53.905    vetrimodule/approxmd/linreg_plot/slope1_inferred__0/i___704_n_0
    SLICE_X53Y118        CARRY4 (Prop_carry4_CI_CO[3])
                                                      0.114    54.019 r  vetrimodule/approxmd/linreg_plot/slope1_inferred__0/i___705/CO[3]
                         net (fo=1, routed)           0.000    54.019    vetrimodule/approxmd/linreg_plot/slope1_inferred__0/i___705_n_0
    SLICE_X53Y119        CARRY4 (Prop_carry4_CI_CO[3])
                                                      0.114    54.133 r  vetrimodule/approxmd/linreg_plot/slope1_inferred__0/i___706/CO[3]
                         net (fo=1, routed)           0.000    54.133    vetrimodule/approxmd/linreg_plot/slope1_inferred__0/i___706_n_0
    SLICE_X53Y120        CARRY4 (Prop_carry4_CI_CO[1])
                                                      0.157    54.290 r  vetrimodule/approxmd/linreg_plot/slope1_inferred__0/i___707/CO[1]
                         net (fo=30, routed)          0.883    55.174    vetrimodule/approxmd/linreg_plot/slope10_in[5]
    SLICE_X52Y117        LUT2 (Prop_lut2_I1_O)        0.329    55.503 r  vetrimodule/approxmd/linreg_plot/i___708_i_4/O
                         net (fo=1, routed)           0.000    55.503    vetrimodule/approxmd/linreg_plot/i___708_i_4_n_0
    SLICE_X52Y117        CARRY4 (Prop_carry4_S[1]_CO[3])
                                                      0.533    56.036 r  vetrimodule/approxmd/linreg_plot/slope1_inferred__0/i___708/CO[3]
                         net (fo=1, routed)           0.000    56.036    vetrimodule/approxmd/linreg_plot/slope1_inferred__0/i___708_n_0
    SLICE_X52Y118        CARRY4 (Prop_carry4_CI_CO[3])
                                                      0.117    56.153 r  vetrimodule/approxmd/linreg_plot/slope1_inferred__0/i___709/CO[3]
                         net (fo=1, routed)           0.000    56.153    vetrimodule/approxmd/linreg_plot/slope1_inferred__0/i___709_n_0
    SLICE_X52Y119        CARRY4 (Prop_carry4_CI_CO[3])
                                                      0.117    56.270 r  vetrimodule/approxmd/linreg_plot/slope1_inferred__0/i___710/CO[3]
                         net (fo=1, routed)           0.000    56.270    vetrimodule/approxmd/linreg_plot/slope1_inferred__0/i___710_n_0
    SLICE_X52Y120        CARRY4 (Prop_carry4_CI_CO[3])
                                                      0.117    56.387 r  vetrimodule/approxmd/linreg_plot/slope1_inferred__0/i___711/CO[3]
                         net (fo=1, routed)           0.000    56.387    vetrimodule/approxmd/linreg_plot/slope1_inferred__0/i___711_n_0
    SLICE_X52Y121        CARRY4 (Prop_carry4_CI_CO[3])
                                                      0.117    56.504 r  vetrimodule/approxmd/linreg_plot/slope1_inferred__0/i___712/CO[3]
                         net (fo=1, routed)           0.000    56.504    vetrimodule/approxmd/linreg_plot/slope1_inferred__0/i___712_n_0
    SLICE_X52Y122        CARRY4 (Prop_carry4_CI_CO[3])
                                                      0.117    56.621 r  vetrimodule/approxmd/linreg_plot/slope1_inferred__0/i___713/CO[3]
                         net (fo=1, routed)           0.000    56.621    vetrimodule/approxmd/linreg_plot/slope1_inferred__0/i___713_n_0
    SLICE_X52Y123        CARRY4 (Prop_carry4_CI_CO[1])
                                                      0.157    56.778 r  vetrimodule/approxmd/linreg_plot/slope1_inferred__0/i___714/CO[1]
                         net (fo=30, routed)          0.940    57.718    vetrimodule/approxmd/linreg_plot/slope10_in[4]
    SLICE_X50Y118        LUT2 (Prop_lut2_I1_O)        0.332    58.050 r  vetrimodule/approxmd/linreg_plot/i___715_i_4/O
                         net (fo=1, routed)           0.000    58.050    vetrimodule/approxmd/linreg_plot/i___715_i_4_n_0
    SLICE_X50Y118        CARRY4 (Prop_carry4_S[1]_CO[3])
                                                      0.533    58.583 r  vetrimodule/approxmd/linreg_plot/slope1_inferred__0/i___715/CO[3]
                         net (fo=1, routed)           0.000    58.583    vetrimodule/approxmd/linreg_plot/slope1_inferred__0/i___715_n_0
    SLICE_X50Y119        CARRY4 (Prop_carry4_CI_CO[3])
                                                      0.117    58.700 r  vetrimodule/approxmd/linreg_plot/slope1_inferred__0/i___716/CO[3]
                         net (fo=1, routed)           0.000    58.700    vetrimodule/approxmd/linreg_plot/slope1_inferred__0/i___716_n_0
    SLICE_X50Y120        CARRY4 (Prop_carry4_CI_CO[3])
                                                      0.117    58.817 r  vetrimodule/approxmd/linreg_plot/slope1_inferred__0/i___717/CO[3]
                         net (fo=1, routed)           0.000    58.817    vetrimodule/approxmd/linreg_plot/slope1_inferred__0/i___717_n_0
    SLICE_X50Y121        CARRY4 (Prop_carry4_CI_CO[3])
                                                      0.117    58.934 r  vetrimodule/approxmd/linreg_plot/slope1_inferred__0/i___718/CO[3]
                         net (fo=1, routed)           0.000    58.934    vetrimodule/approxmd/linreg_plot/slope1_inferred__0/i___718_n_0
    SLICE_X50Y122        CARRY4 (Prop_carry4_CI_CO[3])
                                                      0.117    59.051 r  vetrimodule/approxmd/linreg_plot/slope1_inferred__0/i___719/CO[3]
                         net (fo=1, routed)           0.000    59.051    vetrimodule/approxmd/linreg_plot/slope1_inferred__0/i___719_n_0
    SLICE_X50Y123        CARRY4 (Prop_carry4_CI_CO[3])
                                                      0.117    59.168 r  vetrimodule/approxmd/linreg_plot/slope1_inferred__0/i___720/CO[3]
                         net (fo=1, routed)           0.000    59.168    vetrimodule/approxmd/linreg_plot/slope1_inferred__0/i___720_n_0
    SLICE_X50Y124        CARRY4 (Prop_carry4_CI_CO[1])
                                                      0.157    59.325 r  vetrimodule/approxmd/linreg_plot/slope1_inferred__0/i___721/CO[1]
                         net (fo=30, routed)          1.042    60.366    vetrimodule/approxmd/linreg_plot/slope10_in[3]
    SLICE_X56Y119        LUT2 (Prop_lut2_I1_O)        0.332    60.698 r  vetrimodule/approxmd/linreg_plot/i___722_i_4/O
                         net (fo=1, routed)           0.000    60.698    vetrimodule/approxmd/linreg_plot/i___722_i_4_n_0
    SLICE_X56Y119        CARRY4 (Prop_carry4_S[1]_CO[3])
                                                      0.533    61.231 r  vetrimodule/approxmd/linreg_plot/slope1_inferred__0/i___722/CO[3]
                         net (fo=1, routed)           0.000    61.231    vetrimodule/approxmd/linreg_plot/slope1_inferred__0/i___722_n_0
    SLICE_X56Y120        CARRY4 (Prop_carry4_CI_CO[3])
                                                      0.117    61.348 r  vetrimodule/approxmd/linreg_plot/slope1_inferred__0/i___723/CO[3]
                         net (fo=1, routed)           0.000    61.348    vetrimodule/approxmd/linreg_plot/slope1_inferred__0/i___723_n_0
    SLICE_X56Y121        CARRY4 (Prop_carry4_CI_CO[3])
                                                      0.117    61.465 r  vetrimodule/approxmd/linreg_plot/slope1_inferred__0/i___724/CO[3]
                         net (fo=1, routed)           0.000    61.465    vetrimodule/approxmd/linreg_plot/slope1_inferred__0/i___724_n_0
    SLICE_X56Y122        CARRY4 (Prop_carry4_CI_CO[3])
                                                      0.117    61.582 r  vetrimodule/approxmd/linreg_plot/slope1_inferred__0/i___725/CO[3]
                         net (fo=1, routed)           0.000    61.582    vetrimodule/approxmd/linreg_plot/slope1_inferred__0/i___725_n_0
    SLICE_X56Y123        CARRY4 (Prop_carry4_CI_CO[3])
                                                      0.117    61.699 r  vetrimodule/approxmd/linreg_plot/slope1_inferred__0/i___726/CO[3]
                         net (fo=1, routed)           0.000    61.699    vetrimodule/approxmd/linreg_plot/slope1_inferred__0/i___726_n_0
    SLICE_X56Y124        CARRY4 (Prop_carry4_CI_CO[3])
                                                      0.117    61.816 r  vetrimodule/approxmd/linreg_plot/slope1_inferred__0/i___727/CO[3]
                         net (fo=1, routed)           0.009    61.825    vetrimodule/approxmd/linreg_plot/slope1_inferred__0/i___727_n_0
    SLICE_X56Y125        CARRY4 (Prop_carry4_CI_CO[1])
                                                      0.157    61.982 r  vetrimodule/approxmd/linreg_plot/slope1_inferred__0/i___728/CO[1]
                         net (fo=30, routed)          0.945    62.928    vetrimodule/approxmd/linreg_plot/slope10_in[2]
    SLICE_X57Y118        LUT2 (Prop_lut2_I1_O)        0.332    63.260 r  vetrimodule/approxmd/linreg_plot/i___729_i_4/O
                         net (fo=1, routed)           0.000    63.260    vetrimodule/approxmd/linreg_plot/i___729_i_4_n_0
    SLICE_X57Y118        CARRY4 (Prop_carry4_S[1]_CO[3])
                                                      0.550    63.810 r  vetrimodule/approxmd/linreg_plot/slope1_inferred__0/i___729/CO[3]
                         net (fo=1, routed)           0.000    63.810    vetrimodule/approxmd/linreg_plot/slope1_inferred__0/i___729_n_0
    SLICE_X57Y119        CARRY4 (Prop_carry4_CI_CO[3])
                                                      0.114    63.924 r  vetrimodule/approxmd/linreg_plot/slope1_inferred__0/i___730/CO[3]
                         net (fo=1, routed)           0.000    63.924    vetrimodule/approxmd/linreg_plot/slope1_inferred__0/i___730_n_0
    SLICE_X57Y120        CARRY4 (Prop_carry4_CI_CO[3])
                                                      0.114    64.038 r  vetrimodule/approxmd/linreg_plot/slope1_inferred__0/i___731/CO[3]
                         net (fo=1, routed)           0.000    64.038    vetrimodule/approxmd/linreg_plot/slope1_inferred__0/i___731_n_0
    SLICE_X57Y121        CARRY4 (Prop_carry4_CI_CO[3])
                                                      0.114    64.152 r  vetrimodule/approxmd/linreg_plot/slope1_inferred__0/i___732/CO[3]
                         net (fo=1, routed)           0.000    64.152    vetrimodule/approxmd/linreg_plot/slope1_inferred__0/i___732_n_0
    SLICE_X57Y122        CARRY4 (Prop_carry4_CI_CO[3])
                                                      0.114    64.266 r  vetrimodule/approxmd/linreg_plot/slope1_inferred__0/i___733/CO[3]
                         net (fo=1, routed)           0.000    64.266    vetrimodule/approxmd/linreg_plot/slope1_inferred__0/i___733_n_0
    SLICE_X57Y123        CARRY4 (Prop_carry4_CI_CO[3])
                                                      0.114    64.380 r  vetrimodule/approxmd/linreg_plot/slope1_inferred__0/i___734/CO[3]
                         net (fo=1, routed)           0.000    64.380    vetrimodule/approxmd/linreg_plot/slope1_inferred__0/i___734_n_0
    SLICE_X57Y124        CARRY4 (Prop_carry4_CI_CO[1])
                                                      0.157    64.537 r  vetrimodule/approxmd/linreg_plot/slope1_inferred__0/i___735/CO[1]
                         net (fo=30, routed)          0.921    65.458    vetrimodule/approxmd/linreg_plot/slope10_in[1]
    SLICE_X55Y118        LUT2 (Prop_lut2_I1_O)        0.329    65.787 r  vetrimodule/approxmd/linreg_plot/i___736_i_5/O
                         net (fo=1, routed)           0.000    65.787    vetrimodule/approxmd/linreg_plot/i___736_i_5_n_0
    SLICE_X55Y118        CARRY4 (Prop_carry4_S[0]_CO[3])
                                                      0.532    66.319 r  vetrimodule/approxmd/linreg_plot/slope1_inferred__0/i___736/CO[3]
                         net (fo=1, routed)           0.000    66.319    vetrimodule/approxmd/linreg_plot/slope1_inferred__0/i___736_n_0
    SLICE_X55Y119        CARRY4 (Prop_carry4_CI_CO[3])
                                                      0.114    66.433 r  vetrimodule/approxmd/linreg_plot/slope1_inferred__0/i___737/CO[3]
                         net (fo=1, routed)           0.000    66.433    vetrimodule/approxmd/linreg_plot/slope1_inferred__0/i___737_n_0
    SLICE_X55Y120        CARRY4 (Prop_carry4_CI_CO[3])
                                                      0.114    66.547 r  vetrimodule/approxmd/linreg_plot/slope1_inferred__0/i___738/CO[3]
                         net (fo=1, routed)           0.000    66.547    vetrimodule/approxmd/linreg_plot/slope1_inferred__0/i___738_n_0
    SLICE_X55Y121        CARRY4 (Prop_carry4_CI_CO[3])
                                                      0.114    66.661 r  vetrimodule/approxmd/linreg_plot/slope1_inferred__0/i___739/CO[3]
                         net (fo=1, routed)           0.000    66.661    vetrimodule/approxmd/linreg_plot/slope1_inferred__0/i___739_n_0
    SLICE_X55Y122        CARRY4 (Prop_carry4_CI_CO[3])
                                                      0.114    66.775 r  vetrimodule/approxmd/linreg_plot/slope1_inferred__0/i___740/CO[3]
                         net (fo=1, routed)           0.000    66.775    vetrimodule/approxmd/linreg_plot/slope1_inferred__0/i___740_n_0
    SLICE_X55Y123        CARRY4 (Prop_carry4_CI_CO[3])
                                                      0.114    66.889 r  vetrimodule/approxmd/linreg_plot/slope1_inferred__0/i___741/CO[3]
                         net (fo=1, routed)           0.000    66.889    vetrimodule/approxmd/linreg_plot/slope1_inferred__0/i___741_n_0
    SLICE_X55Y124        CARRY4 (Prop_carry4_CI_CO[0])
                                                      0.271    67.160 f  vetrimodule/approxmd/linreg_plot/slope1_inferred__0/i___742/CO[0]
                         net (fo=2, routed)           0.369    67.529    vetrimodule/approxmd/linreg_plot/slope10_in[0]
    SLICE_X57Y125        LUT1 (Prop_lut1_I0_O)        0.373    67.902 r  vetrimodule/approxmd/linreg_plot/slope[4]_i_3/O
                         net (fo=1, routed)           0.384    68.286    vetrimodule/approxmd/linreg_plot/slope[4]_i_3_n_0
    SLICE_X54Y124        CARRY4 (Prop_carry4_CYINIT_CO[3])
                                                      0.595    68.881 r  vetrimodule/approxmd/linreg_plot/slope_reg[4]_i_2/CO[3]
                         net (fo=1, routed)           0.009    68.890    vetrimodule/approxmd/linreg_plot/slope_reg[4]_i_2_n_0
    SLICE_X54Y125        CARRY4 (Prop_carry4_CI_CO[3])
                                                      0.117    69.007 r  vetrimodule/approxmd/linreg_plot/slope_reg[8]_i_2/CO[3]
                         net (fo=1, routed)           0.000    69.007    vetrimodule/approxmd/linreg_plot/slope_reg[8]_i_2_n_0
    SLICE_X54Y126        CARRY4 (Prop_carry4_CI_CO[3])
                                                      0.117    69.124 r  vetrimodule/approxmd/linreg_plot/slope_reg[12]_i_2/CO[3]
                         net (fo=1, routed)           0.000    69.124    vetrimodule/approxmd/linreg_plot/slope_reg[12]_i_2_n_0
    SLICE_X54Y127        CARRY4 (Prop_carry4_CI_O[2])
                                                      0.239    69.363 r  vetrimodule/approxmd/linreg_plot/slope_reg[16]_i_2/O[2]
                         net (fo=1, routed)           0.411    69.774    vetrimodule/approxmd/linreg_plot/slope1[15]
    SLICE_X55Y128        LUT5 (Prop_lut5_I4_O)        0.301    70.075 r  vetrimodule/approxmd/linreg_plot/slope[15]_i_1/O
                         net (fo=1, routed)           0.000    70.075    vetrimodule/approxmd/linreg_plot/slope[15]
    SLICE_X55Y128        FDCE                                         r  vetrimodule/approxmd/linreg_plot/slope_reg[15]/D
  -------------------------------------------------------------------    -------------------

                         (clock sys_clk_pin rise edge)
                                                     10.000    10.000 r  
    W5                                                0.000    10.000 r  CLOCK (IN)
                         net (fo=0)                   0.000    10.000    CLOCK
    W5                   IBUF (Prop_ibuf_I_O)         1.388    11.388 r  CLOCK_IBUF_inst/O
                         net (fo=1, routed)           1.862    13.250    CLOCK_IBUF
    BUFGCTRL_X0Y0        BUFG (Prop_bufg_I_O)         0.091    13.341 r  CLOCK_IBUF_BUFG_inst/O
                         net (fo=4568, routed)        1.601    14.942    vetrimodule/approxmd/linreg_plot/CLOCK_IBUF_BUFG
    SLICE_X55Y128        FDCE                                         r  vetrimodule/approxmd/linreg_plot/slope_reg[15]/C
                         clock pessimism              0.187    15.129    
                         clock uncertainty           -0.035    15.094    
    SLICE_X55Y128        FDCE (Setup_fdce_C_D)        0.031    15.125    vetrimodule/approxmd/linreg_plot/slope_reg[15]
  -------------------------------------------------------------------
                         required time                         15.125    
                         arrival time                         -70.075    
  -------------------------------------------------------------------
                         slack                                -54.950    

Slack (VIOLATED) :        -54.923ns  (required time - arrival time)
  Source:                 vetrimodule/approxmd/linreg_plot/temp2_reg[0]/C
                            (rising edge-triggered cell FDCE clocked by sys_clk_pin  {rise@0.000ns fall@5.000ns period=10.000ns})
  Destination:            vetrimodule/approxmd/linreg_plot/slope_reg[16]/D
                            (rising edge-triggered cell FDCE clocked by sys_clk_pin  {rise@0.000ns fall@5.000ns period=10.000ns})
  Path Group:             sys_clk_pin
  Path Type:              Setup (Max at Slow Process Corner)
  Requirement:            10.000ns  (sys_clk_pin rise@10.000ns - sys_clk_pin rise@0.000ns)
  Data Path Delay:        64.902ns  (logic 41.817ns (64.431%)  route 23.085ns (35.569%))
  Logic Levels:           198  (CARRY4=172 LUT1=2 LUT2=10 LUT3=1 LUT4=1 LUT5=12)
  Clock Path Skew:        -0.017ns (DCD - SCD + CPR)
    Destination Clock Delay (DCD):    4.939ns = ( 14.939 - 10.000 ) 
    Source Clock Delay      (SCD):    5.143ns
    Clock Pessimism Removal (CPR):    0.187ns
  Clock Uncertainty:      0.035ns  ((TSJ^2 + TIJ^2)^1/2 + DJ) / 2 + PE
    Total System Jitter     (TSJ):    0.071ns
    Total Input Jitter      (TIJ):    0.000ns
    Discrete Jitter          (DJ):    0.000ns
    Phase Error              (PE):    0.000ns

    Location             Delay type                Incr(ns)  Path(ns)    Netlist Resource(s)
  -------------------------------------------------------------------    -------------------
                         (clock sys_clk_pin rise edge)
                                                      0.000     0.000 r  
    W5                                                0.000     0.000 r  CLOCK (IN)
                         net (fo=0)                   0.000     0.000    CLOCK
    W5                   IBUF (Prop_ibuf_I_O)         1.458     1.458 r  CLOCK_IBUF_inst/O
                         net (fo=1, routed)           1.967     3.425    CLOCK_IBUF
    BUFGCTRL_X0Y0        BUFG (Prop_bufg_I_O)         0.096     3.521 r  CLOCK_IBUF_BUFG_inst/O
                         net (fo=4568, routed)        1.622     5.143    vetrimodule/approxmd/linreg_plot/CLOCK_IBUF_BUFG
    SLICE_X58Y88         FDCE                                         r  vetrimodule/approxmd/linreg_plot/temp2_reg[0]/C
  -------------------------------------------------------------------    -------------------
    SLICE_X58Y88         FDCE (Prop_fdce_C_Q)         0.456     5.599 f  vetrimodule/approxmd/linreg_plot/temp2_reg[0]/Q
                         net (fo=36, routed)          0.301     5.900    vetrimodule/approxmd/linreg_plot/temp2[0]
    SLICE_X59Y88         LUT1 (Prop_lut1_I0_O)        0.124     6.024 r  vetrimodule/approxmd/linreg_plot/slope20_carry_i_1/O
                         net (fo=1, routed)           0.336     6.360    vetrimodule/approxmd/linreg_plot/slope20_carry_i_1_n_0
    SLICE_X58Y87         CARRY4 (Prop_carry4_CYINIT_CO[3])
                                                      0.580     6.940 r  vetrimodule/approxmd/linreg_plot/slope20_carry/CO[3]
                         net (fo=1, routed)           0.000     6.940    vetrimodule/approxmd/linreg_plot/slope20_carry_n_0
    SLICE_X58Y88         CARRY4 (Prop_carry4_CI_CO[3])
                                                      0.114     7.054 r  vetrimodule/approxmd/linreg_plot/slope20_carry__0/CO[3]
                         net (fo=1, routed)           0.000     7.054    vetrimodule/approxmd/linreg_plot/slope20_carry__0_n_0
    SLICE_X58Y89         CARRY4 (Prop_carry4_CI_CO[3])
                                                      0.114     7.168 r  vetrimodule/approxmd/linreg_plot/slope20_carry__1/CO[3]
                         net (fo=1, routed)           0.000     7.168    vetrimodule/approxmd/linreg_plot/slope20_carry__1_n_0
    SLICE_X58Y90         CARRY4 (Prop_carry4_CI_CO[0])
                                                      0.271     7.439 r  vetrimodule/approxmd/linreg_plot/i___578_i_9/CO[0]
                         net (fo=275, routed)         0.976     8.415    vetrimodule/approxmd/linreg_plot/i___578_i_9_n_3
    SLICE_X58Y94         LUT2 (Prop_lut2_I0_O)        0.373     8.788 r  vetrimodule/approxmd/linreg_plot/i___578_i_7/O
                         net (fo=1, routed)           0.000     8.788    vetrimodule/approxmd/linreg_plot/i___578_i_7_n_0
    SLICE_X58Y94         CARRY4 (Prop_carry4_S[1]_CO[3])
                                                      0.550     9.338 r  vetrimodule/approxmd/linreg_plot/slope1_inferred__0/i___578/CO[3]
                         net (fo=1, routed)           0.000     9.338    vetrimodule/approxmd/linreg_plot/slope1_inferred__0/i___578_n_0
    SLICE_X58Y95         CARRY4 (Prop_carry4_CI_CO[3])
                                                      0.114     9.452 r  vetrimodule/approxmd/linreg_plot/slope1_inferred__0/i___579/CO[3]
                         net (fo=1, routed)           0.000     9.452    vetrimodule/approxmd/linreg_plot/slope1_inferred__0/i___579_n_0
    SLICE_X58Y96         CARRY4 (Prop_carry4_CI_CO[3])
                                                      0.114     9.566 r  vetrimodule/approxmd/linreg_plot/slope1_inferred__0/i___580/CO[3]
                         net (fo=1, routed)           0.000     9.566    vetrimodule/approxmd/linreg_plot/slope1_inferred__0/i___580_n_0
    SLICE_X58Y97         CARRY4 (Prop_carry4_CI_CO[0])
                                                      0.271     9.837 r  vetrimodule/approxmd/linreg_plot/slope1_inferred__0/i___581/CO[0]
                         net (fo=27, routed)          0.923    10.760    vetrimodule/approxmd/linreg_plot/slope1_inferred__0/i___581_n_3
    SLICE_X59Y90         LUT4 (Prop_lut4_I0_O)        0.373    11.133 r  vetrimodule/approxmd/linreg_plot/i___582_i_4/O
                         net (fo=1, routed)           0.000    11.133    vetrimodule/approxmd/linreg_plot/i___582_i_4_n_0
    SLICE_X59Y90         CARRY4 (Prop_carry4_S[1]_CO[3])
                                                      0.550    11.683 r  vetrimodule/approxmd/linreg_plot/slope1_inferred__0/i___582/CO[3]
                         net (fo=1, routed)           0.000    11.683    vetrimodule/approxmd/linreg_plot/slope1_inferred__0/i___582_n_0
    SLICE_X59Y91         CARRY4 (Prop_carry4_CI_CO[3])
                                                      0.114    11.797 r  vetrimodule/approxmd/linreg_plot/slope1_inferred__0/i___583/CO[3]
                         net (fo=1, routed)           0.000    11.797    vetrimodule/approxmd/linreg_plot/slope1_inferred__0/i___583_n_0
    SLICE_X59Y92         CARRY4 (Prop_carry4_CI_CO[3])
                                                      0.114    11.911 r  vetrimodule/approxmd/linreg_plot/slope1_inferred__0/i___584/CO[3]
                         net (fo=1, routed)           0.000    11.911    vetrimodule/approxmd/linreg_plot/slope1_inferred__0/i___584_n_0
    SLICE_X59Y93         CARRY4 (Prop_carry4_CI_CO[3])
                                                      0.114    12.025 r  vetrimodule/approxmd/linreg_plot/slope1_inferred__0/i___585/CO[3]
                         net (fo=1, routed)           0.000    12.025    vetrimodule/approxmd/linreg_plot/slope1_inferred__0/i___585_n_0
    SLICE_X59Y94         CARRY4 (Prop_carry4_CI_CO[3])
                                                      0.114    12.139 r  vetrimodule/approxmd/linreg_plot/slope1_inferred__0/i___586/CO[3]
                         net (fo=1, routed)           0.000    12.139    vetrimodule/approxmd/linreg_plot/slope1_inferred__0/i___586_n_0
    SLICE_X59Y95         CARRY4 (Prop_carry4_CI_CO[3])
                                                      0.114    12.253 r  vetrimodule/approxmd/linreg_plot/slope1_inferred__0/i___587/CO[3]
                         net (fo=1, routed)           0.000    12.253    vetrimodule/approxmd/linreg_plot/slope1_inferred__0/i___587_n_0
    SLICE_X59Y96         CARRY4 (Prop_carry4_CI_CO[1])
                                                      0.157    12.410 r  vetrimodule/approxmd/linreg_plot/slope1_inferred__0/i___588/CO[1]
                         net (fo=27, routed)          1.093    13.502    vetrimodule/approxmd/linreg_plot/slope1_inferred__0/i___588_n_2
    SLICE_X57Y89         LUT5 (Prop_lut5_I0_O)        0.329    13.831 r  vetrimodule/approxmd/linreg_plot/i___589_i_4/O
                         net (fo=1, routed)           0.000    13.831    vetrimodule/approxmd/linreg_plot/i___589_i_4_n_0
    SLICE_X57Y89         CARRY4 (Prop_carry4_S[1]_CO[3])
                                                      0.550    14.381 r  vetrimodule/approxmd/linreg_plot/slope1_inferred__0/i___589/CO[3]
                         net (fo=1, routed)           0.000    14.381    vetrimodule/approxmd/linreg_plot/slope1_inferred__0/i___589_n_0
    SLICE_X57Y90         CARRY4 (Prop_carry4_CI_CO[3])
                                                      0.114    14.495 r  vetrimodule/approxmd/linreg_plot/slope1_inferred__0/i___590/CO[3]
                         net (fo=1, routed)           0.000    14.495    vetrimodule/approxmd/linreg_plot/slope1_inferred__0/i___590_n_0
    SLICE_X57Y91         CARRY4 (Prop_carry4_CI_CO[3])
                                                      0.114    14.609 r  vetrimodule/approxmd/linreg_plot/slope1_inferred__0/i___591/CO[3]
                         net (fo=1, routed)           0.000    14.609    vetrimodule/approxmd/linreg_plot/slope1_inferred__0/i___591_n_0
    SLICE_X57Y92         CARRY4 (Prop_carry4_CI_CO[3])
                                                      0.114    14.723 r  vetrimodule/approxmd/linreg_plot/slope1_inferred__0/i___592/CO[3]
                         net (fo=1, routed)           0.000    14.723    vetrimodule/approxmd/linreg_plot/slope1_inferred__0/i___592_n_0
    SLICE_X57Y93         CARRY4 (Prop_carry4_CI_CO[3])
                                                      0.114    14.837 r  vetrimodule/approxmd/linreg_plot/slope1_inferred__0/i___593/CO[3]
                         net (fo=1, routed)           0.000    14.837    vetrimodule/approxmd/linreg_plot/slope1_inferred__0/i___593_n_0
    SLICE_X57Y94         CARRY4 (Prop_carry4_CI_CO[3])
                                                      0.114    14.951 r  vetrimodule/approxmd/linreg_plot/slope1_inferred__0/i___594/CO[3]
                         net (fo=1, routed)           0.000    14.951    vetrimodule/approxmd/linreg_plot/slope1_inferred__0/i___594_n_0
    SLICE_X57Y95         CARRY4 (Prop_carry4_CI_CO[1])
                                                      0.157    15.108 r  vetrimodule/approxmd/linreg_plot/slope1_inferred__0/i___595/CO[1]
                         net (fo=29, routed)          1.030    16.138    vetrimodule/approxmd/linreg_plot/slope10_in[21]
    SLICE_X55Y87         LUT5 (Prop_lut5_I0_O)        0.329    16.467 r  vetrimodule/approxmd/linreg_plot/i___596_i_4/O
                         net (fo=1, routed)           0.000    16.467    vetrimodule/approxmd/linreg_plot/i___596_i_4_n_0
    SLICE_X55Y87         CARRY4 (Prop_carry4_S[1]_CO[3])
                                                      0.550    17.017 r  vetrimodule/approxmd/linreg_plot/slope1_inferred__0/i___596/CO[3]
                         net (fo=1, routed)           0.000    17.017    vetrimodule/approxmd/linreg_plot/slope1_inferred__0/i___596_n_0
    SLICE_X55Y88         CARRY4 (Prop_carry4_CI_CO[3])
                                                      0.114    17.131 r  vetrimodule/approxmd/linreg_plot/slope1_inferred__0/i___597/CO[3]
                         net (fo=1, routed)           0.000    17.131    vetrimodule/approxmd/linreg_plot/slope1_inferred__0/i___597_n_0
    SLICE_X55Y89         CARRY4 (Prop_carry4_CI_CO[3])
                                                      0.114    17.245 r  vetrimodule/approxmd/linreg_plot/slope1_inferred__0/i___598/CO[3]
                         net (fo=1, routed)           0.000    17.245    vetrimodule/approxmd/linreg_plot/slope1_inferred__0/i___598_n_0
    SLICE_X55Y90         CARRY4 (Prop_carry4_CI_CO[3])
                                                      0.114    17.359 r  vetrimodule/approxmd/linreg_plot/slope1_inferred__0/i___599/CO[3]
                         net (fo=1, routed)           0.000    17.359    vetrimodule/approxmd/linreg_plot/slope1_inferred__0/i___599_n_0
    SLICE_X55Y91         CARRY4 (Prop_carry4_CI_CO[3])
                                                      0.114    17.473 r  vetrimodule/approxmd/linreg_plot/slope1_inferred__0/i___600/CO[3]
                         net (fo=1, routed)           0.000    17.473    vetrimodule/approxmd/linreg_plot/slope1_inferred__0/i___600_n_0
    SLICE_X55Y92         CARRY4 (Prop_carry4_CI_CO[3])
                                                      0.114    17.587 r  vetrimodule/approxmd/linreg_plot/slope1_inferred__0/i___601/CO[3]
                         net (fo=1, routed)           0.000    17.587    vetrimodule/approxmd/linreg_plot/slope1_inferred__0/i___601_n_0
    SLICE_X55Y93         CARRY4 (Prop_carry4_CI_CO[1])
                                                      0.157    17.744 r  vetrimodule/approxmd/linreg_plot/slope1_inferred__0/i___602/CO[1]
                         net (fo=29, routed)          0.888    18.632    vetrimodule/approxmd/linreg_plot/slope10_in[20]
    SLICE_X54Y86         LUT5 (Prop_lut5_I0_O)        0.329    18.961 r  vetrimodule/approxmd/linreg_plot/i___603_i_4/O
                         net (fo=1, routed)           0.000    18.961    vetrimodule/approxmd/linreg_plot/i___603_i_4_n_0
    SLICE_X54Y86         CARRY4 (Prop_carry4_S[1]_CO[3])
                                                      0.533    19.494 r  vetrimodule/approxmd/linreg_plot/slope1_inferred__0/i___603/CO[3]
                         net (fo=1, routed)           0.000    19.494    vetrimodule/approxmd/linreg_plot/slope1_inferred__0/i___603_n_0
    SLICE_X54Y87         CARRY4 (Prop_carry4_CI_CO[3])
                                                      0.117    19.611 r  vetrimodule/approxmd/linreg_plot/slope1_inferred__0/i___604/CO[3]
                         net (fo=1, routed)           0.000    19.611    vetrimodule/approxmd/linreg_plot/slope1_inferred__0/i___604_n_0
    SLICE_X54Y88         CARRY4 (Prop_carry4_CI_CO[3])
                                                      0.117    19.728 r  vetrimodule/approxmd/linreg_plot/slope1_inferred__0/i___605/CO[3]
                         net (fo=1, routed)           0.000    19.728    vetrimodule/approxmd/linreg_plot/slope1_inferred__0/i___605_n_0
    SLICE_X54Y89         CARRY4 (Prop_carry4_CI_CO[3])
                                                      0.117    19.845 r  vetrimodule/approxmd/linreg_plot/slope1_inferred__0/i___606/CO[3]
                         net (fo=1, routed)           0.000    19.845    vetrimodule/approxmd/linreg_plot/slope1_inferred__0/i___606_n_0
    SLICE_X54Y90         CARRY4 (Prop_carry4_CI_CO[3])
                                                      0.117    19.962 r  vetrimodule/approxmd/linreg_plot/slope1_inferred__0/i___607/CO[3]
                         net (fo=1, routed)           0.000    19.962    vetrimodule/approxmd/linreg_plot/slope1_inferred__0/i___607_n_0
    SLICE_X54Y91         CARRY4 (Prop_carry4_CI_CO[3])
                                                      0.117    20.079 r  vetrimodule/approxmd/linreg_plot/slope1_inferred__0/i___608/CO[3]
                         net (fo=1, routed)           0.000    20.079    vetrimodule/approxmd/linreg_plot/slope1_inferred__0/i___608_n_0
    SLICE_X54Y92         CARRY4 (Prop_carry4_CI_CO[1])
                                                      0.157    20.236 r  vetrimodule/approxmd/linreg_plot/slope1_inferred__0/i___609/CO[1]
                         net (fo=29, routed)          0.666    20.902    vetrimodule/approxmd/linreg_plot/slope10_in[19]
    SLICE_X54Y93         LUT5 (Prop_lut5_I0_O)        0.332    21.234 r  vetrimodule/approxmd/linreg_plot/i___610_i_4/O
                         net (fo=1, routed)           0.000    21.234    vetrimodule/approxmd/linreg_plot/i___610_i_4_n_0
    SLICE_X54Y93         CARRY4 (Prop_carry4_S[1]_CO[3])
                                                      0.533    21.767 r  vetrimodule/approxmd/linreg_plot/slope1_inferred__0/i___610/CO[3]
                         net (fo=1, routed)           0.000    21.767    vetrimodule/approxmd/linreg_plot/slope1_inferred__0/i___610_n_0
    SLICE_X54Y94         CARRY4 (Prop_carry4_CI_CO[3])
                                                      0.117    21.884 r  vetrimodule/approxmd/linreg_plot/slope1_inferred__0/i___611/CO[3]
                         net (fo=1, routed)           0.000    21.884    vetrimodule/approxmd/linreg_plot/slope1_inferred__0/i___611_n_0
    SLICE_X54Y95         CARRY4 (Prop_carry4_CI_CO[3])
                                                      0.117    22.001 r  vetrimodule/approxmd/linreg_plot/slope1_inferred__0/i___612/CO[3]
                         net (fo=1, routed)           0.000    22.001    vetrimodule/approxmd/linreg_plot/slope1_inferred__0/i___612_n_0
    SLICE_X54Y96         CARRY4 (Prop_carry4_CI_CO[3])
                                                      0.117    22.118 r  vetrimodule/approxmd/linreg_plot/slope1_inferred__0/i___613/CO[3]
                         net (fo=1, routed)           0.000    22.118    vetrimodule/approxmd/linreg_plot/slope1_inferred__0/i___613_n_0
    SLICE_X54Y97         CARRY4 (Prop_carry4_CI_CO[3])
                                                      0.117    22.235 r  vetrimodule/approxmd/linreg_plot/slope1_inferred__0/i___614/CO[3]
                         net (fo=1, routed)           0.000    22.235    vetrimodule/approxmd/linreg_plot/slope1_inferred__0/i___614_n_0
    SLICE_X54Y98         CARRY4 (Prop_carry4_CI_CO[3])
                                                      0.117    22.352 r  vetrimodule/approxmd/linreg_plot/slope1_inferred__0/i___615/CO[3]
                         net (fo=1, routed)           0.000    22.352    vetrimodule/approxmd/linreg_plot/slope1_inferred__0/i___615_n_0
    SLICE_X54Y99         CARRY4 (Prop_carry4_CI_CO[1])
                                                      0.157    22.509 r  vetrimodule/approxmd/linreg_plot/slope1_inferred__0/i___616/CO[1]
                         net (fo=29, routed)          0.786    23.296    vetrimodule/approxmd/linreg_plot/slope10_in[18]
    SLICE_X56Y94         LUT5 (Prop_lut5_I0_O)        0.332    23.628 r  vetrimodule/approxmd/linreg_plot/i___617_i_4/O
                         net (fo=1, routed)           0.000    23.628    vetrimodule/approxmd/linreg_plot/i___617_i_4_n_0
    SLICE_X56Y94         CARRY4 (Prop_carry4_S[1]_CO[3])
                                                      0.533    24.161 r  vetrimodule/approxmd/linreg_plot/slope1_inferred__0/i___617/CO[3]
                         net (fo=1, routed)           0.000    24.161    vetrimodule/approxmd/linreg_plot/slope1_inferred__0/i___617_n_0
    SLICE_X56Y95         CARRY4 (Prop_carry4_CI_CO[3])
                                                      0.117    24.278 r  vetrimodule/approxmd/linreg_plot/slope1_inferred__0/i___618/CO[3]
                         net (fo=1, routed)           0.000    24.278    vetrimodule/approxmd/linreg_plot/slope1_inferred__0/i___618_n_0
    SLICE_X56Y96         CARRY4 (Prop_carry4_CI_CO[3])
                                                      0.117    24.395 r  vetrimodule/approxmd/linreg_plot/slope1_inferred__0/i___619/CO[3]
                         net (fo=1, routed)           0.000    24.395    vetrimodule/approxmd/linreg_plot/slope1_inferred__0/i___619_n_0
    SLICE_X56Y97         CARRY4 (Prop_carry4_CI_CO[3])
                                                      0.117    24.512 r  vetrimodule/approxmd/linreg_plot/slope1_inferred__0/i___620/CO[3]
                         net (fo=1, routed)           0.000    24.512    vetrimodule/approxmd/linreg_plot/slope1_inferred__0/i___620_n_0
    SLICE_X56Y98         CARRY4 (Prop_carry4_CI_CO[3])
                                                      0.117    24.629 r  vetrimodule/approxmd/linreg_plot/slope1_inferred__0/i___621/CO[3]
                         net (fo=1, routed)           0.000    24.629    vetrimodule/approxmd/linreg_plot/slope1_inferred__0/i___621_n_0
    SLICE_X56Y99         CARRY4 (Prop_carry4_CI_CO[3])
                                                      0.117    24.746 r  vetrimodule/approxmd/linreg_plot/slope1_inferred__0/i___622/CO[3]
                         net (fo=1, routed)           0.001    24.746    vetrimodule/approxmd/linreg_plot/slope1_inferred__0/i___622_n_0
    SLICE_X56Y100        CARRY4 (Prop_carry4_CI_CO[1])
                                                      0.157    24.903 r  vetrimodule/approxmd/linreg_plot/slope1_inferred__0/i___623/CO[1]
                         net (fo=29, routed)          0.864    25.767    vetrimodule/approxmd/linreg_plot/slope10_in[17]
    SLICE_X55Y95         LUT5 (Prop_lut5_I0_O)        0.332    26.099 r  vetrimodule/approxmd/linreg_plot/i___624_i_4/O
                         net (fo=1, routed)           0.000    26.099    vetrimodule/approxmd/linreg_plot/i___624_i_4_n_0
    SLICE_X55Y95         CARRY4 (Prop_carry4_S[1]_CO[3])
                                                      0.550    26.649 r  vetrimodule/approxmd/linreg_plot/slope1_inferred__0/i___624/CO[3]
                         net (fo=1, routed)           0.000    26.649    vetrimodule/approxmd/linreg_plot/slope1_inferred__0/i___624_n_0
    SLICE_X55Y96         CARRY4 (Prop_carry4_CI_CO[3])
                                                      0.114    26.763 r  vetrimodule/approxmd/linreg_plot/slope1_inferred__0/i___625/CO[3]
                         net (fo=1, routed)           0.000    26.763    vetrimodule/approxmd/linreg_plot/slope1_inferred__0/i___625_n_0
    SLICE_X55Y97         CARRY4 (Prop_carry4_CI_CO[3])
                                                      0.114    26.877 r  vetrimodule/approxmd/linreg_plot/slope1_inferred__0/i___626/CO[3]
                         net (fo=1, routed)           0.000    26.877    vetrimodule/approxmd/linreg_plot/slope1_inferred__0/i___626_n_0
    SLICE_X55Y98         CARRY4 (Prop_carry4_CI_CO[3])
                                                      0.114    26.991 r  vetrimodule/approxmd/linreg_plot/slope1_inferred__0/i___627/CO[3]
                         net (fo=1, routed)           0.000    26.991    vetrimodule/approxmd/linreg_plot/slope1_inferred__0/i___627_n_0
    SLICE_X55Y99         CARRY4 (Prop_carry4_CI_CO[3])
                                                      0.114    27.105 r  vetrimodule/approxmd/linreg_plot/slope1_inferred__0/i___628/CO[3]
                         net (fo=1, routed)           0.001    27.106    vetrimodule/approxmd/linreg_plot/slope1_inferred__0/i___628_n_0
    SLICE_X55Y100        CARRY4 (Prop_carry4_CI_CO[3])
                                                      0.114    27.220 r  vetrimodule/approxmd/linreg_plot/slope1_inferred__0/i___629/CO[3]
                         net (fo=1, routed)           0.000    27.220    vetrimodule/approxmd/linreg_plot/slope1_inferred__0/i___629_n_0
    SLICE_X55Y101        CARRY4 (Prop_carry4_CI_CO[1])
                                                      0.157    27.377 r  vetrimodule/approxmd/linreg_plot/slope1_inferred__0/i___630/CO[1]
                         net (fo=29, routed)          0.667    28.044    vetrimodule/approxmd/linreg_plot/slope10_in[16]
    SLICE_X54Y100        LUT5 (Prop_lut5_I0_O)        0.329    28.373 r  vetrimodule/approxmd/linreg_plot/i___631_i_4/O
                         net (fo=1, routed)           0.000    28.373    vetrimodule/approxmd/linreg_plot/i___631_i_4_n_0
    SLICE_X54Y100        CARRY4 (Prop_carry4_S[1]_CO[3])
                                                      0.533    28.906 r  vetrimodule/approxmd/linreg_plot/slope1_inferred__0/i___631/CO[3]
                         net (fo=1, routed)           0.000    28.906    vetrimodule/approxmd/linreg_plot/slope1_inferred__0/i___631_n_0
    SLICE_X54Y101        CARRY4 (Prop_carry4_CI_CO[3])
                                                      0.117    29.023 r  vetrimodule/approxmd/linreg_plot/slope1_inferred__0/i___632/CO[3]
                         net (fo=1, routed)           0.000    29.023    vetrimodule/approxmd/linreg_plot/slope1_inferred__0/i___632_n_0
    SLICE_X54Y102        CARRY4 (Prop_carry4_CI_CO[3])
                                                      0.117    29.140 r  vetrimodule/approxmd/linreg_plot/slope1_inferred__0/i___633/CO[3]
                         net (fo=1, routed)           0.000    29.140    vetrimodule/approxmd/linreg_plot/slope1_inferred__0/i___633_n_0
    SLICE_X54Y103        CARRY4 (Prop_carry4_CI_CO[3])
                                                      0.117    29.257 r  vetrimodule/approxmd/linreg_plot/slope1_inferred__0/i___634/CO[3]
                         net (fo=1, routed)           0.000    29.257    vetrimodule/approxmd/linreg_plot/slope1_inferred__0/i___634_n_0
    SLICE_X54Y104        CARRY4 (Prop_carry4_CI_CO[3])
                                                      0.117    29.374 r  vetrimodule/approxmd/linreg_plot/slope1_inferred__0/i___635/CO[3]
                         net (fo=1, routed)           0.000    29.374    vetrimodule/approxmd/linreg_plot/slope1_inferred__0/i___635_n_0
    SLICE_X54Y105        CARRY4 (Prop_carry4_CI_CO[3])
                                                      0.117    29.491 r  vetrimodule/approxmd/linreg_plot/slope1_inferred__0/i___636/CO[3]
                         net (fo=1, routed)           0.000    29.491    vetrimodule/approxmd/linreg_plot/slope1_inferred__0/i___636_n_0
    SLICE_X54Y106        CARRY4 (Prop_carry4_CI_CO[1])
                                                      0.157    29.648 r  vetrimodule/approxmd/linreg_plot/slope1_inferred__0/i___637/CO[1]
                         net (fo=29, routed)          1.088    30.736    vetrimodule/approxmd/linreg_plot/slope10_in[15]
    SLICE_X51Y97         LUT5 (Prop_lut5_I0_O)        0.332    31.068 r  vetrimodule/approxmd/linreg_plot/i___638_i_4/O
                         net (fo=1, routed)           0.000    31.068    vetrimodule/approxmd/linreg_plot/i___638_i_4_n_0
    SLICE_X51Y97         CARRY4 (Prop_carry4_S[1]_CO[3])
                                                      0.550    31.618 r  vetrimodule/approxmd/linreg_plot/slope1_inferred__0/i___638/CO[3]
                         net (fo=1, routed)           0.000    31.618    vetrimodule/approxmd/linreg_plot/slope1_inferred__0/i___638_n_0
    SLICE_X51Y98         CARRY4 (Prop_carry4_CI_CO[3])
                                                      0.114    31.732 r  vetrimodule/approxmd/linreg_plot/slope1_inferred__0/i___639/CO[3]
                         net (fo=1, routed)           0.000    31.732    vetrimodule/approxmd/linreg_plot/slope1_inferred__0/i___639_n_0
    SLICE_X51Y99         CARRY4 (Prop_carry4_CI_CO[3])
                                                      0.114    31.846 r  vetrimodule/approxmd/linreg_plot/slope1_inferred__0/i___640/CO[3]
                         net (fo=1, routed)           0.001    31.847    vetrimodule/approxmd/linreg_plot/slope1_inferred__0/i___640_n_0
    SLICE_X51Y100        CARRY4 (Prop_carry4_CI_CO[3])
                                                      0.114    31.961 r  vetrimodule/approxmd/linreg_plot/slope1_inferred__0/i___641/CO[3]
                         net (fo=1, routed)           0.000    31.961    vetrimodule/approxmd/linreg_plot/slope1_inferred__0/i___641_n_0
    SLICE_X51Y101        CARRY4 (Prop_carry4_CI_CO[3])
                                                      0.114    32.075 r  vetrimodule/approxmd/linreg_plot/slope1_inferred__0/i___642/CO[3]
                         net (fo=1, routed)           0.000    32.075    vetrimodule/approxmd/linreg_plot/slope1_inferred__0/i___642_n_0
    SLICE_X51Y102        CARRY4 (Prop_carry4_CI_CO[3])
                                                      0.114    32.189 r  vetrimodule/approxmd/linreg_plot/slope1_inferred__0/i___643/CO[3]
                         net (fo=1, routed)           0.000    32.189    vetrimodule/approxmd/linreg_plot/slope1_inferred__0/i___643_n_0
    SLICE_X51Y103        CARRY4 (Prop_carry4_CI_CO[1])
                                                      0.157    32.346 r  vetrimodule/approxmd/linreg_plot/slope1_inferred__0/i___644/CO[1]
                         net (fo=29, routed)          1.041    33.387    vetrimodule/approxmd/linreg_plot/slope10_in[14]
    SLICE_X52Y95         LUT5 (Prop_lut5_I0_O)        0.329    33.716 r  vetrimodule/approxmd/linreg_plot/i___645_i_4/O
                         net (fo=1, routed)           0.000    33.716    vetrimodule/approxmd/linreg_plot/i___645_i_4_n_0
    SLICE_X52Y95         CARRY4 (Prop_carry4_S[1]_CO[3])
                                                      0.533    34.249 r  vetrimodule/approxmd/linreg_plot/slope1_inferred__0/i___645/CO[3]
                         net (fo=1, routed)           0.000    34.249    vetrimodule/approxmd/linreg_plot/slope1_inferred__0/i___645_n_0
    SLICE_X52Y96         CARRY4 (Prop_carry4_CI_CO[3])
                                                      0.117    34.366 r  vetrimodule/approxmd/linreg_plot/slope1_inferred__0/i___646/CO[3]
                         net (fo=1, routed)           0.000    34.366    vetrimodule/approxmd/linreg_plot/slope1_inferred__0/i___646_n_0
    SLICE_X52Y97         CARRY4 (Prop_carry4_CI_CO[3])
                                                      0.117    34.483 r  vetrimodule/approxmd/linreg_plot/slope1_inferred__0/i___647/CO[3]
                         net (fo=1, routed)           0.000    34.483    vetrimodule/approxmd/linreg_plot/slope1_inferred__0/i___647_n_0
    SLICE_X52Y98         CARRY4 (Prop_carry4_CI_CO[3])
                                                      0.117    34.600 r  vetrimodule/approxmd/linreg_plot/slope1_inferred__0/i___648/CO[3]
                         net (fo=1, routed)           0.000    34.600    vetrimodule/approxmd/linreg_plot/slope1_inferred__0/i___648_n_0
    SLICE_X52Y99         CARRY4 (Prop_carry4_CI_CO[3])
                                                      0.117    34.717 r  vetrimodule/approxmd/linreg_plot/slope1_inferred__0/i___649/CO[3]
                         net (fo=1, routed)           0.001    34.718    vetrimodule/approxmd/linreg_plot/slope1_inferred__0/i___649_n_0
    SLICE_X52Y100        CARRY4 (Prop_carry4_CI_CO[3])
                                                      0.117    34.835 r  vetrimodule/approxmd/linreg_plot/slope1_inferred__0/i___650/CO[3]
                         net (fo=1, routed)           0.000    34.835    vetrimodule/approxmd/linreg_plot/slope1_inferred__0/i___650_n_0
    SLICE_X52Y101        CARRY4 (Prop_carry4_CI_CO[1])
                                                      0.157    34.992 r  vetrimodule/approxmd/linreg_plot/slope1_inferred__0/i___651/CO[1]
                         net (fo=29, routed)          0.819    35.811    vetrimodule/approxmd/linreg_plot/slope10_in[13]
    SLICE_X53Y97         LUT5 (Prop_lut5_I0_O)        0.332    36.143 r  vetrimodule/approxmd/linreg_plot/i___652_i_4/O
                         net (fo=1, routed)           0.000    36.143    vetrimodule/approxmd/linreg_plot/i___652_i_4_n_0
    SLICE_X53Y97         CARRY4 (Prop_carry4_S[1]_CO[3])
                                                      0.550    36.693 r  vetrimodule/approxmd/linreg_plot/slope1_inferred__0/i___652/CO[3]
                         net (fo=1, routed)           0.000    36.693    vetrimodule/approxmd/linreg_plot/slope1_inferred__0/i___652_n_0
    SLICE_X53Y98         CARRY4 (Prop_carry4_CI_CO[3])
                                                      0.114    36.807 r  vetrimodule/approxmd/linreg_plot/slope1_inferred__0/i___653/CO[3]
                         net (fo=1, routed)           0.000    36.807    vetrimodule/approxmd/linreg_plot/slope1_inferred__0/i___653_n_0
    SLICE_X53Y99         CARRY4 (Prop_carry4_CI_CO[3])
                                                      0.114    36.921 r  vetrimodule/approxmd/linreg_plot/slope1_inferred__0/i___654/CO[3]
                         net (fo=1, routed)           0.001    36.921    vetrimodule/approxmd/linreg_plot/slope1_inferred__0/i___654_n_0
    SLICE_X53Y100        CARRY4 (Prop_carry4_CI_CO[3])
                                                      0.114    37.035 r  vetrimodule/approxmd/linreg_plot/slope1_inferred__0/i___655/CO[3]
                         net (fo=1, routed)           0.000    37.035    vetrimodule/approxmd/linreg_plot/slope1_inferred__0/i___655_n_0
    SLICE_X53Y101        CARRY4 (Prop_carry4_CI_CO[3])
                                                      0.114    37.149 r  vetrimodule/approxmd/linreg_plot/slope1_inferred__0/i___656/CO[3]
                         net (fo=1, routed)           0.000    37.149    vetrimodule/approxmd/linreg_plot/slope1_inferred__0/i___656_n_0
    SLICE_X53Y102        CARRY4 (Prop_carry4_CI_CO[3])
                                                      0.114    37.263 r  vetrimodule/approxmd/linreg_plot/slope1_inferred__0/i___657/CO[3]
                         net (fo=1, routed)           0.000    37.263    vetrimodule/approxmd/linreg_plot/slope1_inferred__0/i___657_n_0
    SLICE_X53Y103        CARRY4 (Prop_carry4_CI_CO[1])
                                                      0.157    37.420 r  vetrimodule/approxmd/linreg_plot/slope1_inferred__0/i___658/CO[1]
                         net (fo=29, routed)          0.672    38.093    vetrimodule/approxmd/linreg_plot/slope10_in[12]
    SLICE_X48Y105        LUT5 (Prop_lut5_I0_O)        0.329    38.422 r  vetrimodule/approxmd/linreg_plot/i___660_i_3/O
                         net (fo=1, routed)           0.000    38.422    vetrimodule/approxmd/linreg_plot/i___660_i_3_n_0
    SLICE_X48Y105        CARRY4 (Prop_carry4_S[1]_CO[3])
                                                      0.550    38.972 r  vetrimodule/approxmd/linreg_plot/slope1_inferred__0/i___660/CO[3]
                         net (fo=1, routed)           0.000    38.972    vetrimodule/approxmd/linreg_plot/slope1_inferred__0/i___660_n_0
    SLICE_X48Y106        CARRY4 (Prop_carry4_CI_CO[3])
                                                      0.114    39.086 r  vetrimodule/approxmd/linreg_plot/slope1_inferred__0/i___661/CO[3]
                         net (fo=1, routed)           0.000    39.086    vetrimodule/approxmd/linreg_plot/slope1_inferred__0/i___661_n_0
    SLICE_X48Y107        CARRY4 (Prop_carry4_CI_CO[3])
                                                      0.114    39.200 r  vetrimodule/approxmd/linreg_plot/slope1_inferred__0/i___662/CO[3]
                         net (fo=1, routed)           0.000    39.200    vetrimodule/approxmd/linreg_plot/slope1_inferred__0/i___662_n_0
    SLICE_X48Y108        CARRY4 (Prop_carry4_CI_CO[3])
                                                      0.114    39.314 r  vetrimodule/approxmd/linreg_plot/slope1_inferred__0/i___663/CO[3]
                         net (fo=1, routed)           0.000    39.314    vetrimodule/approxmd/linreg_plot/slope1_inferred__0/i___663_n_0
    SLICE_X48Y109        CARRY4 (Prop_carry4_CI_CO[3])
                                                      0.114    39.428 r  vetrimodule/approxmd/linreg_plot/slope1_inferred__0/i___664/CO[3]
                         net (fo=1, routed)           0.000    39.428    vetrimodule/approxmd/linreg_plot/slope1_inferred__0/i___664_n_0
    SLICE_X48Y110        CARRY4 (Prop_carry4_CI_CO[1])
                                                      0.157    39.585 r  vetrimodule/approxmd/linreg_plot/slope1_inferred__0/i___665/CO[1]
                         net (fo=29, routed)          0.774    40.358    vetrimodule/approxmd/linreg_plot/slope10_in[11]
    SLICE_X51Y105        LUT3 (Prop_lut3_I0_O)        0.329    40.687 r  vetrimodule/approxmd/linreg_plot/i___666_i_3/O
                         net (fo=1, routed)           0.000    40.687    vetrimodule/approxmd/linreg_plot/i___666_i_3_n_0
    SLICE_X51Y105        CARRY4 (Prop_carry4_S[1]_CO[3])
                                                      0.550    41.237 r  vetrimodule/approxmd/linreg_plot/slope1_inferred__0/i___666/CO[3]
                         net (fo=1, routed)           0.000    41.237    vetrimodule/approxmd/linreg_plot/slope1_inferred__0/i___666_n_0
    SLICE_X51Y106        CARRY4 (Prop_carry4_CI_CO[3])
                                                      0.114    41.351 r  vetrimodule/approxmd/linreg_plot/slope1_inferred__0/i___667/CO[3]
                         net (fo=1, routed)           0.000    41.351    vetrimodule/approxmd/linreg_plot/slope1_inferred__0/i___667_n_0
    SLICE_X51Y107        CARRY4 (Prop_carry4_CI_CO[3])
                                                      0.114    41.465 r  vetrimodule/approxmd/linreg_plot/slope1_inferred__0/i___668/CO[3]
                         net (fo=1, routed)           0.000    41.465    vetrimodule/approxmd/linreg_plot/slope1_inferred__0/i___668_n_0
    SLICE_X51Y108        CARRY4 (Prop_carry4_CI_CO[3])
                                                      0.114    41.579 r  vetrimodule/approxmd/linreg_plot/slope1_inferred__0/i___669/CO[3]
                         net (fo=1, routed)           0.000    41.579    vetrimodule/approxmd/linreg_plot/slope1_inferred__0/i___669_n_0
    SLICE_X51Y109        CARRY4 (Prop_carry4_CI_CO[3])
                                                      0.114    41.693 r  vetrimodule/approxmd/linreg_plot/slope1_inferred__0/i___670/CO[3]
                         net (fo=1, routed)           0.000    41.693    vetrimodule/approxmd/linreg_plot/slope1_inferred__0/i___670_n_0
    SLICE_X51Y110        CARRY4 (Prop_carry4_CI_CO[3])
                                                      0.114    41.807 r  vetrimodule/approxmd/linreg_plot/slope1_inferred__0/i___671/CO[3]
                         net (fo=1, routed)           0.000    41.807    vetrimodule/approxmd/linreg_plot/slope1_inferred__0/i___671_n_0
    SLICE_X51Y111        CARRY4 (Prop_carry4_CI_CO[1])
                                                      0.157    41.964 r  vetrimodule/approxmd/linreg_plot/slope1_inferred__0/i___672/CO[1]
                         net (fo=30, routed)          0.888    42.853    vetrimodule/approxmd/linreg_plot/slope10_in[10]
    SLICE_X55Y106        LUT2 (Prop_lut2_I1_O)        0.329    43.182 r  vetrimodule/approxmd/linreg_plot/i___673_i_4/O
                         net (fo=1, routed)           0.000    43.182    vetrimodule/approxmd/linreg_plot/i___673_i_4_n_0
    SLICE_X55Y106        CARRY4 (Prop_carry4_S[1]_CO[3])
                                                      0.550    43.732 r  vetrimodule/approxmd/linreg_plot/slope1_inferred__0/i___673/CO[3]
                         net (fo=1, routed)           0.000    43.732    vetrimodule/approxmd/linreg_plot/slope1_inferred__0/i___673_n_0
    SLICE_X55Y107        CARRY4 (Prop_carry4_CI_CO[3])
                                                      0.114    43.846 r  vetrimodule/approxmd/linreg_plot/slope1_inferred__0/i___674/CO[3]
                         net (fo=1, routed)           0.000    43.846    vetrimodule/approxmd/linreg_plot/slope1_inferred__0/i___674_n_0
    SLICE_X55Y108        CARRY4 (Prop_carry4_CI_CO[3])
                                                      0.114    43.960 r  vetrimodule/approxmd/linreg_plot/slope1_inferred__0/i___675/CO[3]
                         net (fo=1, routed)           0.000    43.960    vetrimodule/approxmd/linreg_plot/slope1_inferred__0/i___675_n_0
    SLICE_X55Y109        CARRY4 (Prop_carry4_CI_CO[3])
                                                      0.114    44.074 r  vetrimodule/approxmd/linreg_plot/slope1_inferred__0/i___676/CO[3]
                         net (fo=1, routed)           0.000    44.074    vetrimodule/approxmd/linreg_plot/slope1_inferred__0/i___676_n_0
    SLICE_X55Y110        CARRY4 (Prop_carry4_CI_CO[3])
                                                      0.114    44.188 r  vetrimodule/approxmd/linreg_plot/slope1_inferred__0/i___677/CO[3]
                         net (fo=1, routed)           0.000    44.188    vetrimodule/approxmd/linreg_plot/slope1_inferred__0/i___677_n_0
    SLICE_X55Y111        CARRY4 (Prop_carry4_CI_CO[3])
                                                      0.114    44.302 r  vetrimodule/approxmd/linreg_plot/slope1_inferred__0/i___678/CO[3]
                         net (fo=1, routed)           0.000    44.302    vetrimodule/approxmd/linreg_plot/slope1_inferred__0/i___678_n_0
    SLICE_X55Y112        CARRY4 (Prop_carry4_CI_CO[1])
                                                      0.157    44.459 r  vetrimodule/approxmd/linreg_plot/slope1_inferred__0/i___679/CO[1]
                         net (fo=30, routed)          0.699    45.158    vetrimodule/approxmd/linreg_plot/slope10_in[9]
    SLICE_X54Y110        LUT2 (Prop_lut2_I1_O)        0.329    45.487 r  vetrimodule/approxmd/linreg_plot/i___680_i_4/O
                         net (fo=1, routed)           0.000    45.487    vetrimodule/approxmd/linreg_plot/i___680_i_4_n_0
    SLICE_X54Y110        CARRY4 (Prop_carry4_S[1]_CO[3])
                                                      0.533    46.020 r  vetrimodule/approxmd/linreg_plot/slope1_inferred__0/i___680/CO[3]
                         net (fo=1, routed)           0.000    46.020    vetrimodule/approxmd/linreg_plot/slope1_inferred__0/i___680_n_0
    SLICE_X54Y111        CARRY4 (Prop_carry4_CI_CO[3])
                                                      0.117    46.137 r  vetrimodule/approxmd/linreg_plot/slope1_inferred__0/i___681/CO[3]
                         net (fo=1, routed)           0.000    46.137    vetrimodule/approxmd/linreg_plot/slope1_inferred__0/i___681_n_0
    SLICE_X54Y112        CARRY4 (Prop_carry4_CI_CO[3])
                                                      0.117    46.254 r  vetrimodule/approxmd/linreg_plot/slope1_inferred__0/i___682/CO[3]
                         net (fo=1, routed)           0.000    46.254    vetrimodule/approxmd/linreg_plot/slope1_inferred__0/i___682_n_0
    SLICE_X54Y113        CARRY4 (Prop_carry4_CI_CO[3])
                                                      0.117    46.371 r  vetrimodule/approxmd/linreg_plot/slope1_inferred__0/i___683/CO[3]
                         net (fo=1, routed)           0.000    46.371    vetrimodule/approxmd/linreg_plot/slope1_inferred__0/i___683_n_0
    SLICE_X54Y114        CARRY4 (Prop_carry4_CI_CO[3])
                                                      0.117    46.488 r  vetrimodule/approxmd/linreg_plot/slope1_inferred__0/i___684/CO[3]
                         net (fo=1, routed)           0.000    46.488    vetrimodule/approxmd/linreg_plot/slope1_inferred__0/i___684_n_0
    SLICE_X54Y115        CARRY4 (Prop_carry4_CI_CO[3])
                                                      0.117    46.605 r  vetrimodule/approxmd/linreg_plot/slope1_inferred__0/i___685/CO[3]
                         net (fo=1, routed)           0.000    46.605    vetrimodule/approxmd/linreg_plot/slope1_inferred__0/i___685_n_0
    SLICE_X54Y116        CARRY4 (Prop_carry4_CI_CO[1])
                                                      0.157    46.762 r  vetrimodule/approxmd/linreg_plot/slope1_inferred__0/i___686/CO[1]
                         net (fo=30, routed)          1.067    47.829    vetrimodule/approxmd/linreg_plot/slope10_in[8]
    SLICE_X52Y109        CARRY4 (Prop_carry4_CYINIT_CO[3])
                                                      0.803    48.632 r  vetrimodule/approxmd/linreg_plot/slope1_inferred__0/i___687/CO[3]
                         net (fo=1, routed)           0.000    48.632    vetrimodule/approxmd/linreg_plot/slope1_inferred__0/i___687_n_0
    SLICE_X52Y110        CARRY4 (Prop_carry4_CI_CO[3])
                                                      0.117    48.749 r  vetrimodule/approxmd/linreg_plot/slope1_inferred__0/i___688/CO[3]
                         net (fo=1, routed)           0.000    48.749    vetrimodule/approxmd/linreg_plot/slope1_inferred__0/i___688_n_0
    SLICE_X52Y111        CARRY4 (Prop_carry4_CI_CO[3])
                                                      0.117    48.866 r  vetrimodule/approxmd/linreg_plot/slope1_inferred__0/i___689/CO[3]
                         net (fo=1, routed)           0.000    48.866    vetrimodule/approxmd/linreg_plot/slope1_inferred__0/i___689_n_0
    SLICE_X52Y112        CARRY4 (Prop_carry4_CI_CO[3])
                                                      0.117    48.983 r  vetrimodule/approxmd/linreg_plot/slope1_inferred__0/i___690/CO[3]
                         net (fo=1, routed)           0.000    48.983    vetrimodule/approxmd/linreg_plot/slope1_inferred__0/i___690_n_0
    SLICE_X52Y113        CARRY4 (Prop_carry4_CI_CO[3])
                                                      0.117    49.100 r  vetrimodule/approxmd/linreg_plot/slope1_inferred__0/i___691/CO[3]
                         net (fo=1, routed)           0.000    49.100    vetrimodule/approxmd/linreg_plot/slope1_inferred__0/i___691_n_0
    SLICE_X52Y114        CARRY4 (Prop_carry4_CI_CO[3])
                                                      0.117    49.217 r  vetrimodule/approxmd/linreg_plot/slope1_inferred__0/i___692/CO[3]
                         net (fo=1, routed)           0.000    49.217    vetrimodule/approxmd/linreg_plot/slope1_inferred__0/i___692_n_0
    SLICE_X52Y115        CARRY4 (Prop_carry4_CI_CO[1])
                                                      0.157    49.374 r  vetrimodule/approxmd/linreg_plot/slope1_inferred__0/i___693/CO[1]
                         net (fo=30, routed)          1.023    50.396    vetrimodule/approxmd/linreg_plot/slope10_in[7]
    SLICE_X53Y106        LUT2 (Prop_lut2_I1_O)        0.332    50.729 r  vetrimodule/approxmd/linreg_plot/i___694_i_4/O
                         net (fo=1, routed)           0.000    50.729    vetrimodule/approxmd/linreg_plot/i___694_i_4_n_0
    SLICE_X53Y106        CARRY4 (Prop_carry4_S[1]_CO[3])
                                                      0.550    51.278 r  vetrimodule/approxmd/linreg_plot/slope1_inferred__0/i___694/CO[3]
                         net (fo=1, routed)           0.000    51.278    vetrimodule/approxmd/linreg_plot/slope1_inferred__0/i___694_n_0
    SLICE_X53Y107        CARRY4 (Prop_carry4_CI_CO[3])
                                                      0.114    51.392 r  vetrimodule/approxmd/linreg_plot/slope1_inferred__0/i___695/CO[3]
                         net (fo=1, routed)           0.000    51.392    vetrimodule/approxmd/linreg_plot/slope1_inferred__0/i___695_n_0
    SLICE_X53Y108        CARRY4 (Prop_carry4_CI_CO[3])
                                                      0.114    51.506 r  vetrimodule/approxmd/linreg_plot/slope1_inferred__0/i___696/CO[3]
                         net (fo=1, routed)           0.000    51.506    vetrimodule/approxmd/linreg_plot/slope1_inferred__0/i___696_n_0
    SLICE_X53Y109        CARRY4 (Prop_carry4_CI_CO[3])
                                                      0.114    51.620 r  vetrimodule/approxmd/linreg_plot/slope1_inferred__0/i___697/CO[3]
                         net (fo=1, routed)           0.000    51.620    vetrimodule/approxmd/linreg_plot/slope1_inferred__0/i___697_n_0
    SLICE_X53Y110        CARRY4 (Prop_carry4_CI_CO[3])
                                                      0.114    51.734 r  vetrimodule/approxmd/linreg_plot/slope1_inferred__0/i___698/CO[3]
                         net (fo=1, routed)           0.000    51.734    vetrimodule/approxmd/linreg_plot/slope1_inferred__0/i___698_n_0
    SLICE_X53Y111        CARRY4 (Prop_carry4_CI_CO[3])
                                                      0.114    51.848 r  vetrimodule/approxmd/linreg_plot/slope1_inferred__0/i___699/CO[3]
                         net (fo=1, routed)           0.000    51.848    vetrimodule/approxmd/linreg_plot/slope1_inferred__0/i___699_n_0
    SLICE_X53Y112        CARRY4 (Prop_carry4_CI_CO[1])
                                                      0.157    52.005 r  vetrimodule/approxmd/linreg_plot/slope1_inferred__0/i___700/CO[1]
                         net (fo=30, routed)          0.679    52.684    vetrimodule/approxmd/linreg_plot/slope10_in[6]
    SLICE_X53Y114        LUT2 (Prop_lut2_I1_O)        0.329    53.013 r  vetrimodule/approxmd/linreg_plot/i___701_i_4/O
                         net (fo=1, routed)           0.000    53.013    vetrimodule/approxmd/linreg_plot/i___701_i_4_n_0
    SLICE_X53Y114        CARRY4 (Prop_carry4_S[1]_CO[3])
                                                      0.550    53.563 r  vetrimodule/approxmd/linreg_plot/slope1_inferred__0/i___701/CO[3]
                         net (fo=1, routed)           0.000    53.563    vetrimodule/approxmd/linreg_plot/slope1_inferred__0/i___701_n_0
    SLICE_X53Y115        CARRY4 (Prop_carry4_CI_CO[3])
                                                      0.114    53.677 r  vetrimodule/approxmd/linreg_plot/slope1_inferred__0/i___702/CO[3]
                         net (fo=1, routed)           0.000    53.677    vetrimodule/approxmd/linreg_plot/slope1_inferred__0/i___702_n_0
    SLICE_X53Y116        CARRY4 (Prop_carry4_CI_CO[3])
                                                      0.114    53.791 r  vetrimodule/approxmd/linreg_plot/slope1_inferred__0/i___703/CO[3]
                         net (fo=1, routed)           0.000    53.791    vetrimodule/approxmd/linreg_plot/slope1_inferred__0/i___703_n_0
    SLICE_X53Y117        CARRY4 (Prop_carry4_CI_CO[3])
                                                      0.114    53.905 r  vetrimodule/approxmd/linreg_plot/slope1_inferred__0/i___704/CO[3]
                         net (fo=1, routed)           0.000    53.905    vetrimodule/approxmd/linreg_plot/slope1_inferred__0/i___704_n_0
    SLICE_X53Y118        CARRY4 (Prop_carry4_CI_CO[3])
                                                      0.114    54.019 r  vetrimodule/approxmd/linreg_plot/slope1_inferred__0/i___705/CO[3]
                         net (fo=1, routed)           0.000    54.019    vetrimodule/approxmd/linreg_plot/slope1_inferred__0/i___705_n_0
    SLICE_X53Y119        CARRY4 (Prop_carry4_CI_CO[3])
                                                      0.114    54.133 r  vetrimodule/approxmd/linreg_plot/slope1_inferred__0/i___706/CO[3]
                         net (fo=1, routed)           0.000    54.133    vetrimodule/approxmd/linreg_plot/slope1_inferred__0/i___706_n_0
    SLICE_X53Y120        CARRY4 (Prop_carry4_CI_CO[1])
                                                      0.157    54.290 r  vetrimodule/approxmd/linreg_plot/slope1_inferred__0/i___707/CO[1]
                         net (fo=30, routed)          0.883    55.174    vetrimodule/approxmd/linreg_plot/slope10_in[5]
    SLICE_X52Y117        LUT2 (Prop_lut2_I1_O)        0.329    55.503 r  vetrimodule/approxmd/linreg_plot/i___708_i_4/O
                         net (fo=1, routed)           0.000    55.503    vetrimodule/approxmd/linreg_plot/i___708_i_4_n_0
    SLICE_X52Y117        CARRY4 (Prop_carry4_S[1]_CO[3])
                                                      0.533    56.036 r  vetrimodule/approxmd/linreg_plot/slope1_inferred__0/i___708/CO[3]
                         net (fo=1, routed)           0.000    56.036    vetrimodule/approxmd/linreg_plot/slope1_inferred__0/i___708_n_0
    SLICE_X52Y118        CARRY4 (Prop_carry4_CI_CO[3])
                                                      0.117    56.153 r  vetrimodule/approxmd/linreg_plot/slope1_inferred__0/i___709/CO[3]
                         net (fo=1, routed)           0.000    56.153    vetrimodule/approxmd/linreg_plot/slope1_inferred__0/i___709_n_0
    SLICE_X52Y119        CARRY4 (Prop_carry4_CI_CO[3])
                                                      0.117    56.270 r  vetrimodule/approxmd/linreg_plot/slope1_inferred__0/i___710/CO[3]
                         net (fo=1, routed)           0.000    56.270    vetrimodule/approxmd/linreg_plot/slope1_inferred__0/i___710_n_0
    SLICE_X52Y120        CARRY4 (Prop_carry4_CI_CO[3])
                                                      0.117    56.387 r  vetrimodule/approxmd/linreg_plot/slope1_inferred__0/i___711/CO[3]
                         net (fo=1, routed)           0.000    56.387    vetrimodule/approxmd/linreg_plot/slope1_inferred__0/i___711_n_0
    SLICE_X52Y121        CARRY4 (Prop_carry4_CI_CO[3])
                                                      0.117    56.504 r  vetrimodule/approxmd/linreg_plot/slope1_inferred__0/i___712/CO[3]
                         net (fo=1, routed)           0.000    56.504    vetrimodule/approxmd/linreg_plot/slope1_inferred__0/i___712_n_0
    SLICE_X52Y122        CARRY4 (Prop_carry4_CI_CO[3])
                                                      0.117    56.621 r  vetrimodule/approxmd/linreg_plot/slope1_inferred__0/i___713/CO[3]
                         net (fo=1, routed)           0.000    56.621    vetrimodule/approxmd/linreg_plot/slope1_inferred__0/i___713_n_0
    SLICE_X52Y123        CARRY4 (Prop_carry4_CI_CO[1])
                                                      0.157    56.778 r  vetrimodule/approxmd/linreg_plot/slope1_inferred__0/i___714/CO[1]
                         net (fo=30, routed)          0.940    57.718    vetrimodule/approxmd/linreg_plot/slope10_in[4]
    SLICE_X50Y118        LUT2 (Prop_lut2_I1_O)        0.332    58.050 r  vetrimodule/approxmd/linreg_plot/i___715_i_4/O
                         net (fo=1, routed)           0.000    58.050    vetrimodule/approxmd/linreg_plot/i___715_i_4_n_0
    SLICE_X50Y118        CARRY4 (Prop_carry4_S[1]_CO[3])
                                                      0.533    58.583 r  vetrimodule/approxmd/linreg_plot/slope1_inferred__0/i___715/CO[3]
                         net (fo=1, routed)           0.000    58.583    vetrimodule/approxmd/linreg_plot/slope1_inferred__0/i___715_n_0
    SLICE_X50Y119        CARRY4 (Prop_carry4_CI_CO[3])
                                                      0.117    58.700 r  vetrimodule/approxmd/linreg_plot/slope1_inferred__0/i___716/CO[3]
                         net (fo=1, routed)           0.000    58.700    vetrimodule/approxmd/linreg_plot/slope1_inferred__0/i___716_n_0
    SLICE_X50Y120        CARRY4 (Prop_carry4_CI_CO[3])
                                                      0.117    58.817 r  vetrimodule/approxmd/linreg_plot/slope1_inferred__0/i___717/CO[3]
                         net (fo=1, routed)           0.000    58.817    vetrimodule/approxmd/linreg_plot/slope1_inferred__0/i___717_n_0
    SLICE_X50Y121        CARRY4 (Prop_carry4_CI_CO[3])
                                                      0.117    58.934 r  vetrimodule/approxmd/linreg_plot/slope1_inferred__0/i___718/CO[3]
                         net (fo=1, routed)           0.000    58.934    vetrimodule/approxmd/linreg_plot/slope1_inferred__0/i___718_n_0
    SLICE_X50Y122        CARRY4 (Prop_carry4_CI_CO[3])
                                                      0.117    59.051 r  vetrimodule/approxmd/linreg_plot/slope1_inferred__0/i___719/CO[3]
                         net (fo=1, routed)           0.000    59.051    vetrimodule/approxmd/linreg_plot/slope1_inferred__0/i___719_n_0
    SLICE_X50Y123        CARRY4 (Prop_carry4_CI_CO[3])
                                                      0.117    59.168 r  vetrimodule/approxmd/linreg_plot/slope1_inferred__0/i___720/CO[3]
                         net (fo=1, routed)           0.000    59.168    vetrimodule/approxmd/linreg_plot/slope1_inferred__0/i___720_n_0
    SLICE_X50Y124        CARRY4 (Prop_carry4_CI_CO[1])
                                                      0.157    59.325 r  vetrimodule/approxmd/linreg_plot/slope1_inferred__0/i___721/CO[1]
                         net (fo=30, routed)          1.042    60.366    vetrimodule/approxmd/linreg_plot/slope10_in[3]
    SLICE_X56Y119        LUT2 (Prop_lut2_I1_O)        0.332    60.698 r  vetrimodule/approxmd/linreg_plot/i___722_i_4/O
                         net (fo=1, routed)           0.000    60.698    vetrimodule/approxmd/linreg_plot/i___722_i_4_n_0
    SLICE_X56Y119        CARRY4 (Prop_carry4_S[1]_CO[3])
                                                      0.533    61.231 r  vetrimodule/approxmd/linreg_plot/slope1_inferred__0/i___722/CO[3]
                         net (fo=1, routed)           0.000    61.231    vetrimodule/approxmd/linreg_plot/slope1_inferred__0/i___722_n_0
    SLICE_X56Y120        CARRY4 (Prop_carry4_CI_CO[3])
                                                      0.117    61.348 r  vetrimodule/approxmd/linreg_plot/slope1_inferred__0/i___723/CO[3]
                         net (fo=1, routed)           0.000    61.348    vetrimodule/approxmd/linreg_plot/slope1_inferred__0/i___723_n_0
    SLICE_X56Y121        CARRY4 (Prop_carry4_CI_CO[3])
                                                      0.117    61.465 r  vetrimodule/approxmd/linreg_plot/slope1_inferred__0/i___724/CO[3]
                         net (fo=1, routed)           0.000    61.465    vetrimodule/approxmd/linreg_plot/slope1_inferred__0/i___724_n_0
    SLICE_X56Y122        CARRY4 (Prop_carry4_CI_CO[3])
                                                      0.117    61.582 r  vetrimodule/approxmd/linreg_plot/slope1_inferred__0/i___725/CO[3]
                         net (fo=1, routed)           0.000    61.582    vetrimodule/approxmd/linreg_plot/slope1_inferred__0/i___725_n_0
    SLICE_X56Y123        CARRY4 (Prop_carry4_CI_CO[3])
                                                      0.117    61.699 r  vetrimodule/approxmd/linreg_plot/slope1_inferred__0/i___726/CO[3]
                         net (fo=1, routed)           0.000    61.699    vetrimodule/approxmd/linreg_plot/slope1_inferred__0/i___726_n_0
    SLICE_X56Y124        CARRY4 (Prop_carry4_CI_CO[3])
                                                      0.117    61.816 r  vetrimodule/approxmd/linreg_plot/slope1_inferred__0/i___727/CO[3]
                         net (fo=1, routed)           0.009    61.825    vetrimodule/approxmd/linreg_plot/slope1_inferred__0/i___727_n_0
    SLICE_X56Y125        CARRY4 (Prop_carry4_CI_CO[1])
                                                      0.157    61.982 r  vetrimodule/approxmd/linreg_plot/slope1_inferred__0/i___728/CO[1]
                         net (fo=30, routed)          0.945    62.928    vetrimodule/approxmd/linreg_plot/slope10_in[2]
    SLICE_X57Y118        LUT2 (Prop_lut2_I1_O)        0.332    63.260 r  vetrimodule/approxmd/linreg_plot/i___729_i_4/O
                         net (fo=1, routed)           0.000    63.260    vetrimodule/approxmd/linreg_plot/i___729_i_4_n_0
    SLICE_X57Y118        CARRY4 (Prop_carry4_S[1]_CO[3])
                                                      0.550    63.810 r  vetrimodule/approxmd/linreg_plot/slope1_inferred__0/i___729/CO[3]
                         net (fo=1, routed)           0.000    63.810    vetrimodule/approxmd/linreg_plot/slope1_inferred__0/i___729_n_0
    SLICE_X57Y119        CARRY4 (Prop_carry4_CI_CO[3])
                                                      0.114    63.924 r  vetrimodule/approxmd/linreg_plot/slope1_inferred__0/i___730/CO[3]
                         net (fo=1, routed)           0.000    63.924    vetrimodule/approxmd/linreg_plot/slope1_inferred__0/i___730_n_0
    SLICE_X57Y120        CARRY4 (Prop_carry4_CI_CO[3])
                                                      0.114    64.038 r  vetrimodule/approxmd/linreg_plot/slope1_inferred__0/i___731/CO[3]
                         net (fo=1, routed)           0.000    64.038    vetrimodule/approxmd/linreg_plot/slope1_inferred__0/i___731_n_0
    SLICE_X57Y121        CARRY4 (Prop_carry4_CI_CO[3])
                                                      0.114    64.152 r  vetrimodule/approxmd/linreg_plot/slope1_inferred__0/i___732/CO[3]
                         net (fo=1, routed)           0.000    64.152    vetrimodule/approxmd/linreg_plot/slope1_inferred__0/i___732_n_0
    SLICE_X57Y122        CARRY4 (Prop_carry4_CI_CO[3])
                                                      0.114    64.266 r  vetrimodule/approxmd/linreg_plot/slope1_inferred__0/i___733/CO[3]
                         net (fo=1, routed)           0.000    64.266    vetrimodule/approxmd/linreg_plot/slope1_inferred__0/i___733_n_0
    SLICE_X57Y123        CARRY4 (Prop_carry4_CI_CO[3])
                                                      0.114    64.380 r  vetrimodule/approxmd/linreg_plot/slope1_inferred__0/i___734/CO[3]
                         net (fo=1, routed)           0.000    64.380    vetrimodule/approxmd/linreg_plot/slope1_inferred__0/i___734_n_0
    SLICE_X57Y124        CARRY4 (Prop_carry4_CI_CO[1])
                                                      0.157    64.537 r  vetrimodule/approxmd/linreg_plot/slope1_inferred__0/i___735/CO[1]
                         net (fo=30, routed)          0.921    65.458    vetrimodule/approxmd/linreg_plot/slope10_in[1]
    SLICE_X55Y118        LUT2 (Prop_lut2_I1_O)        0.329    65.787 r  vetrimodule/approxmd/linreg_plot/i___736_i_5/O
                         net (fo=1, routed)           0.000    65.787    vetrimodule/approxmd/linreg_plot/i___736_i_5_n_0
    SLICE_X55Y118        CARRY4 (Prop_carry4_S[0]_CO[3])
                                                      0.532    66.319 r  vetrimodule/approxmd/linreg_plot/slope1_inferred__0/i___736/CO[3]
                         net (fo=1, routed)           0.000    66.319    vetrimodule/approxmd/linreg_plot/slope1_inferred__0/i___736_n_0
    SLICE_X55Y119        CARRY4 (Prop_carry4_CI_CO[3])
                                                      0.114    66.433 r  vetrimodule/approxmd/linreg_plot/slope1_inferred__0/i___737/CO[3]
                         net (fo=1, routed)           0.000    66.433    vetrimodule/approxmd/linreg_plot/slope1_inferred__0/i___737_n_0
    SLICE_X55Y120        CARRY4 (Prop_carry4_CI_CO[3])
                                                      0.114    66.547 r  vetrimodule/approxmd/linreg_plot/slope1_inferred__0/i___738/CO[3]
                         net (fo=1, routed)           0.000    66.547    vetrimodule/approxmd/linreg_plot/slope1_inferred__0/i___738_n_0
    SLICE_X55Y121        CARRY4 (Prop_carry4_CI_CO[3])
                                                      0.114    66.661 r  vetrimodule/approxmd/linreg_plot/slope1_inferred__0/i___739/CO[3]
                         net (fo=1, routed)           0.000    66.661    vetrimodule/approxmd/linreg_plot/slope1_inferred__0/i___739_n_0
    SLICE_X55Y122        CARRY4 (Prop_carry4_CI_CO[3])
                                                      0.114    66.775 r  vetrimodule/approxmd/linreg_plot/slope1_inferred__0/i___740/CO[3]
                         net (fo=1, routed)           0.000    66.775    vetrimodule/approxmd/linreg_plot/slope1_inferred__0/i___740_n_0
    SLICE_X55Y123        CARRY4 (Prop_carry4_CI_CO[3])
                                                      0.114    66.889 r  vetrimodule/approxmd/linreg_plot/slope1_inferred__0/i___741/CO[3]
                         net (fo=1, routed)           0.000    66.889    vetrimodule/approxmd/linreg_plot/slope1_inferred__0/i___741_n_0
    SLICE_X55Y124        CARRY4 (Prop_carry4_CI_CO[0])
                                                      0.271    67.160 f  vetrimodule/approxmd/linreg_plot/slope1_inferred__0/i___742/CO[0]
                         net (fo=2, routed)           0.369    67.529    vetrimodule/approxmd/linreg_plot/slope10_in[0]
    SLICE_X57Y125        LUT1 (Prop_lut1_I0_O)        0.373    67.902 r  vetrimodule/approxmd/linreg_plot/slope[4]_i_3/O
                         net (fo=1, routed)           0.384    68.286    vetrimodule/approxmd/linreg_plot/slope[4]_i_3_n_0
    SLICE_X54Y124        CARRY4 (Prop_carry4_CYINIT_CO[3])
                                                      0.595    68.881 r  vetrimodule/approxmd/linreg_plot/slope_reg[4]_i_2/CO[3]
                         net (fo=1, routed)           0.009    68.890    vetrimodule/approxmd/linreg_plot/slope_reg[4]_i_2_n_0
    SLICE_X54Y125        CARRY4 (Prop_carry4_CI_CO[3])
                                                      0.117    69.007 r  vetrimodule/approxmd/linreg_plot/slope_reg[8]_i_2/CO[3]
                         net (fo=1, routed)           0.000    69.007    vetrimodule/approxmd/linreg_plot/slope_reg[8]_i_2_n_0
    SLICE_X54Y126        CARRY4 (Prop_carry4_CI_CO[3])
                                                      0.117    69.124 r  vetrimodule/approxmd/linreg_plot/slope_reg[12]_i_2/CO[3]
                         net (fo=1, routed)           0.000    69.124    vetrimodule/approxmd/linreg_plot/slope_reg[12]_i_2_n_0
    SLICE_X54Y127        CARRY4 (Prop_carry4_CI_O[3])
                                                      0.315    69.439 r  vetrimodule/approxmd/linreg_plot/slope_reg[16]_i_2/O[3]
                         net (fo=1, routed)           0.299    69.738    vetrimodule/approxmd/linreg_plot/slope1[16]
    SLICE_X55Y126        LUT5 (Prop_lut5_I4_O)        0.307    70.045 r  vetrimodule/approxmd/linreg_plot/slope[16]_i_1/O
                         net (fo=1, routed)           0.000    70.045    vetrimodule/approxmd/linreg_plot/slope[16]
    SLICE_X55Y126        FDCE                                         r  vetrimodule/approxmd/linreg_plot/slope_reg[16]/D
  -------------------------------------------------------------------    -------------------

                         (clock sys_clk_pin rise edge)
                                                     10.000    10.000 r  
    W5                                                0.000    10.000 r  CLOCK (IN)
                         net (fo=0)                   0.000    10.000    CLOCK
    W5                   IBUF (Prop_ibuf_I_O)         1.388    11.388 r  CLOCK_IBUF_inst/O
                         net (fo=1, routed)           1.862    13.250    CLOCK_IBUF
    BUFGCTRL_X0Y0        BUFG (Prop_bufg_I_O)         0.091    13.341 r  CLOCK_IBUF_BUFG_inst/O
                         net (fo=4568, routed)        1.598    14.939    vetrimodule/approxmd/linreg_plot/CLOCK_IBUF_BUFG
    SLICE_X55Y126        FDCE                                         r  vetrimodule/approxmd/linreg_plot/slope_reg[16]/C
                         clock pessimism              0.187    15.126    
                         clock uncertainty           -0.035    15.091    
    SLICE_X55Y126        FDCE (Setup_fdce_C_D)        0.032    15.123    vetrimodule/approxmd/linreg_plot/slope_reg[16]
  -------------------------------------------------------------------
                         required time                         15.123    
                         arrival time                         -70.045    
  -------------------------------------------------------------------
                         slack                                -54.923    





Min Delay Paths
--------------------------------------------------------------------------------------
Slack (MET) :             0.123ns  (arrival time - required time)
  Source:                 vetrimodule/approxmd/point_editor/pb1_reg[2]/C
                            (rising edge-triggered cell FDCE clocked by sys_clk_pin  {rise@0.000ns fall@5.000ns period=10.000ns})
  Destination:            vetrimodule/approxmd/point_editor/prev_reg[2]/D
                            (rising edge-triggered cell FDCE clocked by sys_clk_pin  {rise@0.000ns fall@5.000ns period=10.000ns})
  Path Group:             sys_clk_pin
  Path Type:              Hold (Min at Fast Process Corner)
  Requirement:            0.000ns  (sys_clk_pin rise@0.000ns - sys_clk_pin rise@0.000ns)
  Data Path Delay:        0.458ns  (logic 0.141ns (30.776%)  route 0.317ns (69.224%))
  Logic Levels:           0  
  Clock Path Skew:        0.265ns (DCD - SCD - CPR)
    Destination Clock Delay (DCD):    1.958ns
    Source Clock Delay      (SCD):    1.444ns
    Clock Pessimism Removal (CPR):    0.249ns

    Location             Delay type                Incr(ns)  Path(ns)    Netlist Resource(s)
  -------------------------------------------------------------------    -------------------
                         (clock sys_clk_pin rise edge)
                                                      0.000     0.000 r  
    W5                                                0.000     0.000 r  CLOCK (IN)
                         net (fo=0)                   0.000     0.000    CLOCK
    W5                   IBUF (Prop_ibuf_I_O)         0.226     0.226 r  CLOCK_IBUF_inst/O
                         net (fo=1, routed)           0.631     0.858    CLOCK_IBUF
    BUFGCTRL_X0Y0        BUFG (Prop_bufg_I_O)         0.026     0.884 r  CLOCK_IBUF_BUFG_inst/O
                         net (fo=4568, routed)        0.561     1.444    vetrimodule/approxmd/point_editor/CLOCK_IBUF_BUFG
    SLICE_X29Y94         FDCE                                         r  vetrimodule/approxmd/point_editor/pb1_reg[2]/C
  -------------------------------------------------------------------    -------------------
    SLICE_X29Y94         FDCE (Prop_fdce_C_Q)         0.141     1.585 r  vetrimodule/approxmd/point_editor/pb1_reg[2]/Q
                         net (fo=4, routed)           0.317     1.902    vetrimodule/approxmd/point_editor/pb1[2]
    SLICE_X40Y94         FDCE                                         r  vetrimodule/approxmd/point_editor/prev_reg[2]/D
  -------------------------------------------------------------------    -------------------

                         (clock sys_clk_pin rise edge)
                                                      0.000     0.000 r  
    W5                                                0.000     0.000 r  CLOCK (IN)
                         net (fo=0)                   0.000     0.000    CLOCK
    W5                   IBUF (Prop_ibuf_I_O)         0.414     0.414 r  CLOCK_IBUF_inst/O
                         net (fo=1, routed)           0.685     1.099    CLOCK_IBUF
    BUFGCTRL_X0Y0        BUFG (Prop_bufg_I_O)         0.029     1.128 r  CLOCK_IBUF_BUFG_inst/O
                         net (fo=4568, routed)        0.831     1.958    vetrimodule/approxmd/point_editor/CLOCK_IBUF_BUFG
    SLICE_X40Y94         FDCE                                         r  vetrimodule/approxmd/point_editor/prev_reg[2]/C
                         clock pessimism             -0.249     1.709    
    SLICE_X40Y94         FDCE (Hold_fdce_C_D)         0.070     1.779    vetrimodule/approxmd/point_editor/prev_reg[2]
  -------------------------------------------------------------------
                         required time                         -1.779    
                         arrival time                           1.902    
  -------------------------------------------------------------------
                         slack                                  0.123    

Slack (MET) :             0.143ns  (arrival time - required time)
  Source:                 vetrimodule/plotmd/eqn2_coef/xmod/prev_reg[3]/C
                            (rising edge-triggered cell FDCE clocked by sys_clk_pin  {rise@0.000ns fall@5.000ns period=10.000ns})
  Destination:            vetrimodule/plotmd/eqn2_coef/xmod/sel_reg[1]/D
                            (rising edge-triggered cell FDCE clocked by sys_clk_pin  {rise@0.000ns fall@5.000ns period=10.000ns})
  Path Group:             sys_clk_pin
  Path Type:              Hold (Min at Fast Process Corner)
  Requirement:            0.000ns  (sys_clk_pin rise@0.000ns - sys_clk_pin rise@0.000ns)
  Data Path Delay:        0.248ns  (logic 0.186ns (74.990%)  route 0.062ns (25.010%))
  Logic Levels:           1  (LUT6=1)
  Clock Path Skew:        0.013ns (DCD - SCD - CPR)
    Destination Clock Delay (DCD):    2.040ns
    Source Clock Delay      (SCD):    1.524ns
    Clock Pessimism Removal (CPR):    0.503ns

    Location             Delay type                Incr(ns)  Path(ns)    Netlist Resource(s)
  -------------------------------------------------------------------    -------------------
                         (clock sys_clk_pin rise edge)
                                                      0.000     0.000 r  
    W5                                                0.000     0.000 r  CLOCK (IN)
                         net (fo=0)                   0.000     0.000    CLOCK
    W5                   IBUF (Prop_ibuf_I_O)         0.226     0.226 r  CLOCK_IBUF_inst/O
                         net (fo=1, routed)           0.631     0.858    CLOCK_IBUF
    BUFGCTRL_X0Y0        BUFG (Prop_bufg_I_O)         0.026     0.884 r  CLOCK_IBUF_BUFG_inst/O
                         net (fo=4568, routed)        0.640     1.524    vetrimodule/plotmd/eqn2_coef/xmod/CLOCK_IBUF_BUFG
    SLICE_X24Y115        FDCE                                         r  vetrimodule/plotmd/eqn2_coef/xmod/prev_reg[3]/C
  -------------------------------------------------------------------    -------------------
    SLICE_X24Y115        FDCE (Prop_fdce_C_Q)         0.141     1.665 r  vetrimodule/plotmd/eqn2_coef/xmod/prev_reg[3]/Q
                         net (fo=2, routed)           0.062     1.727    vetrimodule/plotmd/eqn2_coef/xmod/prev[3]
    SLICE_X25Y115        LUT6 (Prop_lut6_I3_O)        0.045     1.772 r  vetrimodule/plotmd/eqn2_coef/xmod/sel[1]_i_1__5/O
                         net (fo=1, routed)           0.000     1.772    vetrimodule/plotmd/eqn2_coef/xmod/sel[1]_i_1__5_n_0
    SLICE_X25Y115        FDCE                                         r  vetrimodule/plotmd/eqn2_coef/xmod/sel_reg[1]/D
  -------------------------------------------------------------------    -------------------

                         (clock sys_clk_pin rise edge)
                                                      0.000     0.000 r  
    W5                                                0.000     0.000 r  CLOCK (IN)
                         net (fo=0)                   0.000     0.000    CLOCK
    W5                   IBUF (Prop_ibuf_I_O)         0.414     0.414 r  CLOCK_IBUF_inst/O
                         net (fo=1, routed)           0.685     1.099    CLOCK_IBUF
    BUFGCTRL_X0Y0        BUFG (Prop_bufg_I_O)         0.029     1.128 r  CLOCK_IBUF_BUFG_inst/O
                         net (fo=4568, routed)        0.912     2.040    vetrimodule/plotmd/eqn2_coef/xmod/CLOCK_IBUF_BUFG
    SLICE_X25Y115        FDCE                                         r  vetrimodule/plotmd/eqn2_coef/xmod/sel_reg[1]/C
                         clock pessimism             -0.503     1.537    
    SLICE_X25Y115        FDCE (Hold_fdce_C_D)         0.092     1.629    vetrimodule/plotmd/eqn2_coef/xmod/sel_reg[1]
  -------------------------------------------------------------------
                         required time                         -1.629    
                         arrival time                           1.772    
  -------------------------------------------------------------------
                         slack                                  0.143    

Slack (MET) :             0.150ns  (arrival time - required time)
  Source:                 vetrimodule/plotmd/eqn1_coef/x3mod/a_reg[3]/C
                            (rising edge-triggered cell FDCE clocked by sys_clk_pin  {rise@0.000ns fall@5.000ns period=10.000ns})
  Destination:            vetrimodule/plotmd/eq1_a_L_reg[3]/D
                            (rising edge-triggered cell FDCE clocked by sys_clk_pin  {rise@0.000ns fall@5.000ns period=10.000ns})
  Path Group:             sys_clk_pin
  Path Type:              Hold (Min at Fast Process Corner)
  Requirement:            0.000ns  (sys_clk_pin rise@0.000ns - sys_clk_pin rise@0.000ns)
  Data Path Delay:        0.284ns  (logic 0.186ns (65.407%)  route 0.098ns (34.594%))
  Logic Levels:           1  (LUT6=1)
  Clock Path Skew:        0.013ns (DCD - SCD - CPR)
    Destination Clock Delay (DCD):    2.033ns
    Source Clock Delay      (SCD):    1.518ns
    Clock Pessimism Removal (CPR):    0.502ns

    Location             Delay type                Incr(ns)  Path(ns)    Netlist Resource(s)
  -------------------------------------------------------------------    -------------------
                         (clock sys_clk_pin rise edge)
                                                      0.000     0.000 r  
    W5                                                0.000     0.000 r  CLOCK (IN)
                         net (fo=0)                   0.000     0.000    CLOCK
    W5                   IBUF (Prop_ibuf_I_O)         0.226     0.226 r  CLOCK_IBUF_inst/O
                         net (fo=1, routed)           0.631     0.858    CLOCK_IBUF
    BUFGCTRL_X0Y0        BUFG (Prop_bufg_I_O)         0.026     0.884 r  CLOCK_IBUF_BUFG_inst/O
                         net (fo=4568, routed)        0.634     1.518    vetrimodule/plotmd/eqn1_coef/x3mod/CLOCK_IBUF_BUFG
    SLICE_X15Y126        FDCE                                         r  vetrimodule/plotmd/eqn1_coef/x3mod/a_reg[3]/C
  -------------------------------------------------------------------    -------------------
    SLICE_X15Y126        FDCE (Prop_fdce_C_Q)         0.141     1.659 r  vetrimodule/plotmd/eqn1_coef/x3mod/a_reg[3]/Q
                         net (fo=10, routed)          0.098     1.757    vetrimodule/plotmd/eqn1_coef/x3mod/x3_a[3]
    SLICE_X14Y126        LUT6 (Prop_lut6_I1_O)        0.045     1.802 r  vetrimodule/plotmd/eqn1_coef/x3mod/eq1_a_L[3]_i_1/O
                         net (fo=1, routed)           0.000     1.802    vetrimodule/plotmd/eq1_a[3]
    SLICE_X14Y126        FDCE                                         r  vetrimodule/plotmd/eq1_a_L_reg[3]/D
  -------------------------------------------------------------------    -------------------

                         (clock sys_clk_pin rise edge)
                                                      0.000     0.000 r  
    W5                                                0.000     0.000 r  CLOCK (IN)
                         net (fo=0)                   0.000     0.000    CLOCK
    W5                   IBUF (Prop_ibuf_I_O)         0.414     0.414 r  CLOCK_IBUF_inst/O
                         net (fo=1, routed)           0.685     1.099    CLOCK_IBUF
    BUFGCTRL_X0Y0        BUFG (Prop_bufg_I_O)         0.029     1.128 r  CLOCK_IBUF_BUFG_inst/O
                         net (fo=4568, routed)        0.905     2.033    vetrimodule/plotmd/CLOCK_IBUF_BUFG
    SLICE_X14Y126        FDCE                                         r  vetrimodule/plotmd/eq1_a_L_reg[3]/C
                         clock pessimism             -0.502     1.531    
    SLICE_X14Y126        FDCE (Hold_fdce_C_D)         0.121     1.652    vetrimodule/plotmd/eq1_a_L_reg[3]
  -------------------------------------------------------------------
                         required time                         -1.652    
                         arrival time                           1.802    
  -------------------------------------------------------------------
                         slack                                  0.150    

Slack (MET) :             0.154ns  (arrival time - required time)
  Source:                 vetrimodule/approxmd/point_editor/pb1_reg[3]/C
                            (rising edge-triggered cell FDCE clocked by sys_clk_pin  {rise@0.000ns fall@5.000ns period=10.000ns})
  Destination:            vetrimodule/approxmd/point_editor/prev_reg[3]/D
                            (rising edge-triggered cell FDCE clocked by sys_clk_pin  {rise@0.000ns fall@5.000ns period=10.000ns})
  Path Group:             sys_clk_pin
  Path Type:              Hold (Min at Fast Process Corner)
  Requirement:            0.000ns  (sys_clk_pin rise@0.000ns - sys_clk_pin rise@0.000ns)
  Data Path Delay:        0.256ns  (logic 0.141ns (55.080%)  route 0.115ns (44.920%))
  Logic Levels:           0  
  Clock Path Skew:        0.036ns (DCD - SCD - CPR)
    Destination Clock Delay (DCD):    1.958ns
    Source Clock Delay      (SCD):    1.444ns
    Clock Pessimism Removal (CPR):    0.478ns

    Location             Delay type                Incr(ns)  Path(ns)    Netlist Resource(s)
  -------------------------------------------------------------------    -------------------
                         (clock sys_clk_pin rise edge)
                                                      0.000     0.000 r  
    W5                                                0.000     0.000 r  CLOCK (IN)
                         net (fo=0)                   0.000     0.000    CLOCK
    W5                   IBUF (Prop_ibuf_I_O)         0.226     0.226 r  CLOCK_IBUF_inst/O
                         net (fo=1, routed)           0.631     0.858    CLOCK_IBUF
    BUFGCTRL_X0Y0        BUFG (Prop_bufg_I_O)         0.026     0.884 r  CLOCK_IBUF_BUFG_inst/O
                         net (fo=4568, routed)        0.561     1.444    vetrimodule/approxmd/point_editor/CLOCK_IBUF_BUFG
    SLICE_X39Y94         FDCE                                         r  vetrimodule/approxmd/point_editor/pb1_reg[3]/C
  -------------------------------------------------------------------    -------------------
    SLICE_X39Y94         FDCE (Prop_fdce_C_Q)         0.141     1.585 r  vetrimodule/approxmd/point_editor/pb1_reg[3]/Q
                         net (fo=2, routed)           0.115     1.700    vetrimodule/approxmd/point_editor/pb1[3]
    SLICE_X40Y94         FDCE                                         r  vetrimodule/approxmd/point_editor/prev_reg[3]/D
  -------------------------------------------------------------------    -------------------

                         (clock sys_clk_pin rise edge)
                                                      0.000     0.000 r  
    W5                                                0.000     0.000 r  CLOCK (IN)
                         net (fo=0)                   0.000     0.000    CLOCK
    W5                   IBUF (Prop_ibuf_I_O)         0.414     0.414 r  CLOCK_IBUF_inst/O
                         net (fo=1, routed)           0.685     1.099    CLOCK_IBUF
    BUFGCTRL_X0Y0        BUFG (Prop_bufg_I_O)         0.029     1.128 r  CLOCK_IBUF_BUFG_inst/O
                         net (fo=4568, routed)        0.831     1.958    vetrimodule/approxmd/point_editor/CLOCK_IBUF_BUFG
    SLICE_X40Y94         FDCE                                         r  vetrimodule/approxmd/point_editor/prev_reg[3]/C
                         clock pessimism             -0.478     1.480    
    SLICE_X40Y94         FDCE (Hold_fdce_C_D)         0.066     1.546    vetrimodule/approxmd/point_editor/prev_reg[3]
  -------------------------------------------------------------------
                         required time                         -1.546    
                         arrival time                           1.700    
  -------------------------------------------------------------------
                         slack                                  0.154    

Slack (MET) :             0.162ns  (arrival time - required time)
  Source:                 vetrimodule/plotmd/eqn2_coef/x2mod/pb1_reg[2]/C
                            (rising edge-triggered cell FDCE clocked by sys_clk_pin  {rise@0.000ns fall@5.000ns period=10.000ns})
  Destination:            vetrimodule/plotmd/eqn2_coef/x3mod/sel_reg[2]/D
                            (rising edge-triggered cell FDCE clocked by sys_clk_pin  {rise@0.000ns fall@5.000ns period=10.000ns})
  Path Group:             sys_clk_pin
  Path Type:              Hold (Min at Fast Process Corner)
  Requirement:            0.000ns  (sys_clk_pin rise@0.000ns - sys_clk_pin rise@0.000ns)
  Data Path Delay:        0.267ns  (logic 0.186ns (69.568%)  route 0.081ns (30.432%))
  Logic Levels:           1  (LUT6=1)
  Clock Path Skew:        0.013ns (DCD - SCD - CPR)
    Destination Clock Delay (DCD):    2.037ns
    Source Clock Delay      (SCD):    1.522ns
    Clock Pessimism Removal (CPR):    0.502ns

    Location             Delay type                Incr(ns)  Path(ns)    Netlist Resource(s)
  -------------------------------------------------------------------    -------------------
                         (clock sys_clk_pin rise edge)
                                                      0.000     0.000 r  
    W5                                                0.000     0.000 r  CLOCK (IN)
                         net (fo=0)                   0.000     0.000    CLOCK
    W5                   IBUF (Prop_ibuf_I_O)         0.226     0.226 r  CLOCK_IBUF_inst/O
                         net (fo=1, routed)           0.631     0.858    CLOCK_IBUF
    BUFGCTRL_X0Y0        BUFG (Prop_bufg_I_O)         0.026     0.884 r  CLOCK_IBUF_BUFG_inst/O
                         net (fo=4568, routed)        0.638     1.522    vetrimodule/plotmd/eqn2_coef/x2mod/CLOCK_IBUF_BUFG
    SLICE_X33Y116        FDCE                                         r  vetrimodule/plotmd/eqn2_coef/x2mod/pb1_reg[2]/C
  -------------------------------------------------------------------    -------------------
    SLICE_X33Y116        FDCE (Prop_fdce_C_Q)         0.141     1.663 r  vetrimodule/plotmd/eqn2_coef/x2mod/pb1_reg[2]/Q
                         net (fo=12, routed)          0.081     1.744    vetrimodule/plotmd/eqn2_coef/x3mod/D[1]
    SLICE_X32Y116        LUT6 (Prop_lut6_I3_O)        0.045     1.789 r  vetrimodule/plotmd/eqn2_coef/x3mod/sel[2]_i_1__3/O
                         net (fo=1, routed)           0.000     1.789    vetrimodule/plotmd/eqn2_coef/x3mod/sel[2]_i_1__3_n_0
    SLICE_X32Y116        FDCE                                         r  vetrimodule/plotmd/eqn2_coef/x3mod/sel_reg[2]/D
  -------------------------------------------------------------------    -------------------

                         (clock sys_clk_pin rise edge)
                                                      0.000     0.000 r  
    W5                                                0.000     0.000 r  CLOCK (IN)
                         net (fo=0)                   0.000     0.000    CLOCK
    W5                   IBUF (Prop_ibuf_I_O)         0.414     0.414 r  CLOCK_IBUF_inst/O
                         net (fo=1, routed)           0.685     1.099    CLOCK_IBUF
    BUFGCTRL_X0Y0        BUFG (Prop_bufg_I_O)         0.029     1.128 r  CLOCK_IBUF_BUFG_inst/O
                         net (fo=4568, routed)        0.909     2.037    vetrimodule/plotmd/eqn2_coef/x3mod/CLOCK_IBUF_BUFG
    SLICE_X32Y116        FDCE                                         r  vetrimodule/plotmd/eqn2_coef/x3mod/sel_reg[2]/C
                         clock pessimism             -0.502     1.535    
    SLICE_X32Y116        FDCE (Hold_fdce_C_D)         0.092     1.627    vetrimodule/plotmd/eqn2_coef/x3mod/sel_reg[2]
  -------------------------------------------------------------------
                         required time                         -1.627    
                         arrival time                           1.789    
  -------------------------------------------------------------------
                         slack                                  0.162    

Slack (MET) :             0.167ns  (arrival time - required time)
  Source:                 msemd/Inst_Ps2Interface/delay_100us_done_reg/C
                            (rising edge-triggered cell FDRE clocked by sys_clk_pin  {rise@0.000ns fall@5.000ns period=10.000ns})
  Destination:            msemd/Inst_Ps2Interface/FSM_onehot_state_reg[6]/D
                            (rising edge-triggered cell FDRE clocked by sys_clk_pin  {rise@0.000ns fall@5.000ns period=10.000ns})
  Path Group:             sys_clk_pin
  Path Type:              Hold (Min at Fast Process Corner)
  Requirement:            0.000ns  (sys_clk_pin rise@0.000ns - sys_clk_pin rise@0.000ns)
  Data Path Delay:        0.272ns  (logic 0.209ns (76.780%)  route 0.063ns (23.220%))
  Logic Levels:           1  (LUT5=1)
  Clock Path Skew:        0.013ns (DCD - SCD - CPR)
    Destination Clock Delay (DCD):    2.067ns
    Source Clock Delay      (SCD):    1.550ns
    Clock Pessimism Removal (CPR):    0.504ns

    Location             Delay type                Incr(ns)  Path(ns)    Netlist Resource(s)
  -------------------------------------------------------------------    -------------------
                         (clock sys_clk_pin rise edge)
                                                      0.000     0.000 r  
    W5                                                0.000     0.000 r  CLOCK (IN)
                         net (fo=0)                   0.000     0.000    CLOCK
    W5                   IBUF (Prop_ibuf_I_O)         0.226     0.226 r  CLOCK_IBUF_inst/O
                         net (fo=1, routed)           0.631     0.858    CLOCK_IBUF
    BUFGCTRL_X0Y0        BUFG (Prop_bufg_I_O)         0.026     0.884 r  CLOCK_IBUF_BUFG_inst/O
                         net (fo=4568, routed)        0.666     1.550    msemd/Inst_Ps2Interface/CLOCK_IBUF_BUFG
    SLICE_X2Y120         FDRE                                         r  msemd/Inst_Ps2Interface/delay_100us_done_reg/C
  -------------------------------------------------------------------    -------------------
    SLICE_X2Y120         FDRE (Prop_fdre_C_Q)         0.164     1.714 f  msemd/Inst_Ps2Interface/delay_100us_done_reg/Q
                         net (fo=2, routed)           0.063     1.777    msemd/Inst_Ps2Interface/delay_100us_done
    SLICE_X3Y120         LUT5 (Prop_lut5_I0_O)        0.045     1.822 r  msemd/Inst_Ps2Interface/FSM_onehot_state[6]_i_1/O
                         net (fo=1, routed)           0.000     1.822    msemd/Inst_Ps2Interface/FSM_onehot_state[6]_i_1_n_0
    SLICE_X3Y120         FDRE                                         r  msemd/Inst_Ps2Interface/FSM_onehot_state_reg[6]/D
  -------------------------------------------------------------------    -------------------

                         (clock sys_clk_pin rise edge)
                                                      0.000     0.000 r  
    W5                                                0.000     0.000 r  CLOCK (IN)
                         net (fo=0)                   0.000     0.000    CLOCK
    W5                   IBUF (Prop_ibuf_I_O)         0.414     0.414 r  CLOCK_IBUF_inst/O
                         net (fo=1, routed)           0.685     1.099    CLOCK_IBUF
    BUFGCTRL_X0Y0        BUFG (Prop_bufg_I_O)         0.029     1.128 r  CLOCK_IBUF_BUFG_inst/O
                         net (fo=4568, routed)        0.939     2.067    msemd/Inst_Ps2Interface/CLOCK_IBUF_BUFG
    SLICE_X3Y120         FDRE                                         r  msemd/Inst_Ps2Interface/FSM_onehot_state_reg[6]/C
                         clock pessimism             -0.504     1.563    
    SLICE_X3Y120         FDRE (Hold_fdre_C_D)         0.092     1.655    msemd/Inst_Ps2Interface/FSM_onehot_state_reg[6]
  -------------------------------------------------------------------
                         required time                         -1.655    
                         arrival time                           1.822    
  -------------------------------------------------------------------
                         slack                                  0.167    

Slack (MET) :             0.168ns  (arrival time - required time)
  Source:                 nicmodule/u_lfsr/q_reg[0]/C
                            (rising edge-triggered cell FDPE clocked by sys_clk_pin  {rise@0.000ns fall@5.000ns period=10.000ns})
  Destination:            nicmodule/u_lfsr/q_reg[1]/D
                            (rising edge-triggered cell FDCE clocked by sys_clk_pin  {rise@0.000ns fall@5.000ns period=10.000ns})
  Path Group:             sys_clk_pin
  Path Type:              Hold (Min at Fast Process Corner)
  Requirement:            0.000ns  (sys_clk_pin rise@0.000ns - sys_clk_pin rise@0.000ns)
  Data Path Delay:        0.238ns  (logic 0.141ns (59.277%)  route 0.097ns (40.723%))
  Logic Levels:           0  
  Clock Path Skew:        0.013ns (DCD - SCD - CPR)
    Destination Clock Delay (DCD):    1.979ns
    Source Clock Delay      (SCD):    1.466ns
    Clock Pessimism Removal (CPR):    0.500ns

    Location             Delay type                Incr(ns)  Path(ns)    Netlist Resource(s)
  -------------------------------------------------------------------    -------------------
                         (clock sys_clk_pin rise edge)
                                                      0.000     0.000 r  
    W5                                                0.000     0.000 r  CLOCK (IN)
                         net (fo=0)                   0.000     0.000    CLOCK
    W5                   IBUF (Prop_ibuf_I_O)         0.226     0.226 r  CLOCK_IBUF_inst/O
                         net (fo=1, routed)           0.631     0.858    CLOCK_IBUF
    BUFGCTRL_X0Y0        BUFG (Prop_bufg_I_O)         0.026     0.884 r  CLOCK_IBUF_BUFG_inst/O
                         net (fo=4568, routed)        0.583     1.466    nicmodule/u_lfsr/CLOCK_IBUF_BUFG
    SLICE_X1Y78          FDPE                                         r  nicmodule/u_lfsr/q_reg[0]/C
  -------------------------------------------------------------------    -------------------
    SLICE_X1Y78          FDPE (Prop_fdpe_C_Q)         0.141     1.607 r  nicmodule/u_lfsr/q_reg[0]/Q
                         net (fo=1, routed)           0.097     1.704    nicmodule/u_lfsr/q_reg_n_0_[0]
    SLICE_X0Y78          FDCE                                         r  nicmodule/u_lfsr/q_reg[1]/D
  -------------------------------------------------------------------    -------------------

                         (clock sys_clk_pin rise edge)
                                                      0.000     0.000 r  
    W5                                                0.000     0.000 r  CLOCK (IN)
                         net (fo=0)                   0.000     0.000    CLOCK
    W5                   IBUF (Prop_ibuf_I_O)         0.414     0.414 r  CLOCK_IBUF_inst/O
                         net (fo=1, routed)           0.685     1.099    CLOCK_IBUF
    BUFGCTRL_X0Y0        BUFG (Prop_bufg_I_O)         0.029     1.128 r  CLOCK_IBUF_BUFG_inst/O
                         net (fo=4568, routed)        0.851     1.979    nicmodule/u_lfsr/CLOCK_IBUF_BUFG
    SLICE_X0Y78          FDCE                                         r  nicmodule/u_lfsr/q_reg[1]/C
                         clock pessimism             -0.500     1.479    
    SLICE_X0Y78          FDCE (Hold_fdce_C_D)         0.057     1.536    nicmodule/u_lfsr/q_reg[1]
  -------------------------------------------------------------------
                         required time                         -1.536    
                         arrival time                           1.704    
  -------------------------------------------------------------------
                         slack                                  0.168    

Slack (MET) :             0.168ns  (arrival time - required time)
  Source:                 msemd/Inst_Ps2Interface/FSM_onehot_state_reg[8]/C
                            (rising edge-triggered cell FDRE clocked by sys_clk_pin  {rise@0.000ns fall@5.000ns period=10.000ns})
  Destination:            msemd/Inst_Ps2Interface/ps2_clk_h_reg_inv/D
                            (rising edge-triggered cell FDRE clocked by sys_clk_pin  {rise@0.000ns fall@5.000ns period=10.000ns})
  Path Group:             sys_clk_pin
  Path Type:              Hold (Min at Fast Process Corner)
  Requirement:            0.000ns  (sys_clk_pin rise@0.000ns - sys_clk_pin rise@0.000ns)
  Data Path Delay:        0.272ns  (logic 0.209ns (76.771%)  route 0.063ns (23.229%))
  Logic Levels:           1  (LUT6=1)
  Clock Path Skew:        0.013ns (DCD - SCD - CPR)
    Destination Clock Delay (DCD):    2.065ns
    Source Clock Delay      (SCD):    1.549ns
    Clock Pessimism Removal (CPR):    0.503ns

    Location             Delay type                Incr(ns)  Path(ns)    Netlist Resource(s)
  -------------------------------------------------------------------    -------------------
                         (clock sys_clk_pin rise edge)
                                                      0.000     0.000 r  
    W5                                                0.000     0.000 r  CLOCK (IN)
                         net (fo=0)                   0.000     0.000    CLOCK
    W5                   IBUF (Prop_ibuf_I_O)         0.226     0.226 r  CLOCK_IBUF_inst/O
                         net (fo=1, routed)           0.631     0.858    CLOCK_IBUF
    BUFGCTRL_X0Y0        BUFG (Prop_bufg_I_O)         0.026     0.884 r  CLOCK_IBUF_BUFG_inst/O
                         net (fo=4568, routed)        0.665     1.549    msemd/Inst_Ps2Interface/CLOCK_IBUF_BUFG
    SLICE_X2Y122         FDRE                                         r  msemd/Inst_Ps2Interface/FSM_onehot_state_reg[8]/C
  -------------------------------------------------------------------    -------------------
    SLICE_X2Y122         FDRE (Prop_fdre_C_Q)         0.164     1.713 r  msemd/Inst_Ps2Interface/FSM_onehot_state_reg[8]/Q
                         net (fo=2, routed)           0.063     1.776    msemd/Inst_Ps2Interface/FSM_onehot_state_reg_n_0_[8]
    SLICE_X3Y122         LUT6 (Prop_lut6_I3_O)        0.045     1.821 r  msemd/Inst_Ps2Interface/ps2_clk_h_inv_i_2/O
                         net (fo=1, routed)           0.000     1.821    msemd/Inst_Ps2Interface/ps2_clk_h_inv_i_1_n_0
    SLICE_X3Y122         FDRE                                         r  msemd/Inst_Ps2Interface/ps2_clk_h_reg_inv/D
  -------------------------------------------------------------------    -------------------

                         (clock sys_clk_pin rise edge)
                                                      0.000     0.000 r  
    W5                                                0.000     0.000 r  CLOCK (IN)
                         net (fo=0)                   0.000     0.000    CLOCK
    W5                   IBUF (Prop_ibuf_I_O)         0.414     0.414 r  CLOCK_IBUF_inst/O
                         net (fo=1, routed)           0.685     1.099    CLOCK_IBUF
    BUFGCTRL_X0Y0        BUFG (Prop_bufg_I_O)         0.029     1.128 r  CLOCK_IBUF_BUFG_inst/O
                         net (fo=4568, routed)        0.937     2.065    msemd/Inst_Ps2Interface/CLOCK_IBUF_BUFG
    SLICE_X3Y122         FDRE                                         r  msemd/Inst_Ps2Interface/ps2_clk_h_reg_inv/C
                         clock pessimism             -0.503     1.562    
    SLICE_X3Y122         FDRE (Hold_fdre_C_D)         0.091     1.653    msemd/Inst_Ps2Interface/ps2_clk_h_reg_inv
  -------------------------------------------------------------------
                         required time                         -1.653    
                         arrival time                           1.821    
  -------------------------------------------------------------------
                         slack                                  0.168    

Slack (MET) :             0.171ns  (arrival time - required time)
  Source:                 vetrimodule/plotmd/m_prev_reg/C
                            (rising edge-triggered cell FDCE clocked by sys_clk_pin  {rise@0.000ns fall@5.000ns period=10.000ns})
  Destination:            vetrimodule/plotmd/eqn2_coef_enable_reg/D
                            (rising edge-triggered cell FDCE clocked by sys_clk_pin  {rise@0.000ns fall@5.000ns period=10.000ns})
  Path Group:             sys_clk_pin
  Path Type:              Hold (Min at Fast Process Corner)
  Requirement:            0.000ns  (sys_clk_pin rise@0.000ns - sys_clk_pin rise@0.000ns)
  Data Path Delay:        0.306ns  (logic 0.186ns (60.722%)  route 0.120ns (39.278%))
  Logic Levels:           1  (LUT6=1)
  Clock Path Skew:        0.014ns (DCD - SCD - CPR)
    Destination Clock Delay (DCD):    2.035ns
    Source Clock Delay      (SCD):    1.519ns
    Clock Pessimism Removal (CPR):    0.502ns

    Location             Delay type                Incr(ns)  Path(ns)    Netlist Resource(s)
  -------------------------------------------------------------------    -------------------
                         (clock sys_clk_pin rise edge)
                                                      0.000     0.000 r  
    W5                                                0.000     0.000 r  CLOCK (IN)
                         net (fo=0)                   0.000     0.000    CLOCK
    W5                   IBUF (Prop_ibuf_I_O)         0.226     0.226 r  CLOCK_IBUF_inst/O
                         net (fo=1, routed)           0.631     0.858    CLOCK_IBUF
    BUFGCTRL_X0Y0        BUFG (Prop_bufg_I_O)         0.026     0.884 r  CLOCK_IBUF_BUFG_inst/O
                         net (fo=4568, routed)        0.635     1.519    vetrimodule/plotmd/CLOCK_IBUF_BUFG
    SLICE_X37Y118        FDCE                                         r  vetrimodule/plotmd/m_prev_reg/C
  -------------------------------------------------------------------    -------------------
    SLICE_X37Y118        FDCE (Prop_fdce_C_Q)         0.141     1.660 r  vetrimodule/plotmd/m_prev_reg/Q
                         net (fo=3, routed)           0.120     1.780    vetrimodule/plotmd/eqn2_type/m_prev
    SLICE_X38Y118        LUT6 (Prop_lut6_I3_O)        0.045     1.825 r  vetrimodule/plotmd/eqn2_type/eqn2_coef_enable_i_1/O
                         net (fo=1, routed)           0.000     1.825    vetrimodule/plotmd/eqn2_type_n_34
    SLICE_X38Y118        FDCE                                         r  vetrimodule/plotmd/eqn2_coef_enable_reg/D
  -------------------------------------------------------------------    -------------------

                         (clock sys_clk_pin rise edge)
                                                      0.000     0.000 r  
    W5                                                0.000     0.000 r  CLOCK (IN)
                         net (fo=0)                   0.000     0.000    CLOCK
    W5                   IBUF (Prop_ibuf_I_O)         0.414     0.414 r  CLOCK_IBUF_inst/O
                         net (fo=1, routed)           0.685     1.099    CLOCK_IBUF
    BUFGCTRL_X0Y0        BUFG (Prop_bufg_I_O)         0.029     1.128 r  CLOCK_IBUF_BUFG_inst/O
                         net (fo=4568, routed)        0.907     2.035    vetrimodule/plotmd/CLOCK_IBUF_BUFG
    SLICE_X38Y118        FDCE                                         r  vetrimodule/plotmd/eqn2_coef_enable_reg/C
                         clock pessimism             -0.502     1.533    
    SLICE_X38Y118        FDCE (Hold_fdce_C_D)         0.121     1.654    vetrimodule/plotmd/eqn2_coef_enable_reg
  -------------------------------------------------------------------
                         required time                         -1.654    
                         arrival time                           1.825    
  -------------------------------------------------------------------
                         slack                                  0.171    

Slack (MET) :             0.171ns  (arrival time - required time)
  Source:                 vetrimodule/plotmd/m_prev_reg/C
                            (rising edge-triggered cell FDCE clocked by sys_clk_pin  {rise@0.000ns fall@5.000ns period=10.000ns})
  Destination:            vetrimodule/plotmd/graph_enable_reg/D
                            (rising edge-triggered cell FDCE clocked by sys_clk_pin  {rise@0.000ns fall@5.000ns period=10.000ns})
  Path Group:             sys_clk_pin
  Path Type:              Hold (Min at Fast Process Corner)
  Requirement:            0.000ns  (sys_clk_pin rise@0.000ns - sys_clk_pin rise@0.000ns)
  Data Path Delay:        0.306ns  (logic 0.186ns (60.722%)  route 0.120ns (39.278%))
  Logic Levels:           1  (LUT4=1)
  Clock Path Skew:        0.014ns (DCD - SCD - CPR)
    Destination Clock Delay (DCD):    2.035ns
    Source Clock Delay      (SCD):    1.519ns
    Clock Pessimism Removal (CPR):    0.502ns

    Location             Delay type                Incr(ns)  Path(ns)    Netlist Resource(s)
  -------------------------------------------------------------------    -------------------
                         (clock sys_clk_pin rise edge)
                                                      0.000     0.000 r  
    W5                                                0.000     0.000 r  CLOCK (IN)
                         net (fo=0)                   0.000     0.000    CLOCK
    W5                   IBUF (Prop_ibuf_I_O)         0.226     0.226 r  CLOCK_IBUF_inst/O
                         net (fo=1, routed)           0.631     0.858    CLOCK_IBUF
    BUFGCTRL_X0Y0        BUFG (Prop_bufg_I_O)         0.026     0.884 r  CLOCK_IBUF_BUFG_inst/O
                         net (fo=4568, routed)        0.635     1.519    vetrimodule/plotmd/CLOCK_IBUF_BUFG
    SLICE_X37Y118        FDCE                                         r  vetrimodule/plotmd/m_prev_reg/C
  -------------------------------------------------------------------    -------------------
    SLICE_X37Y118        FDCE (Prop_fdce_C_Q)         0.141     1.660 r  vetrimodule/plotmd/m_prev_reg/Q
                         net (fo=3, routed)           0.120     1.780    vetrimodule/plotmd/eqn2_coef/m_prev
    SLICE_X38Y118        LUT4 (Prop_lut4_I2_O)        0.045     1.825 r  vetrimodule/plotmd/eqn2_coef/graph_enable_i_1/O
                         net (fo=1, routed)           0.000     1.825    vetrimodule/plotmd/eqn2_coef_n_117
    SLICE_X38Y118        FDCE                                         r  vetrimodule/plotmd/graph_enable_reg/D
  -------------------------------------------------------------------    -------------------

                         (clock sys_clk_pin rise edge)
                                                      0.000     0.000 r  
    W5                                                0.000     0.000 r  CLOCK (IN)
                         net (fo=0)                   0.000     0.000    CLOCK
    W5                   IBUF (Prop_ibuf_I_O)         0.414     0.414 r  CLOCK_IBUF_inst/O
                         net (fo=1, routed)           0.685     1.099    CLOCK_IBUF
    BUFGCTRL_X0Y0        BUFG (Prop_bufg_I_O)         0.029     1.128 r  CLOCK_IBUF_BUFG_inst/O
                         net (fo=4568, routed)        0.907     2.035    vetrimodule/plotmd/CLOCK_IBUF_BUFG
    SLICE_X38Y118        FDCE                                         r  vetrimodule/plotmd/graph_enable_reg/C
                         clock pessimism             -0.502     1.533    
    SLICE_X38Y118        FDCE (Hold_fdce_C_D)         0.121     1.654    vetrimodule/plotmd/graph_enable_reg
  -------------------------------------------------------------------
                         required time                         -1.654    
                         arrival time                           1.825    
  -------------------------------------------------------------------
                         slack                                  0.171    





Pulse Width Checks
--------------------------------------------------------------------------------------
Clock Name:         sys_clk_pin
Waveform(ns):       { 0.000 5.000 }
Period(ns):         10.000
Sources:            { CLOCK }

Check Type        Corner  Lib Pin      Reference Pin  Required(ns)  Actual(ns)  Slack(ns)  Location       Pin
Min Period        n/a     BUFG/I       n/a            2.155         10.000      7.845      BUFGCTRL_X0Y0  CLOCK_IBUF_BUFG_inst/I
Min Period        n/a     DSP48E1/CLK  n/a            2.154         10.000      7.846      DSP48_X1Y49    vetrimodule/plotmd/graph_mod/k1_10/CLK
Min Period        n/a     DSP48E1/CLK  n/a            2.154         10.000      7.846      DSP48_X0Y50    vetrimodule/plotmd/graph_mod/k1_30/CLK
Min Period        n/a     DSP48E1/CLK  n/a            2.154         10.000      7.846      DSP48_X1Y43    vetrimodule/plotmd/graph_mod/k2_10/CLK
Min Period        n/a     DSP48E1/CLK  n/a            2.154         10.000      7.846      DSP48_X0Y51    vetrimodule/plotmd/graph_mod/k2_30/CLK
Min Period        n/a     DSP48E1/CLK  n/a            2.154         10.000      7.846      DSP48_X0Y48    vetrimodule/plotmd/graph_mod/k1_20/CLK
Min Period        n/a     DSP48E1/CLK  n/a            2.154         10.000      7.846      DSP48_X1Y42    vetrimodule/plotmd/graph_mod/k2_00/CLK
Min Period        n/a     DSP48E1/CLK  n/a            2.154         10.000      7.846      DSP48_X0Y46    vetrimodule/plotmd/graph_mod/k2_20/CLK
Min Period        n/a     DSP48E1/CLK  n/a            2.154         10.000      7.846      DSP48_X1Y46    vetrimodule/plotmd/graph_mod/k1_00/CLK
Min Period        n/a     FDRE/C       n/a            1.000         10.000      9.000      SLICE_X33Y13   aidanmodule/btnD_prev_reg/C
Low Pulse Width   Slow    FDCE/C       n/a            0.500         5.000       4.500      SLICE_X56Y130  vetrimodule/approxmd/linreg_plot/slope_reg[20]/C
Low Pulse Width   Slow    FDCE/C       n/a            0.500         5.000       4.500      SLICE_X56Y130  vetrimodule/approxmd/linreg_plot/slope_reg[9]/C
Low Pulse Width   Slow    FDCE/C       n/a            0.500         5.000       4.500      SLICE_X27Y121  vetrimodule/plotmd/graph_mod/pb0_reg[1]/C
Low Pulse Width   Slow    FDCE/C       n/a            0.500         5.000       4.500      SLICE_X27Y121  vetrimodule/plotmd/graph_mod/pb0_reg[4]/C
Low Pulse Width   Slow    FDRE/C       n/a            0.500         5.000       4.500      SLICE_X31Y138  vetrimodule/plotmd/graph_mod/poly1_y_reg[0][0]/C
Low Pulse Width   Slow    FDCE/C       n/a            0.500         5.000       4.500      SLICE_X48Y121  vetrimodule/plotmd/graph_mod/t1_reg[24]/C
Low Pulse Width   Slow    FDCE/C       n/a            0.500         5.000       4.500      SLICE_X48Y121  vetrimodule/plotmd/graph_mod/t1_reg[25]/C
Low Pulse Width   Slow    FDCE/C       n/a            0.500         5.000       4.500      SLICE_X48Y121  vetrimodule/plotmd/graph_mod/t1_reg[26]/C
Low Pulse Width   Slow    FDCE/C       n/a            0.500         5.000       4.500      SLICE_X48Y121  vetrimodule/plotmd/graph_mod/t1_reg[27]/C
Low Pulse Width   Slow    FDCE/C       n/a            0.500         5.000       4.500      SLICE_X51Y121  vetrimodule/plotmd/graph_mod/y1_offi_reg[24]/C
High Pulse Width  Slow    FDRE/C       n/a            0.500         5.000       4.500      SLICE_X33Y13   aidanmodule/btnD_prev_reg/C
High Pulse Width  Slow    FDRE/C       n/a            0.500         5.000       4.500      SLICE_X41Y17   aidanmodule/btnR_prev_reg/C
High Pulse Width  Slow    FDCE/C       n/a            0.500         5.000       4.500      SLICE_X55Y125  vetrimodule/approxmd/linreg_plot/slope_reg[1]/C
High Pulse Width  Slow    FDCE/C       n/a            0.500         5.000       4.500      SLICE_X55Y125  vetrimodule/approxmd/linreg_plot/slope_reg[2]/C
High Pulse Width  Slow    FDCE/C       n/a            0.500         5.000       4.500      SLICE_X57Y125  vetrimodule/approxmd/linreg_plot/slope_reg[5]/C
High Pulse Width  Slow    FDCE/C       n/a            0.500         5.000       4.500      SLICE_X55Y125  vetrimodule/approxmd/linreg_plot/slope_reg[6]/C
High Pulse Width  Slow    FDRE/C       n/a            0.500         5.000       4.500      SLICE_X28Y95   vetrimodule/approxmd/plot_mouse/l_meta_reg/C
High Pulse Width  Slow    FDRE/C       n/a            0.500         5.000       4.500      SLICE_X32Y98   vetrimodule/approxmd/plot_mouse/l_sync_d_reg/C
High Pulse Width  Slow    FDRE/C       n/a            0.500         5.000       4.500      SLICE_X29Y98   vetrimodule/approxmd/plot_mouse/l_sync_reg/C
High Pulse Width  Slow    FDRE/C       n/a            0.500         5.000       4.500      SLICE_X34Y13   aidanmodule/display_mode_reg[0]/C



---------------------------------------------------------------------------------------------------
Path Group:  **async_default**
From Clock:  sys_clk_pin
  To Clock:  sys_clk_pin

Setup :           70  Failing Endpoints,  Worst Slack       -1.946ns,  Total Violation      -58.481ns
Hold  :            0  Failing Endpoints,  Worst Slack        0.419ns,  Total Violation        0.000ns
---------------------------------------------------------------------------------------------------


Max Delay Paths
--------------------------------------------------------------------------------------
Slack (VIOLATED) :        -1.946ns  (required time - arrival time)
  Source:                 msemd/right_reg/C
                            (rising edge-triggered cell FDRE clocked by sys_clk_pin  {rise@0.000ns fall@5.000ns period=10.000ns})
  Destination:            vetrimodule/approxmd/linreg_plot/sum_y_reg[0]/CLR
                            (recovery check against rising-edge clock sys_clk_pin  {rise@0.000ns fall@5.000ns period=10.000ns})
  Path Group:             **async_default**
  Path Type:              Recovery (Max at Slow Process Corner)
  Requirement:            10.000ns  (sys_clk_pin rise@10.000ns - sys_clk_pin rise@0.000ns)
  Data Path Delay:        11.216ns  (logic 0.456ns (4.066%)  route 10.760ns (95.934%))
  Logic Levels:           0  
  Clock Path Skew:        -0.290ns (DCD - SCD + CPR)
    Destination Clock Delay (DCD):    4.784ns = ( 14.784 - 10.000 ) 
    Source Clock Delay      (SCD):    5.260ns
    Clock Pessimism Removal (CPR):    0.187ns
  Clock Uncertainty:      0.035ns  ((TSJ^2 + TIJ^2)^1/2 + DJ) / 2 + PE
    Total System Jitter     (TSJ):    0.071ns
    Total Input Jitter      (TIJ):    0.000ns
    Discrete Jitter          (DJ):    0.000ns
    Phase Error              (PE):    0.000ns

    Location             Delay type                Incr(ns)  Path(ns)    Netlist Resource(s)
  -------------------------------------------------------------------    -------------------
                         (clock sys_clk_pin rise edge)
                                                      0.000     0.000 r  
    W5                                                0.000     0.000 r  CLOCK (IN)
                         net (fo=0)                   0.000     0.000    CLOCK
    W5                   IBUF (Prop_ibuf_I_O)         1.458     1.458 r  CLOCK_IBUF_inst/O
                         net (fo=1, routed)           1.967     3.425    CLOCK_IBUF
    BUFGCTRL_X0Y0        BUFG (Prop_bufg_I_O)         0.096     3.521 r  CLOCK_IBUF_BUFG_inst/O
                         net (fo=4568, routed)        1.739     5.260    msemd/CLOCK_IBUF_BUFG
    SLICE_X15Y108        FDRE                                         r  msemd/right_reg/C
  -------------------------------------------------------------------    -------------------
    SLICE_X15Y108        FDRE (Prop_fdre_C_Q)         0.456     5.716 f  msemd/right_reg/Q
                         net (fo=823, routed)        10.760    16.476    vetrimodule/approxmd/linreg_plot/LED_OBUF[0]
    SLICE_X57Y95         FDCE                                         f  vetrimodule/approxmd/linreg_plot/sum_y_reg[0]/CLR
  -------------------------------------------------------------------    -------------------

                         (clock sys_clk_pin rise edge)
                                                     10.000    10.000 r  
    W5                                                0.000    10.000 r  CLOCK (IN)
                         net (fo=0)                   0.000    10.000    CLOCK
    W5                   IBUF (Prop_ibuf_I_O)         1.388    11.388 r  CLOCK_IBUF_inst/O
                         net (fo=1, routed)           1.862    13.250    CLOCK_IBUF
    BUFGCTRL_X0Y0        BUFG (Prop_bufg_I_O)         0.091    13.341 r  CLOCK_IBUF_BUFG_inst/O
                         net (fo=4568, routed)        1.443    14.784    vetrimodule/approxmd/linreg_plot/CLOCK_IBUF_BUFG
    SLICE_X57Y95         FDCE                                         r  vetrimodule/approxmd/linreg_plot/sum_y_reg[0]/C
                         clock pessimism              0.187    14.971    
                         clock uncertainty           -0.035    14.935    
    SLICE_X57Y95         FDCE (Recov_fdce_C_CLR)     -0.405    14.530    vetrimodule/approxmd/linreg_plot/sum_y_reg[0]
  -------------------------------------------------------------------
                         required time                         14.530    
                         arrival time                         -16.476    
  -------------------------------------------------------------------
                         slack                                 -1.946    

Slack (VIOLATED) :        -1.571ns  (required time - arrival time)
  Source:                 msemd/right_reg/C
                            (rising edge-triggered cell FDRE clocked by sys_clk_pin  {rise@0.000ns fall@5.000ns period=10.000ns})
  Destination:            vetrimodule/approxmd/linreg_plot/temp1_reg[0]/CLR
                            (recovery check against rising-edge clock sys_clk_pin  {rise@0.000ns fall@5.000ns period=10.000ns})
  Path Group:             **async_default**
  Path Type:              Recovery (Max at Slow Process Corner)
  Requirement:            10.000ns  (sys_clk_pin rise@10.000ns - sys_clk_pin rise@0.000ns)
  Data Path Delay:        10.992ns  (logic 0.456ns (4.149%)  route 10.536ns (95.851%))
  Logic Levels:           0  
  Clock Path Skew:        -0.225ns (DCD - SCD + CPR)
    Destination Clock Delay (DCD):    4.849ns = ( 14.849 - 10.000 ) 
    Source Clock Delay      (SCD):    5.260ns
    Clock Pessimism Removal (CPR):    0.187ns
  Clock Uncertainty:      0.035ns  ((TSJ^2 + TIJ^2)^1/2 + DJ) / 2 + PE
    Total System Jitter     (TSJ):    0.071ns
    Total Input Jitter      (TIJ):    0.000ns
    Discrete Jitter          (DJ):    0.000ns
    Phase Error              (PE):    0.000ns

    Location             Delay type                Incr(ns)  Path(ns)    Netlist Resource(s)
  -------------------------------------------------------------------    -------------------
                         (clock sys_clk_pin rise edge)
                                                      0.000     0.000 r  
    W5                                                0.000     0.000 r  CLOCK (IN)
                         net (fo=0)                   0.000     0.000    CLOCK
    W5                   IBUF (Prop_ibuf_I_O)         1.458     1.458 r  CLOCK_IBUF_inst/O
                         net (fo=1, routed)           1.967     3.425    CLOCK_IBUF
    BUFGCTRL_X0Y0        BUFG (Prop_bufg_I_O)         0.096     3.521 r  CLOCK_IBUF_BUFG_inst/O
                         net (fo=4568, routed)        1.739     5.260    msemd/CLOCK_IBUF_BUFG
    SLICE_X15Y108        FDRE                                         r  msemd/right_reg/C
  -------------------------------------------------------------------    -------------------
    SLICE_X15Y108        FDRE (Prop_fdre_C_Q)         0.456     5.716 f  msemd/right_reg/Q
                         net (fo=823, routed)        10.536    16.252    vetrimodule/approxmd/linreg_plot/LED_OBUF[0]
    SLICE_X60Y94         FDCE                                         f  vetrimodule/approxmd/linreg_plot/temp1_reg[0]/CLR
  -------------------------------------------------------------------    -------------------

                         (clock sys_clk_pin rise edge)
                                                     10.000    10.000 r  
    W5                                                0.000    10.000 r  CLOCK (IN)
                         net (fo=0)                   0.000    10.000    CLOCK
    W5                   IBUF (Prop_ibuf_I_O)         1.388    11.388 r  CLOCK_IBUF_inst/O
                         net (fo=1, routed)           1.862    13.250    CLOCK_IBUF
    BUFGCTRL_X0Y0        BUFG (Prop_bufg_I_O)         0.091    13.341 r  CLOCK_IBUF_BUFG_inst/O
                         net (fo=4568, routed)        1.508    14.849    vetrimodule/approxmd/linreg_plot/CLOCK_IBUF_BUFG
    SLICE_X60Y94         FDCE                                         r  vetrimodule/approxmd/linreg_plot/temp1_reg[0]/C
                         clock pessimism              0.187    15.036    
                         clock uncertainty           -0.035    15.000    
    SLICE_X60Y94         FDCE (Recov_fdce_C_CLR)     -0.319    14.681    vetrimodule/approxmd/linreg_plot/temp1_reg[0]
  -------------------------------------------------------------------
                         required time                         14.681    
                         arrival time                         -16.252    
  -------------------------------------------------------------------
                         slack                                 -1.571    

Slack (VIOLATED) :        -1.571ns  (required time - arrival time)
  Source:                 msemd/right_reg/C
                            (rising edge-triggered cell FDRE clocked by sys_clk_pin  {rise@0.000ns fall@5.000ns period=10.000ns})
  Destination:            vetrimodule/approxmd/linreg_plot/temp1_reg[1]/CLR
                            (recovery check against rising-edge clock sys_clk_pin  {rise@0.000ns fall@5.000ns period=10.000ns})
  Path Group:             **async_default**
  Path Type:              Recovery (Max at Slow Process Corner)
  Requirement:            10.000ns  (sys_clk_pin rise@10.000ns - sys_clk_pin rise@0.000ns)
  Data Path Delay:        10.992ns  (logic 0.456ns (4.149%)  route 10.536ns (95.851%))
  Logic Levels:           0  
  Clock Path Skew:        -0.225ns (DCD - SCD + CPR)
    Destination Clock Delay (DCD):    4.849ns = ( 14.849 - 10.000 ) 
    Source Clock Delay      (SCD):    5.260ns
    Clock Pessimism Removal (CPR):    0.187ns
  Clock Uncertainty:      0.035ns  ((TSJ^2 + TIJ^2)^1/2 + DJ) / 2 + PE
    Total System Jitter     (TSJ):    0.071ns
    Total Input Jitter      (TIJ):    0.000ns
    Discrete Jitter          (DJ):    0.000ns
    Phase Error              (PE):    0.000ns

    Location             Delay type                Incr(ns)  Path(ns)    Netlist Resource(s)
  -------------------------------------------------------------------    -------------------
                         (clock sys_clk_pin rise edge)
                                                      0.000     0.000 r  
    W5                                                0.000     0.000 r  CLOCK (IN)
                         net (fo=0)                   0.000     0.000    CLOCK
    W5                   IBUF (Prop_ibuf_I_O)         1.458     1.458 r  CLOCK_IBUF_inst/O
                         net (fo=1, routed)           1.967     3.425    CLOCK_IBUF
    BUFGCTRL_X0Y0        BUFG (Prop_bufg_I_O)         0.096     3.521 r  CLOCK_IBUF_BUFG_inst/O
                         net (fo=4568, routed)        1.739     5.260    msemd/CLOCK_IBUF_BUFG
    SLICE_X15Y108        FDRE                                         r  msemd/right_reg/C
  -------------------------------------------------------------------    -------------------
    SLICE_X15Y108        FDRE (Prop_fdre_C_Q)         0.456     5.716 f  msemd/right_reg/Q
                         net (fo=823, routed)        10.536    16.252    vetrimodule/approxmd/linreg_plot/LED_OBUF[0]
    SLICE_X60Y94         FDCE                                         f  vetrimodule/approxmd/linreg_plot/temp1_reg[1]/CLR
  -------------------------------------------------------------------    -------------------

                         (clock sys_clk_pin rise edge)
                                                     10.000    10.000 r  
    W5                                                0.000    10.000 r  CLOCK (IN)
                         net (fo=0)                   0.000    10.000    CLOCK
    W5                   IBUF (Prop_ibuf_I_O)         1.388    11.388 r  CLOCK_IBUF_inst/O
                         net (fo=1, routed)           1.862    13.250    CLOCK_IBUF
    BUFGCTRL_X0Y0        BUFG (Prop_bufg_I_O)         0.091    13.341 r  CLOCK_IBUF_BUFG_inst/O
                         net (fo=4568, routed)        1.508    14.849    vetrimodule/approxmd/linreg_plot/CLOCK_IBUF_BUFG
    SLICE_X60Y94         FDCE                                         r  vetrimodule/approxmd/linreg_plot/temp1_reg[1]/C
                         clock pessimism              0.187    15.036    
                         clock uncertainty           -0.035    15.000    
    SLICE_X60Y94         FDCE (Recov_fdce_C_CLR)     -0.319    14.681    vetrimodule/approxmd/linreg_plot/temp1_reg[1]
  -------------------------------------------------------------------
                         required time                         14.681    
                         arrival time                         -16.252    
  -------------------------------------------------------------------
                         slack                                 -1.571    

Slack (VIOLATED) :        -1.571ns  (required time - arrival time)
  Source:                 msemd/right_reg/C
                            (rising edge-triggered cell FDRE clocked by sys_clk_pin  {rise@0.000ns fall@5.000ns period=10.000ns})
  Destination:            vetrimodule/approxmd/linreg_plot/temp1_reg[2]/CLR
                            (recovery check against rising-edge clock sys_clk_pin  {rise@0.000ns fall@5.000ns period=10.000ns})
  Path Group:             **async_default**
  Path Type:              Recovery (Max at Slow Process Corner)
  Requirement:            10.000ns  (sys_clk_pin rise@10.000ns - sys_clk_pin rise@0.000ns)
  Data Path Delay:        10.992ns  (logic 0.456ns (4.149%)  route 10.536ns (95.851%))
  Logic Levels:           0  
  Clock Path Skew:        -0.225ns (DCD - SCD + CPR)
    Destination Clock Delay (DCD):    4.849ns = ( 14.849 - 10.000 ) 
    Source Clock Delay      (SCD):    5.260ns
    Clock Pessimism Removal (CPR):    0.187ns
  Clock Uncertainty:      0.035ns  ((TSJ^2 + TIJ^2)^1/2 + DJ) / 2 + PE
    Total System Jitter     (TSJ):    0.071ns
    Total Input Jitter      (TIJ):    0.000ns
    Discrete Jitter          (DJ):    0.000ns
    Phase Error              (PE):    0.000ns

    Location             Delay type                Incr(ns)  Path(ns)    Netlist Resource(s)
  -------------------------------------------------------------------    -------------------
                         (clock sys_clk_pin rise edge)
                                                      0.000     0.000 r  
    W5                                                0.000     0.000 r  CLOCK (IN)
                         net (fo=0)                   0.000     0.000    CLOCK
    W5                   IBUF (Prop_ibuf_I_O)         1.458     1.458 r  CLOCK_IBUF_inst/O
                         net (fo=1, routed)           1.967     3.425    CLOCK_IBUF
    BUFGCTRL_X0Y0        BUFG (Prop_bufg_I_O)         0.096     3.521 r  CLOCK_IBUF_BUFG_inst/O
                         net (fo=4568, routed)        1.739     5.260    msemd/CLOCK_IBUF_BUFG
    SLICE_X15Y108        FDRE                                         r  msemd/right_reg/C
  -------------------------------------------------------------------    -------------------
    SLICE_X15Y108        FDRE (Prop_fdre_C_Q)         0.456     5.716 f  msemd/right_reg/Q
                         net (fo=823, routed)        10.536    16.252    vetrimodule/approxmd/linreg_plot/LED_OBUF[0]
    SLICE_X60Y94         FDCE                                         f  vetrimodule/approxmd/linreg_plot/temp1_reg[2]/CLR
  -------------------------------------------------------------------    -------------------

                         (clock sys_clk_pin rise edge)
                                                     10.000    10.000 r  
    W5                                                0.000    10.000 r  CLOCK (IN)
                         net (fo=0)                   0.000    10.000    CLOCK
    W5                   IBUF (Prop_ibuf_I_O)         1.388    11.388 r  CLOCK_IBUF_inst/O
                         net (fo=1, routed)           1.862    13.250    CLOCK_IBUF
    BUFGCTRL_X0Y0        BUFG (Prop_bufg_I_O)         0.091    13.341 r  CLOCK_IBUF_BUFG_inst/O
                         net (fo=4568, routed)        1.508    14.849    vetrimodule/approxmd/linreg_plot/CLOCK_IBUF_BUFG
    SLICE_X60Y94         FDCE                                         r  vetrimodule/approxmd/linreg_plot/temp1_reg[2]/C
                         clock pessimism              0.187    15.036    
                         clock uncertainty           -0.035    15.000    
    SLICE_X60Y94         FDCE (Recov_fdce_C_CLR)     -0.319    14.681    vetrimodule/approxmd/linreg_plot/temp1_reg[2]
  -------------------------------------------------------------------
                         required time                         14.681    
                         arrival time                         -16.252    
  -------------------------------------------------------------------
                         slack                                 -1.571    

Slack (VIOLATED) :        -1.571ns  (required time - arrival time)
  Source:                 msemd/right_reg/C
                            (rising edge-triggered cell FDRE clocked by sys_clk_pin  {rise@0.000ns fall@5.000ns period=10.000ns})
  Destination:            vetrimodule/approxmd/linreg_plot/temp1_reg[3]/CLR
                            (recovery check against rising-edge clock sys_clk_pin  {rise@0.000ns fall@5.000ns period=10.000ns})
  Path Group:             **async_default**
  Path Type:              Recovery (Max at Slow Process Corner)
  Requirement:            10.000ns  (sys_clk_pin rise@10.000ns - sys_clk_pin rise@0.000ns)
  Data Path Delay:        10.992ns  (logic 0.456ns (4.149%)  route 10.536ns (95.851%))
  Logic Levels:           0  
  Clock Path Skew:        -0.225ns (DCD - SCD + CPR)
    Destination Clock Delay (DCD):    4.849ns = ( 14.849 - 10.000 ) 
    Source Clock Delay      (SCD):    5.260ns
    Clock Pessimism Removal (CPR):    0.187ns
  Clock Uncertainty:      0.035ns  ((TSJ^2 + TIJ^2)^1/2 + DJ) / 2 + PE
    Total System Jitter     (TSJ):    0.071ns
    Total Input Jitter      (TIJ):    0.000ns
    Discrete Jitter          (DJ):    0.000ns
    Phase Error              (PE):    0.000ns

    Location             Delay type                Incr(ns)  Path(ns)    Netlist Resource(s)
  -------------------------------------------------------------------    -------------------
                         (clock sys_clk_pin rise edge)
                                                      0.000     0.000 r  
    W5                                                0.000     0.000 r  CLOCK (IN)
                         net (fo=0)                   0.000     0.000    CLOCK
    W5                   IBUF (Prop_ibuf_I_O)         1.458     1.458 r  CLOCK_IBUF_inst/O
                         net (fo=1, routed)           1.967     3.425    CLOCK_IBUF
    BUFGCTRL_X0Y0        BUFG (Prop_bufg_I_O)         0.096     3.521 r  CLOCK_IBUF_BUFG_inst/O
                         net (fo=4568, routed)        1.739     5.260    msemd/CLOCK_IBUF_BUFG
    SLICE_X15Y108        FDRE                                         r  msemd/right_reg/C
  -------------------------------------------------------------------    -------------------
    SLICE_X15Y108        FDRE (Prop_fdre_C_Q)         0.456     5.716 f  msemd/right_reg/Q
                         net (fo=823, routed)        10.536    16.252    vetrimodule/approxmd/linreg_plot/LED_OBUF[0]
    SLICE_X60Y94         FDCE                                         f  vetrimodule/approxmd/linreg_plot/temp1_reg[3]/CLR
  -------------------------------------------------------------------    -------------------

                         (clock sys_clk_pin rise edge)
                                                     10.000    10.000 r  
    W5                                                0.000    10.000 r  CLOCK (IN)
                         net (fo=0)                   0.000    10.000    CLOCK
    W5                   IBUF (Prop_ibuf_I_O)         1.388    11.388 r  CLOCK_IBUF_inst/O
                         net (fo=1, routed)           1.862    13.250    CLOCK_IBUF
    BUFGCTRL_X0Y0        BUFG (Prop_bufg_I_O)         0.091    13.341 r  CLOCK_IBUF_BUFG_inst/O
                         net (fo=4568, routed)        1.508    14.849    vetrimodule/approxmd/linreg_plot/CLOCK_IBUF_BUFG
    SLICE_X60Y94         FDCE                                         r  vetrimodule/approxmd/linreg_plot/temp1_reg[3]/C
                         clock pessimism              0.187    15.036    
                         clock uncertainty           -0.035    15.000    
    SLICE_X60Y94         FDCE (Recov_fdce_C_CLR)     -0.319    14.681    vetrimodule/approxmd/linreg_plot/temp1_reg[3]
  -------------------------------------------------------------------
                         required time                         14.681    
                         arrival time                         -16.252    
  -------------------------------------------------------------------
                         slack                                 -1.571    

Slack (VIOLATED) :        -1.502ns  (required time - arrival time)
  Source:                 msemd/right_reg/C
                            (rising edge-triggered cell FDRE clocked by sys_clk_pin  {rise@0.000ns fall@5.000ns period=10.000ns})
  Destination:            vetrimodule/approxmd/linreg_plot/sum_y_reg[3]/CLR
                            (recovery check against rising-edge clock sys_clk_pin  {rise@0.000ns fall@5.000ns period=10.000ns})
  Path Group:             **async_default**
  Path Type:              Recovery (Max at Slow Process Corner)
  Requirement:            10.000ns  (sys_clk_pin rise@10.000ns - sys_clk_pin rise@0.000ns)
  Data Path Delay:        10.773ns  (logic 0.456ns (4.233%)  route 10.317ns (95.767%))
  Logic Levels:           0  
  Clock Path Skew:        -0.289ns (DCD - SCD + CPR)
    Destination Clock Delay (DCD):    4.785ns = ( 14.785 - 10.000 ) 
    Source Clock Delay      (SCD):    5.260ns
    Clock Pessimism Removal (CPR):    0.187ns
  Clock Uncertainty:      0.035ns  ((TSJ^2 + TIJ^2)^1/2 + DJ) / 2 + PE
    Total System Jitter     (TSJ):    0.071ns
    Total Input Jitter      (TIJ):    0.000ns
    Discrete Jitter          (DJ):    0.000ns
    Phase Error              (PE):    0.000ns

    Location             Delay type                Incr(ns)  Path(ns)    Netlist Resource(s)
  -------------------------------------------------------------------    -------------------
                         (clock sys_clk_pin rise edge)
                                                      0.000     0.000 r  
    W5                                                0.000     0.000 r  CLOCK (IN)
                         net (fo=0)                   0.000     0.000    CLOCK
    W5                   IBUF (Prop_ibuf_I_O)         1.458     1.458 r  CLOCK_IBUF_inst/O
                         net (fo=1, routed)           1.967     3.425    CLOCK_IBUF
    BUFGCTRL_X0Y0        BUFG (Prop_bufg_I_O)         0.096     3.521 r  CLOCK_IBUF_BUFG_inst/O
                         net (fo=4568, routed)        1.739     5.260    msemd/CLOCK_IBUF_BUFG
    SLICE_X15Y108        FDRE                                         r  msemd/right_reg/C
  -------------------------------------------------------------------    -------------------
    SLICE_X15Y108        FDRE (Prop_fdre_C_Q)         0.456     5.716 f  msemd/right_reg/Q
                         net (fo=823, routed)        10.317    16.033    vetrimodule/approxmd/linreg_plot/LED_OBUF[0]
    SLICE_X57Y97         FDCE                                         f  vetrimodule/approxmd/linreg_plot/sum_y_reg[3]/CLR
  -------------------------------------------------------------------    -------------------

                         (clock sys_clk_pin rise edge)
                                                     10.000    10.000 r  
    W5                                                0.000    10.000 r  CLOCK (IN)
                         net (fo=0)                   0.000    10.000    CLOCK
    W5                   IBUF (Prop_ibuf_I_O)         1.388    11.388 r  CLOCK_IBUF_inst/O
                         net (fo=1, routed)           1.862    13.250    CLOCK_IBUF
    BUFGCTRL_X0Y0        BUFG (Prop_bufg_I_O)         0.091    13.341 r  CLOCK_IBUF_BUFG_inst/O
                         net (fo=4568, routed)        1.444    14.785    vetrimodule/approxmd/linreg_plot/CLOCK_IBUF_BUFG
    SLICE_X57Y97         FDCE                                         r  vetrimodule/approxmd/linreg_plot/sum_y_reg[3]/C
                         clock pessimism              0.187    14.972    
                         clock uncertainty           -0.035    14.936    
    SLICE_X57Y97         FDCE (Recov_fdce_C_CLR)     -0.405    14.531    vetrimodule/approxmd/linreg_plot/sum_y_reg[3]
  -------------------------------------------------------------------
                         required time                         14.531    
                         arrival time                         -16.033    
  -------------------------------------------------------------------
                         slack                                 -1.502    

Slack (VIOLATED) :        -1.479ns  (required time - arrival time)
  Source:                 msemd/right_reg/C
                            (rising edge-triggered cell FDRE clocked by sys_clk_pin  {rise@0.000ns fall@5.000ns period=10.000ns})
  Destination:            vetrimodule/approxmd/linreg_plot/temp1_reg[4]/CLR
                            (recovery check against rising-edge clock sys_clk_pin  {rise@0.000ns fall@5.000ns period=10.000ns})
  Path Group:             **async_default**
  Path Type:              Recovery (Max at Slow Process Corner)
  Requirement:            10.000ns  (sys_clk_pin rise@10.000ns - sys_clk_pin rise@0.000ns)
  Data Path Delay:        10.900ns  (logic 0.456ns (4.184%)  route 10.444ns (95.816%))
  Logic Levels:           0  
  Clock Path Skew:        -0.225ns (DCD - SCD + CPR)
    Destination Clock Delay (DCD):    4.849ns = ( 14.849 - 10.000 ) 
    Source Clock Delay      (SCD):    5.260ns
    Clock Pessimism Removal (CPR):    0.187ns
  Clock Uncertainty:      0.035ns  ((TSJ^2 + TIJ^2)^1/2 + DJ) / 2 + PE
    Total System Jitter     (TSJ):    0.071ns
    Total Input Jitter      (TIJ):    0.000ns
    Discrete Jitter          (DJ):    0.000ns
    Phase Error              (PE):    0.000ns

    Location             Delay type                Incr(ns)  Path(ns)    Netlist Resource(s)
  -------------------------------------------------------------------    -------------------
                         (clock sys_clk_pin rise edge)
                                                      0.000     0.000 r  
    W5                                                0.000     0.000 r  CLOCK (IN)
                         net (fo=0)                   0.000     0.000    CLOCK
    W5                   IBUF (Prop_ibuf_I_O)         1.458     1.458 r  CLOCK_IBUF_inst/O
                         net (fo=1, routed)           1.967     3.425    CLOCK_IBUF
    BUFGCTRL_X0Y0        BUFG (Prop_bufg_I_O)         0.096     3.521 r  CLOCK_IBUF_BUFG_inst/O
                         net (fo=4568, routed)        1.739     5.260    msemd/CLOCK_IBUF_BUFG
    SLICE_X15Y108        FDRE                                         r  msemd/right_reg/C
  -------------------------------------------------------------------    -------------------
    SLICE_X15Y108        FDRE (Prop_fdre_C_Q)         0.456     5.716 f  msemd/right_reg/Q
                         net (fo=823, routed)        10.444    16.160    vetrimodule/approxmd/linreg_plot/LED_OBUF[0]
    SLICE_X60Y95         FDCE                                         f  vetrimodule/approxmd/linreg_plot/temp1_reg[4]/CLR
  -------------------------------------------------------------------    -------------------

                         (clock sys_clk_pin rise edge)
                                                     10.000    10.000 r  
    W5                                                0.000    10.000 r  CLOCK (IN)
                         net (fo=0)                   0.000    10.000    CLOCK
    W5                   IBUF (Prop_ibuf_I_O)         1.388    11.388 r  CLOCK_IBUF_inst/O
                         net (fo=1, routed)           1.862    13.250    CLOCK_IBUF
    BUFGCTRL_X0Y0        BUFG (Prop_bufg_I_O)         0.091    13.341 r  CLOCK_IBUF_BUFG_inst/O
                         net (fo=4568, routed)        1.508    14.849    vetrimodule/approxmd/linreg_plot/CLOCK_IBUF_BUFG
    SLICE_X60Y95         FDCE                                         r  vetrimodule/approxmd/linreg_plot/temp1_reg[4]/C
                         clock pessimism              0.187    15.036    
                         clock uncertainty           -0.035    15.000    
    SLICE_X60Y95         FDCE (Recov_fdce_C_CLR)     -0.319    14.681    vetrimodule/approxmd/linreg_plot/temp1_reg[4]
  -------------------------------------------------------------------
                         required time                         14.681    
                         arrival time                         -16.160    
  -------------------------------------------------------------------
                         slack                                 -1.479    

Slack (VIOLATED) :        -1.479ns  (required time - arrival time)
  Source:                 msemd/right_reg/C
                            (rising edge-triggered cell FDRE clocked by sys_clk_pin  {rise@0.000ns fall@5.000ns period=10.000ns})
  Destination:            vetrimodule/approxmd/linreg_plot/temp1_reg[5]/CLR
                            (recovery check against rising-edge clock sys_clk_pin  {rise@0.000ns fall@5.000ns period=10.000ns})
  Path Group:             **async_default**
  Path Type:              Recovery (Max at Slow Process Corner)
  Requirement:            10.000ns  (sys_clk_pin rise@10.000ns - sys_clk_pin rise@0.000ns)
  Data Path Delay:        10.900ns  (logic 0.456ns (4.184%)  route 10.444ns (95.816%))
  Logic Levels:           0  
  Clock Path Skew:        -0.225ns (DCD - SCD + CPR)
    Destination Clock Delay (DCD):    4.849ns = ( 14.849 - 10.000 ) 
    Source Clock Delay      (SCD):    5.260ns
    Clock Pessimism Removal (CPR):    0.187ns
  Clock Uncertainty:      0.035ns  ((TSJ^2 + TIJ^2)^1/2 + DJ) / 2 + PE
    Total System Jitter     (TSJ):    0.071ns
    Total Input Jitter      (TIJ):    0.000ns
    Discrete Jitter          (DJ):    0.000ns
    Phase Error              (PE):    0.000ns

    Location             Delay type                Incr(ns)  Path(ns)    Netlist Resource(s)
  -------------------------------------------------------------------    -------------------
                         (clock sys_clk_pin rise edge)
                                                      0.000     0.000 r  
    W5                                                0.000     0.000 r  CLOCK (IN)
                         net (fo=0)                   0.000     0.000    CLOCK
    W5                   IBUF (Prop_ibuf_I_O)         1.458     1.458 r  CLOCK_IBUF_inst/O
                         net (fo=1, routed)           1.967     3.425    CLOCK_IBUF
    BUFGCTRL_X0Y0        BUFG (Prop_bufg_I_O)         0.096     3.521 r  CLOCK_IBUF_BUFG_inst/O
                         net (fo=4568, routed)        1.739     5.260    msemd/CLOCK_IBUF_BUFG
    SLICE_X15Y108        FDRE                                         r  msemd/right_reg/C
  -------------------------------------------------------------------    -------------------
    SLICE_X15Y108        FDRE (Prop_fdre_C_Q)         0.456     5.716 f  msemd/right_reg/Q
                         net (fo=823, routed)        10.444    16.160    vetrimodule/approxmd/linreg_plot/LED_OBUF[0]
    SLICE_X60Y95         FDCE                                         f  vetrimodule/approxmd/linreg_plot/temp1_reg[5]/CLR
  -------------------------------------------------------------------    -------------------

                         (clock sys_clk_pin rise edge)
                                                     10.000    10.000 r  
    W5                                                0.000    10.000 r  CLOCK (IN)
                         net (fo=0)                   0.000    10.000    CLOCK
    W5                   IBUF (Prop_ibuf_I_O)         1.388    11.388 r  CLOCK_IBUF_inst/O
                         net (fo=1, routed)           1.862    13.250    CLOCK_IBUF
    BUFGCTRL_X0Y0        BUFG (Prop_bufg_I_O)         0.091    13.341 r  CLOCK_IBUF_BUFG_inst/O
                         net (fo=4568, routed)        1.508    14.849    vetrimodule/approxmd/linreg_plot/CLOCK_IBUF_BUFG
    SLICE_X60Y95         FDCE                                         r  vetrimodule/approxmd/linreg_plot/temp1_reg[5]/C
                         clock pessimism              0.187    15.036    
                         clock uncertainty           -0.035    15.000    
    SLICE_X60Y95         FDCE (Recov_fdce_C_CLR)     -0.319    14.681    vetrimodule/approxmd/linreg_plot/temp1_reg[5]
  -------------------------------------------------------------------
                         required time                         14.681    
                         arrival time                         -16.160    
  -------------------------------------------------------------------
                         slack                                 -1.479    

Slack (VIOLATED) :        -1.479ns  (required time - arrival time)
  Source:                 msemd/right_reg/C
                            (rising edge-triggered cell FDRE clocked by sys_clk_pin  {rise@0.000ns fall@5.000ns period=10.000ns})
  Destination:            vetrimodule/approxmd/linreg_plot/temp1_reg[6]/CLR
                            (recovery check against rising-edge clock sys_clk_pin  {rise@0.000ns fall@5.000ns period=10.000ns})
  Path Group:             **async_default**
  Path Type:              Recovery (Max at Slow Process Corner)
  Requirement:            10.000ns  (sys_clk_pin rise@10.000ns - sys_clk_pin rise@0.000ns)
  Data Path Delay:        10.900ns  (logic 0.456ns (4.184%)  route 10.444ns (95.816%))
  Logic Levels:           0  
  Clock Path Skew:        -0.225ns (DCD - SCD + CPR)
    Destination Clock Delay (DCD):    4.849ns = ( 14.849 - 10.000 ) 
    Source Clock Delay      (SCD):    5.260ns
    Clock Pessimism Removal (CPR):    0.187ns
  Clock Uncertainty:      0.035ns  ((TSJ^2 + TIJ^2)^1/2 + DJ) / 2 + PE
    Total System Jitter     (TSJ):    0.071ns
    Total Input Jitter      (TIJ):    0.000ns
    Discrete Jitter          (DJ):    0.000ns
    Phase Error              (PE):    0.000ns

    Location             Delay type                Incr(ns)  Path(ns)    Netlist Resource(s)
  -------------------------------------------------------------------    -------------------
                         (clock sys_clk_pin rise edge)
                                                      0.000     0.000 r  
    W5                                                0.000     0.000 r  CLOCK (IN)
                         net (fo=0)                   0.000     0.000    CLOCK
    W5                   IBUF (Prop_ibuf_I_O)         1.458     1.458 r  CLOCK_IBUF_inst/O
                         net (fo=1, routed)           1.967     3.425    CLOCK_IBUF
    BUFGCTRL_X0Y0        BUFG (Prop_bufg_I_O)         0.096     3.521 r  CLOCK_IBUF_BUFG_inst/O
                         net (fo=4568, routed)        1.739     5.260    msemd/CLOCK_IBUF_BUFG
    SLICE_X15Y108        FDRE                                         r  msemd/right_reg/C
  -------------------------------------------------------------------    -------------------
    SLICE_X15Y108        FDRE (Prop_fdre_C_Q)         0.456     5.716 f  msemd/right_reg/Q
                         net (fo=823, routed)        10.444    16.160    vetrimodule/approxmd/linreg_plot/LED_OBUF[0]
    SLICE_X60Y95         FDCE                                         f  vetrimodule/approxmd/linreg_plot/temp1_reg[6]/CLR
  -------------------------------------------------------------------    -------------------

                         (clock sys_clk_pin rise edge)
                                                     10.000    10.000 r  
    W5                                                0.000    10.000 r  CLOCK (IN)
                         net (fo=0)                   0.000    10.000    CLOCK
    W5                   IBUF (Prop_ibuf_I_O)         1.388    11.388 r  CLOCK_IBUF_inst/O
                         net (fo=1, routed)           1.862    13.250    CLOCK_IBUF
    BUFGCTRL_X0Y0        BUFG (Prop_bufg_I_O)         0.091    13.341 r  CLOCK_IBUF_BUFG_inst/O
                         net (fo=4568, routed)        1.508    14.849    vetrimodule/approxmd/linreg_plot/CLOCK_IBUF_BUFG
    SLICE_X60Y95         FDCE                                         r  vetrimodule/approxmd/linreg_plot/temp1_reg[6]/C
                         clock pessimism              0.187    15.036    
                         clock uncertainty           -0.035    15.000    
    SLICE_X60Y95         FDCE (Recov_fdce_C_CLR)     -0.319    14.681    vetrimodule/approxmd/linreg_plot/temp1_reg[6]
  -------------------------------------------------------------------
                         required time                         14.681    
                         arrival time                         -16.160    
  -------------------------------------------------------------------
                         slack                                 -1.479    

Slack (VIOLATED) :        -1.479ns  (required time - arrival time)
  Source:                 msemd/right_reg/C
                            (rising edge-triggered cell FDRE clocked by sys_clk_pin  {rise@0.000ns fall@5.000ns period=10.000ns})
  Destination:            vetrimodule/approxmd/linreg_plot/temp1_reg[7]/CLR
                            (recovery check against rising-edge clock sys_clk_pin  {rise@0.000ns fall@5.000ns period=10.000ns})
  Path Group:             **async_default**
  Path Type:              Recovery (Max at Slow Process Corner)
  Requirement:            10.000ns  (sys_clk_pin rise@10.000ns - sys_clk_pin rise@0.000ns)
  Data Path Delay:        10.900ns  (logic 0.456ns (4.184%)  route 10.444ns (95.816%))
  Logic Levels:           0  
  Clock Path Skew:        -0.225ns (DCD - SCD + CPR)
    Destination Clock Delay (DCD):    4.849ns = ( 14.849 - 10.000 ) 
    Source Clock Delay      (SCD):    5.260ns
    Clock Pessimism Removal (CPR):    0.187ns
  Clock Uncertainty:      0.035ns  ((TSJ^2 + TIJ^2)^1/2 + DJ) / 2 + PE
    Total System Jitter     (TSJ):    0.071ns
    Total Input Jitter      (TIJ):    0.000ns
    Discrete Jitter          (DJ):    0.000ns
    Phase Error              (PE):    0.000ns

    Location             Delay type                Incr(ns)  Path(ns)    Netlist Resource(s)
  -------------------------------------------------------------------    -------------------
                         (clock sys_clk_pin rise edge)
                                                      0.000     0.000 r  
    W5                                                0.000     0.000 r  CLOCK (IN)
                         net (fo=0)                   0.000     0.000    CLOCK
    W5                   IBUF (Prop_ibuf_I_O)         1.458     1.458 r  CLOCK_IBUF_inst/O
                         net (fo=1, routed)           1.967     3.425    CLOCK_IBUF
    BUFGCTRL_X0Y0        BUFG (Prop_bufg_I_O)         0.096     3.521 r  CLOCK_IBUF_BUFG_inst/O
                         net (fo=4568, routed)        1.739     5.260    msemd/CLOCK_IBUF_BUFG
    SLICE_X15Y108        FDRE                                         r  msemd/right_reg/C
  -------------------------------------------------------------------    -------------------
    SLICE_X15Y108        FDRE (Prop_fdre_C_Q)         0.456     5.716 f  msemd/right_reg/Q
                         net (fo=823, routed)        10.444    16.160    vetrimodule/approxmd/linreg_plot/LED_OBUF[0]
    SLICE_X60Y95         FDCE                                         f  vetrimodule/approxmd/linreg_plot/temp1_reg[7]/CLR
  -------------------------------------------------------------------    -------------------

                         (clock sys_clk_pin rise edge)
                                                     10.000    10.000 r  
    W5                                                0.000    10.000 r  CLOCK (IN)
                         net (fo=0)                   0.000    10.000    CLOCK
    W5                   IBUF (Prop_ibuf_I_O)         1.388    11.388 r  CLOCK_IBUF_inst/O
                         net (fo=1, routed)           1.862    13.250    CLOCK_IBUF
    BUFGCTRL_X0Y0        BUFG (Prop_bufg_I_O)         0.091    13.341 r  CLOCK_IBUF_BUFG_inst/O
                         net (fo=4568, routed)        1.508    14.849    vetrimodule/approxmd/linreg_plot/CLOCK_IBUF_BUFG
    SLICE_X60Y95         FDCE                                         r  vetrimodule/approxmd/linreg_plot/temp1_reg[7]/C
                         clock pessimism              0.187    15.036    
                         clock uncertainty           -0.035    15.000    
    SLICE_X60Y95         FDCE (Recov_fdce_C_CLR)     -0.319    14.681    vetrimodule/approxmd/linreg_plot/temp1_reg[7]
  -------------------------------------------------------------------
                         required time                         14.681    
                         arrival time                         -16.160    
  -------------------------------------------------------------------
                         slack                                 -1.479    





Min Delay Paths
--------------------------------------------------------------------------------------
Slack (MET) :             0.419ns  (arrival time - required time)
  Source:                 nicmodule/rng_init_reg/C
                            (rising edge-triggered cell FDRE clocked by sys_clk_pin  {rise@0.000ns fall@5.000ns period=10.000ns})
  Destination:            nicmodule/u_lfsr/q_reg[13]/CLR
                            (removal check against rising-edge clock sys_clk_pin  {rise@0.000ns fall@5.000ns period=10.000ns})
  Path Group:             **async_default**
  Path Type:              Removal (Min at Fast Process Corner)
  Requirement:            0.000ns  (sys_clk_pin rise@0.000ns - sys_clk_pin rise@0.000ns)
  Data Path Delay:        0.364ns  (logic 0.164ns (45.070%)  route 0.200ns (54.930%))
  Logic Levels:           0  
  Clock Path Skew:        0.037ns (DCD - SCD - CPR)
    Destination Clock Delay (DCD):    1.979ns
    Source Clock Delay      (SCD):    1.464ns
    Clock Pessimism Removal (CPR):    0.478ns

    Location             Delay type                Incr(ns)  Path(ns)    Netlist Resource(s)
  -------------------------------------------------------------------    -------------------
                         (clock sys_clk_pin rise edge)
                                                      0.000     0.000 r  
    W5                                                0.000     0.000 r  CLOCK (IN)
                         net (fo=0)                   0.000     0.000    CLOCK
    W5                   IBUF (Prop_ibuf_I_O)         0.226     0.226 r  CLOCK_IBUF_inst/O
                         net (fo=1, routed)           0.631     0.858    CLOCK_IBUF
    BUFGCTRL_X0Y0        BUFG (Prop_bufg_I_O)         0.026     0.884 r  CLOCK_IBUF_BUFG_inst/O
                         net (fo=4568, routed)        0.581     1.464    nicmodule/CLOCK_IBUF_BUFG
    SLICE_X6Y78          FDRE                                         r  nicmodule/rng_init_reg/C
  -------------------------------------------------------------------    -------------------
    SLICE_X6Y78          FDRE (Prop_fdre_C_Q)         0.164     1.628 f  nicmodule/rng_init_reg/Q
                         net (fo=16, routed)          0.200     1.828    nicmodule/u_lfsr/rng_init
    SLICE_X3Y78          FDCE                                         f  nicmodule/u_lfsr/q_reg[13]/CLR
  -------------------------------------------------------------------    -------------------

                         (clock sys_clk_pin rise edge)
                                                      0.000     0.000 r  
    W5                                                0.000     0.000 r  CLOCK (IN)
                         net (fo=0)                   0.000     0.000    CLOCK
    W5                   IBUF (Prop_ibuf_I_O)         0.414     0.414 r  CLOCK_IBUF_inst/O
                         net (fo=1, routed)           0.685     1.099    CLOCK_IBUF
    BUFGCTRL_X0Y0        BUFG (Prop_bufg_I_O)         0.029     1.128 r  CLOCK_IBUF_BUFG_inst/O
                         net (fo=4568, routed)        0.851     1.979    nicmodule/u_lfsr/CLOCK_IBUF_BUFG
    SLICE_X3Y78          FDCE                                         r  nicmodule/u_lfsr/q_reg[13]/C
                         clock pessimism             -0.478     1.501    
    SLICE_X3Y78          FDCE (Remov_fdce_C_CLR)     -0.092     1.409    nicmodule/u_lfsr/q_reg[13]
  -------------------------------------------------------------------
                         required time                         -1.409    
                         arrival time                           1.828    
  -------------------------------------------------------------------
                         slack                                  0.419    

Slack (MET) :             0.420ns  (arrival time - required time)
  Source:                 nicmodule/rng_init_reg/C
                            (rising edge-triggered cell FDRE clocked by sys_clk_pin  {rise@0.000ns fall@5.000ns period=10.000ns})
  Destination:            nicmodule/u_lfsr/q_reg[0]/PRE
                            (removal check against rising-edge clock sys_clk_pin  {rise@0.000ns fall@5.000ns period=10.000ns})
  Path Group:             **async_default**
  Path Type:              Removal (Min at Fast Process Corner)
  Requirement:            0.000ns  (sys_clk_pin rise@0.000ns - sys_clk_pin rise@0.000ns)
  Data Path Delay:        0.362ns  (logic 0.164ns (45.259%)  route 0.198ns (54.741%))
  Logic Levels:           0  
  Clock Path Skew:        0.037ns (DCD - SCD - CPR)
    Destination Clock Delay (DCD):    1.979ns
    Source Clock Delay      (SCD):    1.464ns
    Clock Pessimism Removal (CPR):    0.478ns

    Location             Delay type                Incr(ns)  Path(ns)    Netlist Resource(s)
  -------------------------------------------------------------------    -------------------
                         (clock sys_clk_pin rise edge)
                                                      0.000     0.000 r  
    W5                                                0.000     0.000 r  CLOCK (IN)
                         net (fo=0)                   0.000     0.000    CLOCK
    W5                   IBUF (Prop_ibuf_I_O)         0.226     0.226 r  CLOCK_IBUF_inst/O
                         net (fo=1, routed)           0.631     0.858    CLOCK_IBUF
    BUFGCTRL_X0Y0        BUFG (Prop_bufg_I_O)         0.026     0.884 r  CLOCK_IBUF_BUFG_inst/O
                         net (fo=4568, routed)        0.581     1.464    nicmodule/CLOCK_IBUF_BUFG
    SLICE_X6Y78          FDRE                                         r  nicmodule/rng_init_reg/C
  -------------------------------------------------------------------    -------------------
    SLICE_X6Y78          FDRE (Prop_fdre_C_Q)         0.164     1.628 f  nicmodule/rng_init_reg/Q
                         net (fo=16, routed)          0.198     1.827    nicmodule/u_lfsr/rng_init
    SLICE_X1Y78          FDPE                                         f  nicmodule/u_lfsr/q_reg[0]/PRE
  -------------------------------------------------------------------    -------------------

                         (clock sys_clk_pin rise edge)
                                                      0.000     0.000 r  
    W5                                                0.000     0.000 r  CLOCK (IN)
                         net (fo=0)                   0.000     0.000    CLOCK
    W5                   IBUF (Prop_ibuf_I_O)         0.414     0.414 r  CLOCK_IBUF_inst/O
                         net (fo=1, routed)           0.685     1.099    CLOCK_IBUF
    BUFGCTRL_X0Y0        BUFG (Prop_bufg_I_O)         0.029     1.128 r  CLOCK_IBUF_BUFG_inst/O
                         net (fo=4568, routed)        0.851     1.979    nicmodule/u_lfsr/CLOCK_IBUF_BUFG
    SLICE_X1Y78          FDPE                                         r  nicmodule/u_lfsr/q_reg[0]/C
                         clock pessimism             -0.478     1.501    
    SLICE_X1Y78          FDPE (Remov_fdpe_C_PRE)     -0.095     1.406    nicmodule/u_lfsr/q_reg[0]
  -------------------------------------------------------------------
                         required time                         -1.406    
                         arrival time                           1.827    
  -------------------------------------------------------------------
                         slack                                  0.420    

Slack (MET) :             0.422ns  (arrival time - required time)
  Source:                 nicmodule/rng_init_reg/C
                            (rising edge-triggered cell FDRE clocked by sys_clk_pin  {rise@0.000ns fall@5.000ns period=10.000ns})
  Destination:            nicmodule/u_lfsr/q_reg[1]/CLR
                            (removal check against rising-edge clock sys_clk_pin  {rise@0.000ns fall@5.000ns period=10.000ns})
  Path Group:             **async_default**
  Path Type:              Removal (Min at Fast Process Corner)
  Requirement:            0.000ns  (sys_clk_pin rise@0.000ns - sys_clk_pin rise@0.000ns)
  Data Path Delay:        0.367ns  (logic 0.164ns (44.721%)  route 0.203ns (55.279%))
  Logic Levels:           0  
  Clock Path Skew:        0.037ns (DCD - SCD - CPR)
    Destination Clock Delay (DCD):    1.979ns
    Source Clock Delay      (SCD):    1.464ns
    Clock Pessimism Removal (CPR):    0.478ns

    Location             Delay type                Incr(ns)  Path(ns)    Netlist Resource(s)
  -------------------------------------------------------------------    -------------------
                         (clock sys_clk_pin rise edge)
                                                      0.000     0.000 r  
    W5                                                0.000     0.000 r  CLOCK (IN)
                         net (fo=0)                   0.000     0.000    CLOCK
    W5                   IBUF (Prop_ibuf_I_O)         0.226     0.226 r  CLOCK_IBUF_inst/O
                         net (fo=1, routed)           0.631     0.858    CLOCK_IBUF
    BUFGCTRL_X0Y0        BUFG (Prop_bufg_I_O)         0.026     0.884 r  CLOCK_IBUF_BUFG_inst/O
                         net (fo=4568, routed)        0.581     1.464    nicmodule/CLOCK_IBUF_BUFG
    SLICE_X6Y78          FDRE                                         r  nicmodule/rng_init_reg/C
  -------------------------------------------------------------------    -------------------
    SLICE_X6Y78          FDRE (Prop_fdre_C_Q)         0.164     1.628 f  nicmodule/rng_init_reg/Q
                         net (fo=16, routed)          0.203     1.831    nicmodule/u_lfsr/rng_init
    SLICE_X0Y78          FDCE                                         f  nicmodule/u_lfsr/q_reg[1]/CLR
  -------------------------------------------------------------------    -------------------

                         (clock sys_clk_pin rise edge)
                                                      0.000     0.000 r  
    W5                                                0.000     0.000 r  CLOCK (IN)
                         net (fo=0)                   0.000     0.000    CLOCK
    W5                   IBUF (Prop_ibuf_I_O)         0.414     0.414 r  CLOCK_IBUF_inst/O
                         net (fo=1, routed)           0.685     1.099    CLOCK_IBUF
    BUFGCTRL_X0Y0        BUFG (Prop_bufg_I_O)         0.029     1.128 r  CLOCK_IBUF_BUFG_inst/O
                         net (fo=4568, routed)        0.851     1.979    nicmodule/u_lfsr/CLOCK_IBUF_BUFG
    SLICE_X0Y78          FDCE                                         r  nicmodule/u_lfsr/q_reg[1]/C
                         clock pessimism             -0.478     1.501    
    SLICE_X0Y78          FDCE (Remov_fdce_C_CLR)     -0.092     1.409    nicmodule/u_lfsr/q_reg[1]
  -------------------------------------------------------------------
                         required time                         -1.409    
                         arrival time                           1.831    
  -------------------------------------------------------------------
                         slack                                  0.422    

Slack (MET) :             0.512ns  (arrival time - required time)
  Source:                 nicmodule/rng_init_reg/C
                            (rising edge-triggered cell FDRE clocked by sys_clk_pin  {rise@0.000ns fall@5.000ns period=10.000ns})
  Destination:            nicmodule/u_lfsr/q_reg[10]/PRE
                            (removal check against rising-edge clock sys_clk_pin  {rise@0.000ns fall@5.000ns period=10.000ns})
  Path Group:             **async_default**
  Path Type:              Removal (Min at Fast Process Corner)
  Requirement:            0.000ns  (sys_clk_pin rise@0.000ns - sys_clk_pin rise@0.000ns)
  Data Path Delay:        0.448ns  (logic 0.164ns (36.608%)  route 0.284ns (63.392%))
  Logic Levels:           0  
  Clock Path Skew:        0.007ns (DCD - SCD - CPR)
    Destination Clock Delay (DCD):    1.949ns
    Source Clock Delay      (SCD):    1.464ns
    Clock Pessimism Removal (CPR):    0.478ns

    Location             Delay type                Incr(ns)  Path(ns)    Netlist Resource(s)
  -------------------------------------------------------------------    -------------------
                         (clock sys_clk_pin rise edge)
                                                      0.000     0.000 r  
    W5                                                0.000     0.000 r  CLOCK (IN)
                         net (fo=0)                   0.000     0.000    CLOCK
    W5                   IBUF (Prop_ibuf_I_O)         0.226     0.226 r  CLOCK_IBUF_inst/O
                         net (fo=1, routed)           0.631     0.858    CLOCK_IBUF
    BUFGCTRL_X0Y0        BUFG (Prop_bufg_I_O)         0.026     0.884 r  CLOCK_IBUF_BUFG_inst/O
                         net (fo=4568, routed)        0.581     1.464    nicmodule/CLOCK_IBUF_BUFG
    SLICE_X6Y78          FDRE                                         r  nicmodule/rng_init_reg/C
  -------------------------------------------------------------------    -------------------
    SLICE_X6Y78          FDRE (Prop_fdre_C_Q)         0.164     1.628 f  nicmodule/rng_init_reg/Q
                         net (fo=16, routed)          0.284     1.912    nicmodule/u_lfsr/rng_init
    SLICE_X8Y78          FDPE                                         f  nicmodule/u_lfsr/q_reg[10]/PRE
  -------------------------------------------------------------------    -------------------

                         (clock sys_clk_pin rise edge)
                                                      0.000     0.000 r  
    W5                                                0.000     0.000 r  CLOCK (IN)
                         net (fo=0)                   0.000     0.000    CLOCK
    W5                   IBUF (Prop_ibuf_I_O)         0.414     0.414 r  CLOCK_IBUF_inst/O
                         net (fo=1, routed)           0.685     1.099    CLOCK_IBUF
    BUFGCTRL_X0Y0        BUFG (Prop_bufg_I_O)         0.029     1.128 r  CLOCK_IBUF_BUFG_inst/O
                         net (fo=4568, routed)        0.822     1.949    nicmodule/u_lfsr/CLOCK_IBUF_BUFG
    SLICE_X8Y78          FDPE                                         r  nicmodule/u_lfsr/q_reg[10]/C
                         clock pessimism             -0.478     1.471    
    SLICE_X8Y78          FDPE (Remov_fdpe_C_PRE)     -0.071     1.400    nicmodule/u_lfsr/q_reg[10]
  -------------------------------------------------------------------
                         required time                         -1.400    
                         arrival time                           1.912    
  -------------------------------------------------------------------
                         slack                                  0.512    

Slack (MET) :             0.519ns  (arrival time - required time)
  Source:                 nicmodule/rng_init_reg/C
                            (rising edge-triggered cell FDRE clocked by sys_clk_pin  {rise@0.000ns fall@5.000ns period=10.000ns})
  Destination:            nicmodule/u_lfsr/q_reg[2]/CLR
                            (removal check against rising-edge clock sys_clk_pin  {rise@0.000ns fall@5.000ns period=10.000ns})
  Path Group:             **async_default**
  Path Type:              Removal (Min at Fast Process Corner)
  Requirement:            0.000ns  (sys_clk_pin rise@0.000ns - sys_clk_pin rise@0.000ns)
  Data Path Delay:        0.465ns  (logic 0.164ns (35.305%)  route 0.301ns (64.695%))
  Logic Levels:           0  
  Clock Path Skew:        0.038ns (DCD - SCD - CPR)
    Destination Clock Delay (DCD):    1.980ns
    Source Clock Delay      (SCD):    1.464ns
    Clock Pessimism Removal (CPR):    0.478ns

    Location             Delay type                Incr(ns)  Path(ns)    Netlist Resource(s)
  -------------------------------------------------------------------    -------------------
                         (clock sys_clk_pin rise edge)
                                                      0.000     0.000 r  
    W5                                                0.000     0.000 r  CLOCK (IN)
                         net (fo=0)                   0.000     0.000    CLOCK
    W5                   IBUF (Prop_ibuf_I_O)         0.226     0.226 r  CLOCK_IBUF_inst/O
                         net (fo=1, routed)           0.631     0.858    CLOCK_IBUF
    BUFGCTRL_X0Y0        BUFG (Prop_bufg_I_O)         0.026     0.884 r  CLOCK_IBUF_BUFG_inst/O
                         net (fo=4568, routed)        0.581     1.464    nicmodule/CLOCK_IBUF_BUFG
    SLICE_X6Y78          FDRE                                         r  nicmodule/rng_init_reg/C
  -------------------------------------------------------------------    -------------------
    SLICE_X6Y78          FDRE (Prop_fdre_C_Q)         0.164     1.628 f  nicmodule/rng_init_reg/Q
                         net (fo=16, routed)          0.301     1.929    nicmodule/u_lfsr/rng_init
    SLICE_X0Y79          FDCE                                         f  nicmodule/u_lfsr/q_reg[2]/CLR
  -------------------------------------------------------------------    -------------------

                         (clock sys_clk_pin rise edge)
                                                      0.000     0.000 r  
    W5                                                0.000     0.000 r  CLOCK (IN)
                         net (fo=0)                   0.000     0.000    CLOCK
    W5                   IBUF (Prop_ibuf_I_O)         0.414     0.414 r  CLOCK_IBUF_inst/O
                         net (fo=1, routed)           0.685     1.099    CLOCK_IBUF
    BUFGCTRL_X0Y0        BUFG (Prop_bufg_I_O)         0.029     1.128 r  CLOCK_IBUF_BUFG_inst/O
                         net (fo=4568, routed)        0.852     1.980    nicmodule/u_lfsr/CLOCK_IBUF_BUFG
    SLICE_X0Y79          FDCE                                         r  nicmodule/u_lfsr/q_reg[2]/C
                         clock pessimism             -0.478     1.502    
    SLICE_X0Y79          FDCE (Remov_fdce_C_CLR)     -0.092     1.410    nicmodule/u_lfsr/q_reg[2]
  -------------------------------------------------------------------
                         required time                         -1.410    
                         arrival time                           1.929    
  -------------------------------------------------------------------
                         slack                                  0.519    

Slack (MET) :             0.519ns  (arrival time - required time)
  Source:                 nicmodule/rng_init_reg/C
                            (rising edge-triggered cell FDRE clocked by sys_clk_pin  {rise@0.000ns fall@5.000ns period=10.000ns})
  Destination:            nicmodule/u_lfsr/q_reg[3]/CLR
                            (removal check against rising-edge clock sys_clk_pin  {rise@0.000ns fall@5.000ns period=10.000ns})
  Path Group:             **async_default**
  Path Type:              Removal (Min at Fast Process Corner)
  Requirement:            0.000ns  (sys_clk_pin rise@0.000ns - sys_clk_pin rise@0.000ns)
  Data Path Delay:        0.465ns  (logic 0.164ns (35.305%)  route 0.301ns (64.695%))
  Logic Levels:           0  
  Clock Path Skew:        0.038ns (DCD - SCD - CPR)
    Destination Clock Delay (DCD):    1.980ns
    Source Clock Delay      (SCD):    1.464ns
    Clock Pessimism Removal (CPR):    0.478ns

    Location             Delay type                Incr(ns)  Path(ns)    Netlist Resource(s)
  -------------------------------------------------------------------    -------------------
                         (clock sys_clk_pin rise edge)
                                                      0.000     0.000 r  
    W5                                                0.000     0.000 r  CLOCK (IN)
                         net (fo=0)                   0.000     0.000    CLOCK
    W5                   IBUF (Prop_ibuf_I_O)         0.226     0.226 r  CLOCK_IBUF_inst/O
                         net (fo=1, routed)           0.631     0.858    CLOCK_IBUF
    BUFGCTRL_X0Y0        BUFG (Prop_bufg_I_O)         0.026     0.884 r  CLOCK_IBUF_BUFG_inst/O
                         net (fo=4568, routed)        0.581     1.464    nicmodule/CLOCK_IBUF_BUFG
    SLICE_X6Y78          FDRE                                         r  nicmodule/rng_init_reg/C
  -------------------------------------------------------------------    -------------------
    SLICE_X6Y78          FDRE (Prop_fdre_C_Q)         0.164     1.628 f  nicmodule/rng_init_reg/Q
                         net (fo=16, routed)          0.301     1.929    nicmodule/u_lfsr/rng_init
    SLICE_X0Y79          FDCE                                         f  nicmodule/u_lfsr/q_reg[3]/CLR
  -------------------------------------------------------------------    -------------------

                         (clock sys_clk_pin rise edge)
                                                      0.000     0.000 r  
    W5                                                0.000     0.000 r  CLOCK (IN)
                         net (fo=0)                   0.000     0.000    CLOCK
    W5                   IBUF (Prop_ibuf_I_O)         0.414     0.414 r  CLOCK_IBUF_inst/O
                         net (fo=1, routed)           0.685     1.099    CLOCK_IBUF
    BUFGCTRL_X0Y0        BUFG (Prop_bufg_I_O)         0.029     1.128 r  CLOCK_IBUF_BUFG_inst/O
                         net (fo=4568, routed)        0.852     1.980    nicmodule/u_lfsr/CLOCK_IBUF_BUFG
    SLICE_X0Y79          FDCE                                         r  nicmodule/u_lfsr/q_reg[3]/C
                         clock pessimism             -0.478     1.502    
    SLICE_X0Y79          FDCE (Remov_fdce_C_CLR)     -0.092     1.410    nicmodule/u_lfsr/q_reg[3]
  -------------------------------------------------------------------
                         required time                         -1.410    
                         arrival time                           1.929    
  -------------------------------------------------------------------
                         slack                                  0.519    

Slack (MET) :             0.521ns  (arrival time - required time)
  Source:                 msemd/right_reg/C
                            (rising edge-triggered cell FDRE clocked by sys_clk_pin  {rise@0.000ns fall@5.000ns period=10.000ns})
  Destination:            t20_i_30/CLR
                            (removal check against rising-edge clock sys_clk_pin  {rise@0.000ns fall@5.000ns period=10.000ns})
  Path Group:             **async_default**
  Path Type:              Removal (Min at Fast Process Corner)
  Requirement:            0.000ns  (sys_clk_pin rise@0.000ns - sys_clk_pin rise@0.000ns)
  Data Path Delay:        0.444ns  (logic 0.141ns (31.723%)  route 0.303ns (68.277%))
  Logic Levels:           0  
  Clock Path Skew:        0.015ns (DCD - SCD - CPR)
    Destination Clock Delay (DCD):    2.046ns
    Source Clock Delay      (SCD):    1.529ns
    Clock Pessimism Removal (CPR):    0.502ns

    Location             Delay type                Incr(ns)  Path(ns)    Netlist Resource(s)
  -------------------------------------------------------------------    -------------------
                         (clock sys_clk_pin rise edge)
                                                      0.000     0.000 r  
    W5                                                0.000     0.000 r  CLOCK (IN)
                         net (fo=0)                   0.000     0.000    CLOCK
    W5                   IBUF (Prop_ibuf_I_O)         0.226     0.226 r  CLOCK_IBUF_inst/O
                         net (fo=1, routed)           0.631     0.858    CLOCK_IBUF
    BUFGCTRL_X0Y0        BUFG (Prop_bufg_I_O)         0.026     0.884 r  CLOCK_IBUF_BUFG_inst/O
                         net (fo=4568, routed)        0.645     1.529    msemd/CLOCK_IBUF_BUFG
    SLICE_X15Y108        FDRE                                         r  msemd/right_reg/C
  -------------------------------------------------------------------    -------------------
    SLICE_X15Y108        FDRE (Prop_fdre_C_Q)         0.141     1.670 f  msemd/right_reg/Q
                         net (fo=823, routed)         0.303     1.973    LED_OBUF[13]
    SLICE_X15Y111        FDCE                                         f  t20_i_30/CLR
  -------------------------------------------------------------------    -------------------

                         (clock sys_clk_pin rise edge)
                                                      0.000     0.000 r  
    W5                                                0.000     0.000 r  CLOCK (IN)
                         net (fo=0)                   0.000     0.000    CLOCK
    W5                   IBUF (Prop_ibuf_I_O)         0.414     0.414 r  CLOCK_IBUF_inst/O
                         net (fo=1, routed)           0.685     1.099    CLOCK_IBUF
    BUFGCTRL_X0Y0        BUFG (Prop_bufg_I_O)         0.029     1.128 r  CLOCK_IBUF_BUFG_inst/O
                         net (fo=4568, routed)        0.918     2.046    CLOCK_IBUF_BUFG
    SLICE_X15Y111        FDCE                                         r  t20_i_30/C
                         clock pessimism             -0.502     1.544    
    SLICE_X15Y111        FDCE (Remov_fdce_C_CLR)     -0.092     1.452    t20_i_30
  -------------------------------------------------------------------
                         required time                         -1.452    
                         arrival time                           1.973    
  -------------------------------------------------------------------
                         slack                                  0.521    

Slack (MET) :             0.522ns  (arrival time - required time)
  Source:                 nicmodule/rng_init_reg/C
                            (rising edge-triggered cell FDRE clocked by sys_clk_pin  {rise@0.000ns fall@5.000ns period=10.000ns})
  Destination:            nicmodule/u_lfsr/q_reg[14]/PRE
                            (removal check against rising-edge clock sys_clk_pin  {rise@0.000ns fall@5.000ns period=10.000ns})
  Path Group:             **async_default**
  Path Type:              Removal (Min at Fast Process Corner)
  Requirement:            0.000ns  (sys_clk_pin rise@0.000ns - sys_clk_pin rise@0.000ns)
  Data Path Delay:        0.465ns  (logic 0.164ns (35.305%)  route 0.301ns (64.695%))
  Logic Levels:           0  
  Clock Path Skew:        0.038ns (DCD - SCD - CPR)
    Destination Clock Delay (DCD):    1.980ns
    Source Clock Delay      (SCD):    1.464ns
    Clock Pessimism Removal (CPR):    0.478ns

    Location             Delay type                Incr(ns)  Path(ns)    Netlist Resource(s)
  -------------------------------------------------------------------    -------------------
                         (clock sys_clk_pin rise edge)
                                                      0.000     0.000 r  
    W5                                                0.000     0.000 r  CLOCK (IN)
                         net (fo=0)                   0.000     0.000    CLOCK
    W5                   IBUF (Prop_ibuf_I_O)         0.226     0.226 r  CLOCK_IBUF_inst/O
                         net (fo=1, routed)           0.631     0.858    CLOCK_IBUF
    BUFGCTRL_X0Y0        BUFG (Prop_bufg_I_O)         0.026     0.884 r  CLOCK_IBUF_BUFG_inst/O
                         net (fo=4568, routed)        0.581     1.464    nicmodule/CLOCK_IBUF_BUFG
    SLICE_X6Y78          FDRE                                         r  nicmodule/rng_init_reg/C
  -------------------------------------------------------------------    -------------------
    SLICE_X6Y78          FDRE (Prop_fdre_C_Q)         0.164     1.628 f  nicmodule/rng_init_reg/Q
                         net (fo=16, routed)          0.301     1.929    nicmodule/u_lfsr/rng_init
    SLICE_X0Y79          FDPE                                         f  nicmodule/u_lfsr/q_reg[14]/PRE
  -------------------------------------------------------------------    -------------------

                         (clock sys_clk_pin rise edge)
                                                      0.000     0.000 r  
    W5                                                0.000     0.000 r  CLOCK (IN)
                         net (fo=0)                   0.000     0.000    CLOCK
    W5                   IBUF (Prop_ibuf_I_O)         0.414     0.414 r  CLOCK_IBUF_inst/O
                         net (fo=1, routed)           0.685     1.099    CLOCK_IBUF
    BUFGCTRL_X0Y0        BUFG (Prop_bufg_I_O)         0.029     1.128 r  CLOCK_IBUF_BUFG_inst/O
                         net (fo=4568, routed)        0.852     1.980    nicmodule/u_lfsr/CLOCK_IBUF_BUFG
    SLICE_X0Y79          FDPE                                         r  nicmodule/u_lfsr/q_reg[14]/C
                         clock pessimism             -0.478     1.502    
    SLICE_X0Y79          FDPE (Remov_fdpe_C_PRE)     -0.095     1.407    nicmodule/u_lfsr/q_reg[14]
  -------------------------------------------------------------------
                         required time                         -1.407    
                         arrival time                           1.929    
  -------------------------------------------------------------------
                         slack                                  0.522    

Slack (MET) :             0.522ns  (arrival time - required time)
  Source:                 nicmodule/rng_init_reg/C
                            (rising edge-triggered cell FDRE clocked by sys_clk_pin  {rise@0.000ns fall@5.000ns period=10.000ns})
  Destination:            nicmodule/u_lfsr/q_reg[15]/PRE
                            (removal check against rising-edge clock sys_clk_pin  {rise@0.000ns fall@5.000ns period=10.000ns})
  Path Group:             **async_default**
  Path Type:              Removal (Min at Fast Process Corner)
  Requirement:            0.000ns  (sys_clk_pin rise@0.000ns - sys_clk_pin rise@0.000ns)
  Data Path Delay:        0.465ns  (logic 0.164ns (35.305%)  route 0.301ns (64.695%))
  Logic Levels:           0  
  Clock Path Skew:        0.038ns (DCD - SCD - CPR)
    Destination Clock Delay (DCD):    1.980ns
    Source Clock Delay      (SCD):    1.464ns
    Clock Pessimism Removal (CPR):    0.478ns

    Location             Delay type                Incr(ns)  Path(ns)    Netlist Resource(s)
  -------------------------------------------------------------------    -------------------
                         (clock sys_clk_pin rise edge)
                                                      0.000     0.000 r  
    W5                                                0.000     0.000 r  CLOCK (IN)
                         net (fo=0)                   0.000     0.000    CLOCK
    W5                   IBUF (Prop_ibuf_I_O)         0.226     0.226 r  CLOCK_IBUF_inst/O
                         net (fo=1, routed)           0.631     0.858    CLOCK_IBUF
    BUFGCTRL_X0Y0        BUFG (Prop_bufg_I_O)         0.026     0.884 r  CLOCK_IBUF_BUFG_inst/O
                         net (fo=4568, routed)        0.581     1.464    nicmodule/CLOCK_IBUF_BUFG
    SLICE_X6Y78          FDRE                                         r  nicmodule/rng_init_reg/C
  -------------------------------------------------------------------    -------------------
    SLICE_X6Y78          FDRE (Prop_fdre_C_Q)         0.164     1.628 f  nicmodule/rng_init_reg/Q
                         net (fo=16, routed)          0.301     1.929    nicmodule/u_lfsr/rng_init
    SLICE_X0Y79          FDPE                                         f  nicmodule/u_lfsr/q_reg[15]/PRE
  -------------------------------------------------------------------    -------------------

                         (clock sys_clk_pin rise edge)
                                                      0.000     0.000 r  
    W5                                                0.000     0.000 r  CLOCK (IN)
                         net (fo=0)                   0.000     0.000    CLOCK
    W5                   IBUF (Prop_ibuf_I_O)         0.414     0.414 r  CLOCK_IBUF_inst/O
                         net (fo=1, routed)           0.685     1.099    CLOCK_IBUF
    BUFGCTRL_X0Y0        BUFG (Prop_bufg_I_O)         0.029     1.128 r  CLOCK_IBUF_BUFG_inst/O
                         net (fo=4568, routed)        0.852     1.980    nicmodule/u_lfsr/CLOCK_IBUF_BUFG
    SLICE_X0Y79          FDPE                                         r  nicmodule/u_lfsr/q_reg[15]/C
                         clock pessimism             -0.478     1.502    
    SLICE_X0Y79          FDPE (Remov_fdpe_C_PRE)     -0.095     1.407    nicmodule/u_lfsr/q_reg[15]
  -------------------------------------------------------------------
                         required time                         -1.407    
                         arrival time                           1.929    
  -------------------------------------------------------------------
                         slack                                  0.522    

Slack (MET) :             0.668ns  (arrival time - required time)
  Source:                 msemd/right_reg/C
                            (rising edge-triggered cell FDRE clocked by sys_clk_pin  {rise@0.000ns fall@5.000ns period=10.000ns})
  Destination:            vetrimodule/plotmd/eqn2_coef/x3mod/prev_reg[4]/CLR
                            (removal check against rising-edge clock sys_clk_pin  {rise@0.000ns fall@5.000ns period=10.000ns})
  Path Group:             **async_default**
  Path Type:              Removal (Min at Fast Process Corner)
  Requirement:            0.000ns  (sys_clk_pin rise@0.000ns - sys_clk_pin rise@0.000ns)
  Data Path Delay:        0.588ns  (logic 0.141ns (23.979%)  route 0.447ns (76.021%))
  Logic Levels:           0  
  Clock Path Skew:        0.012ns (DCD - SCD - CPR)
    Destination Clock Delay (DCD):    2.043ns
    Source Clock Delay      (SCD):    1.529ns
    Clock Pessimism Removal (CPR):    0.502ns

    Location             Delay type                Incr(ns)  Path(ns)    Netlist Resource(s)
  -------------------------------------------------------------------    -------------------
                         (clock sys_clk_pin rise edge)
                                                      0.000     0.000 r  
    W5                                                0.000     0.000 r  CLOCK (IN)
                         net (fo=0)                   0.000     0.000    CLOCK
    W5                   IBUF (Prop_ibuf_I_O)         0.226     0.226 r  CLOCK_IBUF_inst/O
                         net (fo=1, routed)           0.631     0.858    CLOCK_IBUF
    BUFGCTRL_X0Y0        BUFG (Prop_bufg_I_O)         0.026     0.884 r  CLOCK_IBUF_BUFG_inst/O
                         net (fo=4568, routed)        0.645     1.529    msemd/CLOCK_IBUF_BUFG
    SLICE_X15Y108        FDRE                                         r  msemd/right_reg/C
  -------------------------------------------------------------------    -------------------
    SLICE_X15Y108        FDRE (Prop_fdre_C_Q)         0.141     1.670 f  msemd/right_reg/Q
                         net (fo=823, routed)         0.447     2.117    vetrimodule/plotmd/eqn2_coef/x3mod/LED_OBUF[0]
    SLICE_X15Y114        FDCE                                         f  vetrimodule/plotmd/eqn2_coef/x3mod/prev_reg[4]/CLR
  -------------------------------------------------------------------    -------------------

                         (clock sys_clk_pin rise edge)
                                                      0.000     0.000 r  
    W5                                                0.000     0.000 r  CLOCK (IN)
                         net (fo=0)                   0.000     0.000    CLOCK
    W5                   IBUF (Prop_ibuf_I_O)         0.414     0.414 r  CLOCK_IBUF_inst/O
                         net (fo=1, routed)           0.685     1.099    CLOCK_IBUF
    BUFGCTRL_X0Y0        BUFG (Prop_bufg_I_O)         0.029     1.128 r  CLOCK_IBUF_BUFG_inst/O
                         net (fo=4568, routed)        0.915     2.043    vetrimodule/plotmd/eqn2_coef/x3mod/CLOCK_IBUF_BUFG
    SLICE_X15Y114        FDCE                                         r  vetrimodule/plotmd/eqn2_coef/x3mod/prev_reg[4]/C
                         clock pessimism             -0.502     1.541    
    SLICE_X15Y114        FDCE (Remov_fdce_C_CLR)     -0.092     1.449    vetrimodule/plotmd/eqn2_coef/x3mod/prev_reg[4]
  -------------------------------------------------------------------
                         required time                         -1.449    
                         arrival time                           2.117    
  -------------------------------------------------------------------
                         slack                                  0.668    





